,Code,Close_ratio
0,5930,-15.38310891
1,660,-17.70671082
2,207940,-62.51279341
3,35420,-12.78117898
4,68270,-96.64430679
5,5935,-11.26723956
6,51910,-1.765819608
7,6400,8.160218614
8,35720,42.76014865
9,28260,-49.86740469
10,51900,-34.71656619
11,5380,28.05992361
12,34730,-81.65877679
13,36570,-91.62214634
14,12330,-16.27787742
15,17670,-30.29827587
16,91990,-61.40446642
17,5490,11.8237037
18,105560,-7.296962697
19,55550,-15.40355108
20,18260,-60.62384785
21,270,36.91852017
22,15760,-38.38533423
23,3550,-34.38148133
24,96770,21.82000125
25,33780,-63.39778129
26,66570,31.83190305
27,90430,-17.21848912
28,9150,-28.5281607
29,32830,1.216028961
30,251270,-32.02530099
31,810,-40.76216007
32,86790,-3.398914224
33,10950,-9.252581752
34,316140,-35.69138347
35,10130,-36.91336852
36,9540,-15.02400442
37,30200,-30.60074074
38,11170,-12.19383986
39,24110,-21.07722479
40,21240,-61.78725775
41,32640,-40.16297261
42,271560,-99.41980935
43,97950,-24.70920864
44,28300,-142.5886463
45,18880,3.45894327
46,180640,-90.37517452
47,35250,-40.9509569
48,3670,27.58813951
49,68760,-39.480684
50,6800,-26.70058667
51,2790,-42.18427778
52,11070,-37.99788075
53,34220,18.30196221
54,88980,-50.22975856
55,267250,-22.55010672
56,86280,14.35508063
57,10140,-56.37823039
58,196170,-86.31855338
59,720,0.026531987
60,120,-56.92391714
61,100,-35.11962072
62,78930,-38.2223023
63,4990,-38.62542104
64,12750,-84.7503351
65,29780,-40.61934132
66,9830,36.31300625
67,80,-104.887097
68,161390,15.91699405
69,5830,-37.8961422
70,12510,-111.9512371
71,96530,-20.82688232
72,139480,-16.28249074
73,42660,-33.14419178
74,128940,-25.87582203
75,210,-201.2762903
76,263750,-0.310457803
77,7070,-66.31441138
78,8770,-29.08282551
79,4020,32.67731568
80,241560,3.373475309
81,3410,-7.712361943
82,32500,-108.6241391
83,247540,4.175657659
84,1040,-42.23578262
85,71050,23.80883136
86,253450,-48.59002933
87,35760,-6.467930832
88,36460,-25.21511994
89,282330,-36.56273187
90,28050,9.610072834
91,16360,-3.379106003
92,5940,-13.05704967
93,47810,-27.30620286
94,11790,32.7274481
95,20150,-19.82313141
96,11780,40.007908
97,23530,-21.38555075
98,95700,-75.54504941
99,4370,-105.6040593
100,8930,24.71003058
101,3000,-169.3656078
102,4170,-36.20226503
103,81660,-6.356975945
104,36490,-0.17187878
105,5387,12.74380419
106,8560,-11.89581041
107,1450,-58.37154394
108,28670,21.11633263
109,145020,-20.32409267
110,9240,-48.30822909
111,7310,-77.28481493
112,140410,-188.2115016
113,6360,5.546768918
114,39490,0.948291139
115,51915,-14.96257666
116,30000,-14.99731684
117,17800,-53.15453426
118,336260,3.171982163
119,240810,-26.75342593
120,6280,20.54738599
121,58470,-13.54896275
122,47050,-5.584492132
123,880,-23.03023389
124,3490,73.51329356
125,84990,-165.5111991
126,138930,-14.070241
127,181710,-74.87241496
128,19170,38.07153144
129,3090,-2.605144781
130,26960,8.354472374
131,69620,-35.85301464
132,51905,-67.131542
133,42670,
134,78340,-67.656143
135,285130,12.91529146
136,11200,82.75118094
137,9420,-128.3644171
138,192080,-136.1231022
139,5290,-73.27488592
140,60,-3.059716949
141,10120,-51.11429669
142,14680,9.092689264
143,298380,-144.9854263
144,47040,23.91328395
145,7700,-758.4908327
146,294870,-18.12824456
147,98460,-48.19545596
148,5385,15.86988873
149,84850,-104.854334
150,4800,-7.523716649
151,69960,-13.60012543
152,51600,-19.55759194
153,64350,13.06306247
154,990,18.46518756
155,138040,21.80592593
156,10620,36.84398
157,12450,7.6963026
158,34020,78.57886655
159,7570,-197.7985732
160,34230,-30.07221608
161,240,-9.960547559
162,200130,-42.03247727
163,9410,-332.2651882
164,2380,31.71791903
165,88350,36.12795581
166,185750,-33.06039245
167,1740,-39.00216808
168,16380,-16.0864405
169,56190,-33.18082628
170,39030,-40.04470588
171,13890,-24.89100053
172,60250,-40.43166321
173,5250,-24.11912675
174,111770,-0.88639306
175,31430,-35.72233842
176,6260,13.3182172
177,30190,-28.22449461
178,5690,-78.78169166
179,41960,-175.3999391
180,235980,-33.43984013
181,86450,-51.08789493
182,204320,40.72961738
183,85660,-20.17324793
184,336370,-14.49247775
185,64760,24.24536449
186,3520,-66.12053091
187,192820,-31.6586531
188,272210,46.52928457
189,161890,-29.5279387
190,3230,-144.7183554
191,330590,-15.39484332
192,11210,39.97061996
193,175330,-11.01079534
194,32350,-16.83906259
195,214150,-37.85041097
196,278280,12.01643878
197,71840,-89.65292779
198,1680,-64.27800067
199,214320,-19.43880135
200,23590,-23.1374243
201,4000,7.949290685
202,3690,-31.77208949
203,10060,44.46769425
204,67630,-63.93825457
205,86900,-3.544304413
206,10780,18.34990984
207,73240,33.70285952
208,120110,29.93913091
209,218410,-61.24934789
210,139130,3.100887296
211,20000,-43.70991247
212,20560,
213,670,-26.06348389
214,178920,7.815690236
215,1800,-37.56536548
216,36540,-17.80353185
217,25980,-72.18129138
218,5300,-10.48629622
219,250,-15.51272796
220,213420,-4.419298246
221,34310,-96.25590357
222,3850,-15.04155277
223,114090,-36.10395284
224,307950,62.57676952
225,46890,-24.83907212
226,268600,17.81907918
227,204270,-135.7188119
228,3240,-5.267070707
229,69080,-24.78584096
230,57050,-24.85139299
231,66970,47.770709
232,183490,-65.17253194
233,1060,-107.3058831
234,82270,-57.63892977
235,5440,-26.80981774
236,284740,-30.94910743
237,35900,7.693539324
238,237690,36.88268667
239,90435,-42.12297473
240,290650,-73.84799627
241,93370,-31.00478307
242,6120,-30.18088357
243,214370,-77.37789836
244,101490,-86.87964999
245,6040,-34.44370652
246,6650,16.26956738
247,170900,-77.99308183
248,78130,-76.64028498
249,67160,6.340471833
250,112610,60.82592639
251,39200,-9.543779338
252,108230,-164.5288889
253,28150,
254,49770,-38.45225471
255,241590,-13.87239715
256,112040,-27.90236618
257,18670,-6.675323356
258,271980,-86.84496652
259,8350,-184.0980408
260,122870,-26.70909666
261,280360,-34.33356331
262,83790,-118.9206877
263,141080,7.217896657
264,25900,20.41403192
265,92190,-85.38269523
266,33640,-19.37074074
267,79550,-24.63080749
268,17810,-48.87189163
269,86520,-35.57331574
270,90460,-64.86879457
271,69260,-20.34361469
272,22100,12.44176186
273,33660,-61.83797592
274,115450,-254.9369132
275,65660,-75.86451633
276,150,29.97493711
277,108320,44.019654
278,84370,-6.278714741
279,3380,-13.36952381
280,78070,-187.1658354
281,267980,-80.68726175
282,18250,-50.7013064
283,8490,-70.29346192
284,103140,-1.004040581
285,35600,-78.80761708
286,95660,-92.4217067
287,115390,-47.37803207
288,1120,12.10632004
289,1630,-96.85870801
290,81000,-73.68369422
291,5180,-66.64765432
292,640,-34.03310346
293,88800,-25.77311051
294,178320,-31.24388546
295,230360,-27.26638261
296,108670,-15.35576504
297,52690,47.6180418
298,1440,61.57007021
299,41510,27.30675142
300,284620,-148.8575116
301,286940,-58.65257718
302,92040,-17.49193084
303,192400,-12.98036013
304,294140,-200.3243975
305,97520,-15.5221097
306,64960,5.862489306
307,1820,-55.880484
308,7390,47.44089928
309,58820,-33.01737297
310,5610,-26.54462729
311,14820,17.13790013
312,144510,9.334856631
313,174900,-163.4718535
314,243070,-40.33414169
315,39130,14.60704639
316,151910,1.859509231
317,60720,-81.30745598
318,9450,2.11916722
319,2320,-45.40346551
320,9970,-41.118586
321,192650,-18.99480433
322,214450,-1.303649733
323,3470,4.506168741
324,3800,-75.60454342
325,2350,11.32459259
326,7460,-110.5512247
327,32620,-100.2168196
328,263050,-83.31389015
329,78600,-21.4773427
330,210980,-30.50577003
331,298050,54.36050952
332,400,-43.61386872
333,12630,-15.34412813
334,36810,-52.14092113
335,1230,57.89780447
336,36420,-12.5228021
337,140,-124.4487542
338,138080,-85.80005291
339,53800,-22.56259569
340,00680K,-31.80230453
341,102710,-72.89891462
342,42000,-55.14972612
343,52260,-156.9375521
344,31390,-66.16830639
345,3540,13.74349142
346,70,9.030789341
347,298020,78.05389959
348,97230,-20.18408535
349,126560,-65.72894244
350,3620,
351,33290,-51.83596045
352,32190,-39.63564902
353,91700,-50.0692735
354,48410,36.66064493
355,6390,-21.89439586
356,85620,-9.190273451
357,48530,0.00923409
358,82640,8.680163729
359,20,-83.11371435
360,46440,-92.08357503
361,3060,-60.16865597
362,200230,-95.7240289
363,131970,-14.79302212
364,281820,-27.42631628
365,84680,-97.24410754
366,215000,8.495064835
367,26890,-27.8707802
368,68240,-25.13745086
369,138250,-63.12614815
370,45390,-71.04245114
371,79160,28.71292159
372,89980,-3.456032623
373,66575,43.64335828
374,29960,-54.84617886
375,41140,-66.13912198
376,267270,30.16054651
377,48260,53.31386951
378,34830,-27.03364721
379,245620,-70.54761529
380,4490,44.63983047
381,272290,-17.11635582
382,89590,23.32295571
383,78160,-46.65693907
384,95610,-19.80779306
385,215200,9.064387883
386,105630,23.90511853
387,5880,34.23793437
388,145720,-2.170377219
389,2390,-89.86981448
390,230240,-131.0447218
391,1510,-50.71694743
392,23890,
393,145990,-11.19700656
394,268280,21.64278157
395,206640,-34.44148711
396,27410,-12.27252141
397,166090,21.58722129
398,53030,-5.003723041
399,182400,-39.00420237
400,199800,19.32808299
401,1720,-15.40123571
402,33180,-50.52507773
403,815,-33.1968222
404,12610,-135.344744
405,131370,-38.62911915
406,2270,-30.49346175
407,15350,-2.729665588
408,319660,-6.729227417
409,1880,11.88801782
410,24720,-22.96207536
411,33270,23.80044733
412,10050,24.07393076
413,39840,-6.151922441
414,192440,-93.11850809
415,42700,59.47615625
416,72710,-80.04470352
417,353200,15.78485425
418,6060,-54.22470075
419,102940,-84.35607489
420,53210,-30.09079621
421,30520,-11.0381407
422,6730,-28.33438204
423,71320,-30.80323725
424,94800,-45.5808647
425,5500,-72.20687161
426,53580,-37.3693251
427,14830,4.665061092
428,293480,-64.70955097
429,122990,-78.99143828
430,9290,-37.44553503
431,119860,-61.84991228
432,1430,43.53379133
433,25860,-25.33019202
434,74600,19.28140041
435,5070,21.33101381
436,19680,-42.68224883
437,93050,-7.024792065
438,8730,-15.32270662
439,84110,21.23289088
440,88260,-61.5855478
441,321550,-26.70919568
442,6405,10.31211005
443,4700,-71.59487876
444,263720,-16.37682349
445,2840,41.40542891
446,97780,-58.00489195
447,249420,-61.74670302
448,96760,-94.95834572
449,61970,-5.811555556
450,3530,39.12515109
451,44340,-53.48489377
452,82920,-81.32805759
453,293940,-44.092972
454,30530,-17.91623055
455,3220,-74.80587796
456,79430,-52.12093865
457,123890,-3.163508284
458,99190,-45.65739585
459,104830,-36.88558179
460,38500,6.739403258
461,17390,15.91215481
462,214870,-81.66790394
463,229500,-139.0904176
464,226320,0.502696403
465,89030,-16.81553719
466,253840,-68.41107994
467,228760,-114.7722646
468,38540,-38.11287226
469,300720,46.00661345
470,265520,-29.41780811
471,293780,8.096636411
472,237880,-33.9972172
473,73490,-67.31745028
474,25770,-62.75912451
475,222800,23.27753188
476,66700,-114.0231091
477,298000,47.09422222
478,25540,44.30051779
479,38290,-45.37218117
480,213500,-50.4659735
481,50,-49.74500845
482,100120,-56.04961674
483,68400,10.0373844
484,17960,-11.29478743
485,140860,33.68142838
486,2210,-114.8151171
487,60150,7.053009219
488,205470,11.6370872
489,17890,-77.53616704
490,34950,-42.68527946
491,16800,-23.66725556
492,89970,5.557697119
493,11000,73.52192703
494,52020,-104.4126532
495,290510,13.73386734
496,136480,-55.48246329
497,183300,20.80044247
498,122900,-45.51282312
499,194700,-38.09304708
500,322000,-53.89259259
501,37560,22.07676141
502,272450,42.60879293
503,207760,-99.99187842
504,23900,-119.3217522
505,100130,-60.86216216
506,4430,-17.11270361
507,226950,10.37918893
508,78590,
509,34120,32.09411665
510,2240,6.829134348
511,7810,-64.85133655
512,50890,-36.30439427
513,43150,3.936104436
514,1725,-15.68082909
515,234080,-72.73510351
516,143160,-84.53221192
517,370,6.487907312
518,2620,-30.61871789
519,2960,-42.24956511
520,13120,6.410619278
521,298060,-35.9459326
522,18290,-65.35810494
523,109820,-100.6241249
524,39860,-120.7960272
525,51370,-57.65797147
526,131290,20.25010745
527,228670,-28.46877606
528,87010,-97.84938582
529,84690,-21.12046147
530,153710,-168.2897898
531,950180,-15.75750746
532,59090,-15.58347306
533,148150,-98.87884462
534,93320,-52.5630933
535,244460,-64.0161684
536,58650,-19.45392593
537,480,-39.1032001
538,2780,-28.19727211
539,60570,-50.39205866
540,267260,32.19842071
541,111710,-120.2412469
542,214610,-76.08921343
543,1520,6.287972098
544,299660,61.81723608
545,23410,-9.918396753
546,239610,-136.1821867
547,131390,-50.19692717
548,222080,23.77181535
549,65530,-108.4704391
550,60980,4.101543336
551,95720,-3.545466208
552,35810,-45.40772666
553,1130,-61.20874115
554,314130,7.64323483
555,102460,43.86760736
556,77500,-45.05680615
557,1200,-9.786241997
558,3300,-22.9096888
559,119610,-41.44061749
560,200670,-36.66705839
561,10170,-71.29423922
562,4690,-25.11752359
563,216050,-5.655491314
564,344820,51.98509745
565,36930,36.28551493
566,92730,-65.77143704
567,175250,-28.40604981
568,298040,30.18369964
569,143240,2.890467488
570,152330,
571,39560,-20.08819502
572,166480,-58.71733333
573,16580,-11.87124816
574,2310,5.333168429
575,52710,-57.9405764
576,2150,-47.73971172
577,123420,-98.71222601
578,65680,-61.37637589
579,101060,-55.5562963
580,57500,
581,00088K,-32.40712454
582,64550,15.22863756
583,308170,-99.88837093
584,137400,17.18685954
585,179900,-77.02255121
586,220630,3.167778177
587,300120,-81.5045322
588,86390,5.010965579
589,11040,-30.93601827
590,36800,-24.1715515
591,03473K,-213.8242986
592,82800,-76.97965395
593,195870,35.87178451
594,29460,-22.79365706
595,270870,-25.92214265
596,110790,-8.216363636
597,243840,-15.35954321
598,288620,-93.8417107
599,2100,-36.28575149
600,67000,13.61143414
601,78020,3.420896216
602,00104K,-16.00602436
603,232140,15.07466827
604,78520,-60.44628032
605,5390,16.60290675
606,101530,-52.14386996
607,36530,-22.36710506
608,200710,-41.05322849
609,234340,-33.39349678
610,288330,-69.13575032
611,272550,-10.18079394
612,6840,-0.888829811
613,7340,-4.458250289
614,89600,-9.234588514
615,225570,-24.63834959
616,29530,-25.01268209
617,9680,-6.819284656
618,2990,7.519034121
619,64260,0.949185946
620,1500,-0.052483874
621,47310,-28.92235222
622,2810,-35.89523312
623,00279K,-30.3975196
624,84650,-52.56617672
625,161580,-80.66708875
626,92130,-63.25912864
627,75580,2.393654386
628,45970,-54.2949787
629,123690,-120.2547148
630,11930,28.64586399
631,17940,-8.766483132
632,11280,-20.8141483
633,67080,-68.74812016
634,39440,-51.01457642
635,40350,-136.3093969
636,251370,-21.33619952
637,95340,-4.177069039
638,148140,-379.399178
639,86820,-60.82469136
640,74610,-86.36244523
641,40910,-44.77314451
642,25000,-23.54934539
643,41190,37.77112338
644,33500,-11.78765974
645,136490,2.756988491
646,3560,-43.2581472
647,236200,-104.8896485
648,1360,31.23915987
649,142280,-78.83643192
650,79980,-2.393267417
651,282880,-83.79592065
652,94280,-55.39589437
653,256940,-26.89724502
654,2020,8.747786391
655,4710,-34.86921469
656,15860,-34.56922116
657,317330,10.90711019
658,30610,31.12952093
659,3545,12.02876486
660,206650,72.93848044
661,53610,-32.67494862
662,191420,-76.8177844
663,36580,-48.06730926
664,15750,33.62685894
665,214260,-33.93985488
666,121440,-2.109345372
667,41830,6.568162865
668,37710,-22.50447272
669,63570,-52.42415398
670,35890,19.78003765
671,4380,-35.70627014
672,214390,-19.63022886
673,16590,-6.484505965
674,16710,37.98843476
675,63160,-18.16823381
676,3070,38.31258292
677,91120,-25.53769074
678,189300,18.67234808
679,216080,41.61603175
680,60280,-17.16486607
681,12690,-79.4195942
682,68290,17.43140676
683,25320,-39.20055375
684,115960,-7.182494438
685,201490,-90.32664906
686,6620,-37.57234986
687,183190,25.32569907
688,278650,-76.32368683
689,45520,-147.3516883
690,121600,-9.304801799
691,125210,-66.55522634
692,5810,-25.70351649
693,54780,-40.57971559
694,217730,-124.0544791
695,1940,4.422815525
696,54950,-66.73162388
697,31330,13.78777126
698,121800,11.58939526
699,115180,
700,5420,-16.92864196
701,5720,-24.11772142
702,248170,-34.63159334
703,161000,2.629252295
704,3120,-59.90946042
705,35510,-8.524672365
706,15360,-57.21891261
707,900140,3.310964433
708,67290,-59.43357191
709,3920,33.86777778
710,27050,-81.34034269
711,104700,23.95332105
712,37070,-33.18294753
713,263690,-122.3036202
714,251970,-21.54533866
715,67900,-22.34461111
716,214420,-115.6003217
717,298690,
718,6490,-5.980664016
719,31440,9.651873746
720,89010,5.251174148
721,229640,-18.2941259
722,32850,-101.5458201
723,7690,24.38882593
724,49950,-29.34334988
725,16250,-148.1360319
726,80160,29.72667088
727,144960,-28.51608346
728,970,-53.58033589
729,234690,-66.63825487
730,4360,-22.13608609
731,5960,-8.075056462
732,3350,-111.5260808
733,95190,-55.94122202
734,18120,-58.95817906
735,91590,-141.1351776
736,14620,-25.41845871
737,60590,-78.08765326
738,21050,-157.505998
739,9520,9.3071464
740,123860,-26.07701664
741,70960,-18.64252492
742,79940,-49.74317773
743,155650,-104.3083671
744,23160,-16.13850918
745,264450,-37.49696484
746,104480,51.4457797
747,37270,12.08491885
748,290670,-31.71009954
749,42520,-105.2953392
750,1270,-27.25049818
751,430,-27.74657767
752,80420,-2.053921621
753,49070,36.52455543
754,126880,-105.5221874
755,289080,-45.21949843
756,3580,51.51508977
757,58400,-20.55020218
758,63080,-29.75164844
759,302430,-95.24429793
760,71055,34.09982066
761,256630,-44.36768687
762,83550,-193.4207672
763,72520,4.24951208
764,53300,-28.0604401
765,136540,-51.52376125
766,61040,-18.88024486
767,228850,-38.56275132
768,97955,-15.04907231
769,44450,-9.730502058
770,4310,-38.92964299
771,43610,20.70476952
772,302550,-93.79524818
773,51500,21.13263821
774,36200,27.23914012
775,225530,-19.05340917
776,50110,-91.61918709
777,9580,13.47326027
778,54620,1.666687295
779,130580,-90.29675108
780,241790,-75.85860774
781,92230,-3.260697471
782,1790,1.860280393
783,67990,-26.53738965
784,950110,-56.7062757
785,13030,-27.22930775
786,36890,-4.341950617
787,23910,-48.65456292
788,238090,
789,290720,-70.71726539
790,83450,-20.78064629
791,15590,-114.8624343
792,67280,-33.05374633
793,311690,-126.3042463
794,11760,-14.52032556
795,37460,-30.88188928
796,109960,-77.82066829
797,7110,-60.54910161
798,47400,-80.74493612
799,267850,
800,123040,-18.34515936
801,74430,-4.901693925
802,84010,47.95175069
803,91090,-108.21904
804,36030,28.34280731
805,86890,44.43428008
806,139670,-22.23892035
807,7540,-78.75603508
808,226330,-35.65177529
809,122450,52.0601075
810,54050,-39.50279713
811,45100,7.193216636
812,65450,-48.9778317
813,16450,24.48400105
814,65950,-110.3609454
815,1390,44.97254676
816,102260,5.159996676
817,72020,-54.87960852
818,9155,3.958212485
819,3570,18.71748687
820,78150,-21.17129749
821,12700,-12.72386823
822,71200,-46.04199074
823,680,30.95017974
824,67170,-47.29833404
825,203650,-5.23753265
826,18000,39.86175146
827,33626K,-30.30206396
828,2795,-81.27079239
829,44820,-53.69772553
830,255440,-22.05329297
831,54670,-79.46012726
832,214180,-20.26080106
833,33160,17.62977368
834,1530,40.86031836
835,1570,-6.507314724
836,1540,-52.71770905
837,237820,-123.496355
838,8060,-0.347269419
839,7820,-84.46075777
840,36630,33.62284362
841,215360,-30.52291676
842,317400,31.3466994
843,99320,42.48389657
844,168490,-75.48386061
845,28100,-10.8614732
846,60900,7.262540639
847,82740,26.57018161
848,256840,30.8508855
849,53980,-106.4671362
850,2170,-20.11770975
851,7860,33.19233261
852,208340,-67.50907981
853,58110,-7.124052539
854,700,-50.17139537
855,203690,-57.06048143
856,200780,-82.50442722
857,41920,-124.4487542
858,92070,-1.567962598
859,282690,-55.24475332
860,49960,-44.64387521
861,86980,5.186778176
862,85370,26.75826817
863,106240,27.57884877
864,950170,-40.95565644
865,3555,-23.80161493
866,27360,65.38816044
867,36120,-91.37522085
868,142760,-35.07143545
869,51160,21.74353704
870,4970,-25.78089325
871,9160,21.43690894
872,159580,4.880204413
873,23760,14.26819509
874,68930,-5.435879359
875,30960,-27.47584408
876,77360,11.10255927
877,36190,-30.92457308
878,101160,33.79666786
879,195990,20.76340043
880,2030,5.176567521
881,100590,-78.07310569
882,64290,3.962401355
883,171120,-27.89534868
884,4980,10.52274196
885,214430,-86.85498024
886,37950,-104.2276798
887,12790,-29.83232572
888,160550,4.129282663
889,33920,-1.956854078
890,101140,-54.15912435
891,90850,5.796043965
892,31980,7.63117037
893,10955,-7.019844118
894,17180,-33.2448593
895,11320,-67.23090677
896,83310,10.79451511
897,126340,-22.49779174
898,02826K,-21.11762963
899,27740,-70.62936269
900,138690,-147.950346
901,61250,2.138334559
902,102120,4.609279461
903,91810,42.40705359
904,155,1.362109228
905,96240,0.36026494
906,47820,34.57881754
907,490,7.660874265
908,3200,0.149658842
909,34940,-83.43028862
910,19210,9.029045133
911,122310,-63.16735202
912,7660,-48.30615618
913,217270,67.58799942
914,65650,-70.730152
915,66310,-87.13868388
916,540,17.20709864
917,90360,6.05216431
918,5680,10.38024832
919,260930,-42.84439392
920,48550,19.92479087
921,90350,3.820009117
922,65170,-72.51643043
923,215,-216.2565857
924,15890,-27.83579988
925,42370,9.580575461
926,99220,-60.46990568
927,263700,-40.79002151
928,2700,-72.86908459
929,160980,-6.805091288
930,5945,-17.46342328
931,24950,-35.45923779
932,299900,50.90214655
933,138490,19.45329671
934,5090,67.5827549
935,126700,6.642723582
936,67310,51.37516128
937,4890,0.898445528
938,3030,21.69851949
939,90740,-172.6659598
940,86040,-44.87312763
941,12030,-15.50676918
942,77970,28.51210341
943,151860,68.74302324
944,52330,-41.5587027
945,2720,-60.46778654
946,53950,-99.39727884
947,100700,-0.049226677
948,281740,15.43913271
949,306200,23.65892214
950,5160,-9.788133624
951,11150,-43.06440438
952,41910,-61.65654321
953,108490,-32.80874257
954,54800,-61.14978289
955,13580,25.15410079
956,109740,-44.44527755
957,1250,4.572363548
958,94480,18.0031746
959,297090,8.60485188
960,11390,-50.48754568
961,143210,-66.90030968
962,30210,49.29014026
963,16610,22.66305504
964,35080,47.16967739
965,4540,5.101743896
966,21320,-5.139736155
967,79370,4.212697076
968,120030,-45.59341947
969,95570,17.04466862
970,73560,-29.32523457
971,182360,
972,5950,30.08387349
973,4960,21.99789174
974,260660,-118.1226372
975,1780,45.01408904
976,9270,-41.35478427
977,33637K,-82.97855705
978,241820,62.38746363
979,100790,37.39186629
980,118990,2.780391669
981,100250,-28.77840482
982,5389,12.87054558
983,52420,7.877551116
984,60230,-50.86600232
985,117580,-15.6251158
986,131030,-66.64898104
987,14470,-1.373543292
988,39570,3.585779828
989,44490,
990,27710,3.770130974
991,42420,14.45147412
992,110990,-9.979889562
993,46140,-22.71539853
994,1460,13.18348051
995,120240,-15.77962175
996,8700,1.242548148
997,222040,6.933253657
998,7160,27.03622767
999,148250,-92.61575733
1000,4250,-31.10055458
1001,34810,51.33554455
1002,2450,-26.2826354
1003,263600,-68.63064475
1004,41460,-6.739727096
1005,227950,-43.3368874
1006,241710,-17.73259673
1007,128820,7.890188627
1008,3960,11.8237037
1009,65130,-50.56339626
1010,3160,11.93323948
1011,223250,-145.3980814
1012,90470,-91.88049383
1013,4150,-10.79744037
1014,35150,16.7936404
1015,277880,-21.0265401
1016,158430,-110.3086818
1017,131400,-59.063225
1018,390,35.60732519
1019,185490,54.89498127
1020,241770,-87.79522683
1021,214330,23.79367569
1022,102280,-0.13179304
1023,3460,-31.21114398
1024,2900,28.68194399
1025,320,-11.45003981
1026,24090,-16.28249074
1027,93230,54.02804382
1028,33560,-31.44532038
1029,46210,-14.8238018
1030,73640,-45.61334515
1031,290380,-65.6826868
1032,520,-71.13085558
1033,138580,15.30935253
1034,211270,21.71602044
1035,99750,-3.752754167
1036,9190,-26.7542057
1037,4650,-64.02024346
1038,152550,-92.3345463
1039,1070,8.240919656
1040,305090,-23.19016863
1041,5740,-25.98814038
1042,52670,-117.6814003
1043,100090,65.70834867
1044,144620,-3.927320843
1045,72870,-20.94451451
1046,28513K,-29.79550815
1047,5990,-35.38334401
1048,14570,-68.65160602
1049,8040,-3.858862489
1050,4840,-29.94401559
1051,14990,-143.3067972
1052,78000,-68.83368361
1053,43220,-3.297843768
1054,43370,18.74929135
1055,8970,-3.949768654
1056,57030,-46.16070883
1057,23600,22.63579718
1058,33530,23.85970638
1059,68790,-9.632917778
1060,187870,24.35637526
1061,353810,8.733902542
1062,89470,-0.139238934
1063,205100,-35.55171865
1064,2460,-19.6185201
1065,9320,-65.39282695
1066,4060,-22.2989577
1067,60240,-20.49898555
1068,297890,-13.88790232
1069,35620,-86.14407907
1070,206560,6.513085859
1071,9470,16.05616593
1072,312610,-17.53476566
1073,14970,-59.7426391
1074,252500,-128.9560516
1075,58610,19.97368564
1076,900250,-90.04456407
1077,33320,-33.4032527
1078,1340,31.25686046
1079,7330,19.81143878
1080,33240,48.86958389
1081,96775,15.07592035
1082,134380,-15.23163193
1083,100840,-20.97237977
1084,42510,3.426229628
1085,9460,-27.00018795
1086,93920,-41.95351731
1087,241690,-26.08402986
1088,39340,-5.474038632
1089,64240,-71.17300596
1090,137950,18.90929894
1091,187420,10.62724024
1092,7210,36.39118151
1093,36670,-80.07835159
1094,118000,-107.1213546
1095,3830,9.665358541
1096,64800,-23.0137737
1097,48870,41.12392729
1098,50760,-141.6169379
1099,65060,-120.4407407
1100,18310,16.21895293
1101,80000,-31.86545668
1102,138610,52.48853682
1103,45660,34.43607819
1104,78140,-55.7399519
1105,83930,-3.229677885
1106,210540,-5.811555556
1107,38340,
1108,307930,-26.62116148
1109,950130,81.3728854
1110,38390,13.97434508
1111,239340,3.415755455
1112,306620,-48.36732224
1113,2760,-38.98975518
1114,51360,-38.29537037
1115,2410,-30.87436967
1116,145210,-45.39558076
1117,322510,-73.47449348
1118,24810,-1.844079691
1119,46940,-48.86591264
1120,200470,-53.45598527
1121,264900,-17.52402963
1122,101360,34.30379761
1123,2800,-45.69128956
1124,229000,-28.72654799
1125,14160,33.82703088
1126,14790,11.35384777
1127,86960,-35.94983144
1128,195500,-87.54226469
1129,87260,-41.34827008
1130,251630,-19.09951835
1131,82210,3.147649825
1132,179290,-17.87862389
1133,38880,51.09814394
1134,69920,-104.452731
1135,12800,17.0309653
1136,20120,61.17744175
1137,108380,-5.625431447
1138,222420,-116.9257403
1139,60310,-34.82033146
1140,7720,-18.85833043
1141,57680,-28.16851394
1142,214270,-24.10543637
1143,5320,5.694121502
1144,10960,-16.48481538
1145,5430,-28.48005405
1146,88290,8.852617159
1147,4560,40.49144743
1148,33540,-36.32163599
1149,299910,11.63758769
1150,38460,-35.33725771
1151,68330,35.21192864
1152,163560,-34.90783025
1153,96630,-31.47219473
1154,80720,-56.67248576
1155,23450,4.828167282
1156,67390,3.632672046
1157,9300,-78.50981085
1158,230,-9.410588057
1159,44960,-63.74190441
1160,66620,6.832592593
1161,14530,-4.287093066
1162,10600,-7.915550245
1163,34590,-47.16531682
1164,55490,27.36498042
1165,64820,-13.50432024
1166,198440,-12.63144097
1167,124500,-47.19413531
1168,5710,-9.510966318
1169,91580,9.782809638
1170,10820,-36.35665092
1171,4770,-42.65921108
1172,141000,-28.77491442
1173,204630,-83.78617466
1174,318010,-117.9451852
1175,107590,36.93631289
1176,130660,55.49196473
1177,68940,-37.44146943
1178,3100,36.82892206
1179,19175,39.09002706
1180,54450,28.89613554
1181,149950,36.70632978
1182,41930,22.64398142
1183,66980,11.60065589
1184,289010,-58.57752947
1185,4270,-27.0279211
1186,72470,-63.34545455
1187,81150,-63.14557024
1188,5360,-55.57127235
1189,24060,-36.49207509
1190,6380,9.962696445
1191,33340,
1192,180,7.367139992
1193,242040,-55.34213892
1194,36560,1.242548148
1195,23770,-80.93459578
1196,52790,-21.74456971
1197,290550,1.626444948
1198,13870,-29.09789237
1199,190510,-49.15898223
1200,104460,40.98609513
1201,1045,-20.95458156
1202,204620,2.016616646
1203,285490,56.18093086
1204,11810,-0.124330162
1205,259630,-5.090913812
1206,17900,-13.5331162
1207,215100,-119.5648173
1208,225330,-30.26319425
1209,198080,-90.74033325
1210,226360,-51.4907507
1211,7680,-32.98379281
1212,3650,-16.54783608
1213,1260,-6.653211517
1214,7980,-28.90629375
1215,234100,5.145118783
1216,20710,-0.048133657
1217,60560,-3.710523807
1218,950140,-3.742964718
1219,217480,-71.86077683
1220,341310,-46.96049383
1221,13570,-6.180138145
1222,6980,-52.42415398
1223,13990,29.55352199
1224,14580,-22.75523602
1225,267290,-17.56839506
1226,66590,22.08209135
1227,65710,-31.05418155
1228,33310,63.0793381
1229,303030,-31.71693127
1230,12160,-39.31043915
1231,69110,
1232,6220,27.39832126
1233,42040,58.98070848
1234,86080,-34.23640939
1235,246710,53.58849224
1236,49480,1.280885668
1237,140610,-17.49898698
1238,43200,-244.2200042
1239,26150,21.33913136
1240,38680,-34.38514018
1241,69510,-27.54971187
1242,327610,-2.633133563
1243,134790,-16.84266423
1244,47770,-56.68958575
1245,103590,17.38437104
1246,137940,-19.15715716
1247,890,-1.821603876
1248,1290,-25.616708
1249,900290,
1250,257370,
1251,13520,4.356025199
1252,16600,-55.35011153
1253,94940,-50.0409564
1254,39830,-39.50043647
1255,180060,-74.00918215
1256,19550,42.52575673
1257,73570,-27.11297899
1258,11370,25.07009754
1259,114810,30.98451713
1260,79960,-21.43135661
1261,208640,55.28975967
1262,56360,-82.98951812
1263,62970,-117.7589799
1264,89890,13.11918588
1265,109610,17.03793652
1266,35610,4.337037037
1267,53590,11.25434139
1268,13310,-8.101628683
1269,92220,47.80741285
1270,89140,-44.17278961
1271,93190,-36.5674477
1272,15710,-3.131306902
1273,156100,41.21328502
1274,5870,-40.01970906
1275,3480,2.198826291
1276,194370,39.74619753
1277,225190,-53.66698887
1278,71460,14.48061659
1279,122350,-4.865005497
1280,85310,-42.93841715
1281,45060,-82.72274328
1282,115440,-95.73199837
1283,194480,84.51375176
1284,4450,-62.1153004
1285,3080,-50.62084813
1286,860,17.23418955
1287,16790,-49.37514217
1288,25620,-135.1111513
1289,40420,-38.52898024
1290,53350,10.17826239
1291,11330,-36.76323507
1292,2140,-46.29249158
1293,100220,12.13749835
1294,54210,8.034029958
1295,11785,55.91185185
1296,8290,-111.6231111
1297,171010,-93.29041222
1298,43090,-137.3823509
1299,60370,5.492507494
1300,290740,-75.17429019
1301,217600,43.75132972
1302,253590,-27.39576178
1303,900310,-38.41385518
1304,84730,8.742845158
1305,200880,37.63599557
1306,122640,26.94691976
1307,173940,-68.48455385
1308,6050,-58.65523735
1309,73110,-53.35008052
1310,53280,52.83615656
1311,14200,21.30880331
1312,54920,51.27099415
1313,26940,-55.05059626
1314,1750,27.15643653
1315,322180,-87.54574046
1316,263800,-34.67325813
1317,4080,-2.456171794
1318,1470,64.11266796
1319,2360,-14.01734966
1320,4720,9.993767275
1321,43340,-59.37049108
1322,16880,33.94250345
1323,67830,2.30662621
1324,49520,-64.82896927
1325,2600,-27.85562963
1326,1840,15.75757546
1327,263770,3.962518298
1328,12200,8.735817841
1329,17550,33.86777778
1330,227840,-14.59909089
1331,19440,-2.957293941
1332,51490,-0.843876891
1333,338100,-66.2958256
1334,31820,-69.0322963
1335,83420,46.87192904
1336,5190,
1337,650,-38.54628516
1338,94170,-19.45824363
1339,92440,8.874144497
1340,220,7.423734958
1341,88910,-60.38651425
1342,910,-19.16303421
1343,2070,-24.66562513
1344,111870,-34.14525368
1345,57540,-35.98491431
1346,8250,-2.009157648
1347,7590,-25.96613757
1348,65350,64.30904342
1349,58630,17.34662507
1350,196490,-7.05246
1351,78890,30.95378423
1352,22220,-16.03078024
1353,80220,29.43603719
1354,38870,-42.73353648
1355,78860,10.18459207
1356,101330,-22.95499484
1357,50120,-65.1565452
1358,9440,-20.25505857
1359,92870,-5.904726106
1360,215380,-65.27954079
1361,274090,28.29406392
1362,38070,21.74979159
1363,114450,-0.980475264
1364,170790,-39.13532468
1365,33230,-64.62116009
1366,12860,0.723390416
1367,3547,14.00217691
1368,4870,-27.4040761
1369,95910,-104.0276328
1370,95270,-0.702572005
1371,220260,12.3241952
1372,30790,-8.268635657
1373,52860,-67.61109911
1374,65510,-21.07789939
1375,9200,4.425142391
1376,192250,33.50293379
1377,66130,8.296651852
1378,1550,-13.24072408
1379,35000,-25.02229907
1380,17040,4.982439336
1381,33100,-25.6108029
1382,133820,-65.76538721
1383,8600,21.69214593
1384,117670,-62.79355001
1385,238200,-21.78194768
1386,20760,8.757660151
1387,226340,-24.60983999
1388,123010,-34.03645245
1389,308100,-28.44785849
1390,94360,3.555369035
1391,5800,-24.00225605
1392,56080,8.841896583
1393,119850,-54.80754788
1394,267790,-62.66312193
1395,23000,10.01495916
1396,38060,-102.9833701
1397,178780,
1398,79810,-61.45704933
1399,25750,18.77845383
1400,256150,-5.745428402
1401,34300,24.22800275
1402,14280,43.47464293
1403,67370,63.03509791
1404,71670,15.24223088
1405,10040,29.78162605
1406,89230,18.10714886
1407,6910,49.18315437
1408,32560,8.240068132
1409,104540,30.87775157
1410,84670,-88.29679209
1411,2200,-19.62378658
1412,16740,5.321680708
1413,133750,12.07285624
1414,43910,25.47132559
1415,49720,3.203617711
1416,250060,-44.64536276
1417,12280,-7.727002894
1418,58430,71.13410249
1419,33830,13.73325407
1420,44380,-99.81886499
1421,44480,-52.53449298
1422,56700,-17.71759353
1423,317120,-24.45159282
1424,5750,-3.776717949
1425,2230,-18.74000385
1426,6090,-22.99073052
1427,111110,-15.26550897
1428,15230,-1.53634119
1429,109860,-27.98833643
1430,10660,-113.1055847
1431,127120,-79.63254433
1432,40160,-1.766771322
1433,9780,-21.66633191
1434,264660,-18.00545229
1435,255220,-32.92369809
1436,4440,26.74584615
1437,47920,59.73489171
1438,142210,-55.91855465
1439,16100,-17.62567246
1440,53620,-42.71496845
1441,270520,16.65119862
1442,123410,-10.27151671
1443,193250,2.000305447
1444,48910,72.74550842
1445,53690,0.865168115
1446,214680,-35.56048028
1447,95500,-0.149798924
1448,303360,-45.73953403
1449,21080,37.4621935
1450,58730,-36.68105273
1451,222110,-25.83186248
1452,105740,-23.58789689
1453,24120,-28.857633
1454,42940,-28.39334306
1455,32820,58.13962369
1456,23800,52.94043146
1457,18620,-66.55393867
1458,18680,-79.89250635
1459,106190,-16.81955178
1460,5110,-32.1659189
1461,37330,14.0056499
1462,72990,-13.91777666
1463,11500,41.8964616
1464,101240,-49.85830638
1465,13810,-6.750964039
1466,6580,
1467,6890,36.33115568
1468,115160,34.36797076
1469,123570,24.51924375
1470,2880,19.76571933
1471,900340,-73.48972583
1472,186230,22.8461269
1473,88130,8.242597417
1474,140070,38.65314617
1475,33200,-6.957529081
1476,15540,
1477,58850,14.23427871
1478,300,36.53253717
1479,83640,-9.97374376
1480,32680,-54.0193306
1481,51380,-38.27814164
1482,63440,6.134079567
1483,7370,-55.77378194
1484,16090,9.87659306
1485,265560,13.75457151
1486,4780,-13.27941928
1487,267320,29.48347559
1488,94860,-12.3864962
1489,131090,-81.22787775
1490,9310,-35.98314131
1491,300080,-10.01813116
1492,94820,27.44792463
1493,327260,-13.32822344
1494,119650,-34.4347471
1495,177830,-36.94309343
1496,115480,-213.8822298
1497,49430,14.89070531
1498,6740,26.07205887
1499,3610,-11.52202046
1500,170920,-17.77873163
1501,94850,40.42142142
1502,5860,-32.0784185
1503,48430,21.70720065
1504,33130,19.13588437
1505,4830,65.88211281
1506,131760,-86.71439935
1507,19660,10.92198151
1508,238490,8.071520883
1509,25440,8.325113968
1510,42500,-7.881849206
1511,71280,-31.6085877
1512,217330,61.21161344
1513,216400,-17.30129504
1514,294630,-44.4257189
1515,57880,39.20862382
1516,53700,16.82318903
1517,40300,27.05718743
1518,241840,61.62494627
1519,105840,30.43190096
1520,225430,-48.4032852
1521,66360,-70.14053337
1522,590,-46.54998965
1523,19010,2.216947687
1524,215790,-22.22811804
1525,63170,57.10342342
1526,6140,45.10119635
1527,103840,-43.83842313
1528,4910,-10.6362963
1529,206400,20.8359579
1530,6340,45.10939841
1531,1140,-38.54002719
1532,250930,-25.61683805
1533,41520,11.66482749
1534,10690,65.957808
1535,58860,-7.357055585
1536,238120,-80.57890745
1537,52460,-3.637959433
1538,83500,-22.42679839
1539,104200,-28.72038109
1540,90370,-42.61910773
1541,140670,-6.972724889
1542,217820,6.36956002
1543,189980,21.90602655
1544,500,14.87341019
1545,90080,-20.03831933
1546,850,-34.93645342
1547,47080,32.71085474
1548,149980,-26.36815715
1549,126600,16.72238683
1550,25550,29.95098929
1551,54090,-23.53987687
1552,219420,-41.68133046
1553,72770,22.69620904
1554,32800,-38.45431134
1555,27830,35.19336798
1556,24890,3.862300461
1557,12320,-21.93896737
1558,170030,18.28489783
1559,00499K,-90.95321308
1560,47560,16.47207972
1561,86670,-3.25572088
1562,43650,25.64538859
1563,37760,-38.03050004
1564,67570,33.36013631
1565,46120,44.88905818
1566,290660,-56.69847515
1567,105,-60.95442553
1568,220100,43.66017013
1569,157,-3.96269773
1570,221840,2.715673098
1571,37370,-8.179540898
1572,92780,-41.13933141
1573,24880,-27.43110004
1574,31860,-54.99305735
1575,39020,12.1298714
1576,222980,-8.462748781
1577,306040,61.68166634
1578,90710,6.431607651
1579,3680,-112.0308628
1580,89150,28.3924678
1581,174880,-73.23620242
1582,187220,-41.08585928
1583,4590,9.93421164
1584,92460,-6.513844641
1585,258830,-65.99955482
1586,75180,9.933247122
1587,33250,-103.7484072
1588,78350,2.711544172
1589,14710,-1.910921888
1590,65370,-19.33103698
1591,119830,28.69088444
1592,9770,-25.64813049
1593,106520,-27.08758944
1594,41020,-42.26056395
1595,11090,45.27882789
1596,31310,-42.86341339
1597,3010,-21.34912146
1598,91340,-62.50921502
1599,6570,-63.72779849
1600,224060,-14.62203603
1601,71970,52.83839922
1602,246250,-51.29380617
1603,217500,33.14848937
1604,4140,57.40928922
1605,9070,54.66458567
1606,203400,57.20231577
1607,69410,8.714234665
1608,131100,-84.10623258
1609,220180,-29.0048358
1610,83650,26.64710187
1611,290120,-18.87395214
1612,2920,-7.150942335
1613,10100,2.792169312
1614,104620,17.51249701
1615,221610,-46.76558179
1616,4090,46.23663555
1617,37030,-15.87053763
1618,225220,31.45523163
1619,45510,-1.376340652
1620,73070,
1621,41440,16.76929625
1622,218150,-17.450117
1623,18700,-24.60663794
1624,2630,39.84029855
1625,219550,-98.86295552
1626,66900,-14.53391668
1627,52220,-10.06549397
1628,219130,-16.76588042
1629,40,8.311541625
1630,208860,
1631,32980,-11.60854428
1632,88390,50.83274613
1633,155660,7.304973838
1634,64850,8.520685777
1635,66670,-12.87261597
1636,286750,-39.08832681
1637,313760,-60.84906797
1638,1560,-23.3448769
1639,33626L,-58.71733333
1640,32940,-1.611213595
1641,900300,-75.77781422
1642,73010,-27.62358674
1643,49080,43.46224556
1644,46390,23.70953675
1645,89790,-30.7910616
1646,108860,-4.375901886
1647,52900,-13.52978607
1648,277070,-15.37822377
1649,150840,-12.62178566
1650,62860,-9.309458219
1651,36170,24.7082053
1652,272110,20.18237325
1653,8870,-23.34246417
1654,17510,-27.32920398
1655,293580,18.66643332
1656,92200,57.65860891
1657,196450,-7.191837115
1658,68050,41.70120954
1659,189690,-32.73178625
1660,1000,-31.99060501
1661,205500,51.26192998
1662,900270,-98.05752707
1663,234300,27.22623978
1664,59210,-32.06189552
1665,53450,
1666,126870,
1667,318000,-42.06438006
1668,36640,2.454972222
1669,97800,0.576575753
1670,90410,7.142832096
1671,100660,-18.69386571
1672,219750,-40.84214852
1673,51780,-28.45338026
1674,44060,20.33508941
1675,101730,-5.63083558
1676,36480,-17.96028971
1677,196300,-41.29715831
1678,250000,23.49010598
1679,36710,23.6361501
1680,96040,76.95061008
1681,33170,37.25460317
1682,124560,46.72648579
1683,1080,-4.962593403
1684,33637L,-102.7757925
1685,8260,36.99402828
1686,143540,24.1571276
1687,101000,-8.174487619
1688,147760,6.668781766
1689,99440,-68.33273031
1690,37350,2.177298408
1691,27040,-41.08207407
1692,24800,19.95628892
1693,52300,11.81721408
1694,71850,-14.93797377
1695,53260,25.62084822
1696,46070,-71.52101471
1697,182690,
1698,6805,-7.954157148
1699,39290,24.84302262
1700,41590,-21.73883933
1701,66410,-2.699148915
1702,115500,10.36060144
1703,38950,-15.85206813
1704,258610,7.920860632
1705,65570,-12.91685318
1706,93520,17.06793709
1707,39010,-11.77771292
1708,115310,-32.16839183
1709,69460,36.34842345
1710,307180,-24.42778915
1711,440,25.92349333
1712,69730,3.311006511
1713,171090,60.66683747
1714,14940,60.22121972
1715,37230,36.41412297
1716,23440,20.08638851
1717,11560,-17.04016736
1718,42110,14.66810036
1719,39610,-11.71851133
1720,900260,-84.54383323
1721,97870,-0.615452381
1722,13700,20.14222222
1723,80010,-26.56884636
1724,246690,43.21201909
1725,14440,13.27715914
1726,14190,40.95598281
1727,16670,
1728,100030,-39.45156349
1729,4410,36.75765561
1730,49630,-24.57347799
1731,49830,23.53634457
1732,78935,-37.4206142
1733,17480,22.81711207
1734,96350,22.06191901
1735,224110,52.36314688
1736,115570,-109.7317655
1737,76610,-125.2066943
1738,25820,36.29464832
1739,36090,25.14305678
1740,217950,31.97080998
1741,8775,-35.95464187
1742,8420,14.652
1743,27970,27.90910702
1744,23460,29.65851328
1745,36620,33.48712414
1746,10280,-84.95515808
1747,36010,15.40281536
1748,9180,25.99489418
1749,1275,-32.36091742
1750,39420,16.34052957
1751,241520,42.02971858
1752,14130,-10.99839651
1753,226440,10.93564023
1754,38530,15.97451262
1755,19685,-14.73804481
1756,37440,20.78163833
1757,19590,-16.75297307
1758,1380,46.04846561
1759,7120,1.721468909
1760,317870,-11.05348593
1761,13360,40.71283607
1762,99410,-111.285055
1763,23150,-5.504855395
1764,43290,
1765,246960,-16.60154971
1766,24740,10.23494161
1767,264850,10.71062422
1768,86060,-45.80136881
1769,12340,27.82646637
1770,94840,21.29449108
1771,50860,-48.50744639
1772,311390,-8.953990032
1773,6660,53.24956967
1774,32750,-16.72862081
1775,6370,45.13474897
1776,53110,
1777,204020,-1.828737981
1778,48470,-14.54892068
1779,317830,-39.66943057
1780,46110,-2.68787644
1781,21040,-27.67777935
1782,32580,-59.38249056
1783,92600,10.40607836
1784,36000,-9.679606648
1785,36690,43.77222463
1786,213090,-11.04702315
1787,80470,-20.24040404
1788,10240,46.49073426
1789,5010,20.37658419
1790,67920,-2.147086099
1791,228180,
1792,10470,32.4059125
1793,41650,17.79868887
1794,129260,37.52188756
1795,17370,15.79560894
1796,13000,
1797,5670,2.905873737
1798,208710,54.34471654
1799,79650,-32.4017907
1800,78940,-26.16945256
1801,78650,33.52922477
1802,39980,-18.03764761
1803,136510,69.30800135
1804,23810,54.06183147
1805,39310,3.491364178
1806,246720,-29.88036277
1807,208140,39.24466552
1808,208370,-39.49331198
1809,302920,-155.9561934
1810,79970,15.0264317
1811,230980,37.53605719
1812,120115,18.05355072
1813,25950,82.04583913
1814,48770,-25.75367763
1815,27580,29.59416532
1816,8370,-11.06821937
1817,317770,-35.78695517
1818,10400,-22.12070666
1819,73540,-46.36910351
1820,80520,12.80465138
1821,290270,-28.13732211
1822,5305,-33.86865561
1823,310200,30.00914596
1824,217620,-7.115181882
1825,221980,-13.96602084
1826,89850,29.45896296
1827,260870,75.46102437
1828,117730,31.77176669
1829,19180,-15.77345773
1830,63760,-25.01075138
1831,277410,4.199555929
1832,53290,77.91106612
1833,54930,-2.430359231
1834,82850,65.86052767
1835,176750,14.53051094
1836,6880,-28.39128003
1837,128660,19.52421666
1838,9810,-8.943635572
1839,234920,-13.87338836
1840,3465,-61.27182988
1841,147830,13.24743292
1842,8110,2.013808847
1843,54540,-0.491007476
1844,46970,
1845,49120,3.552795148
1846,49550,52.42503984
1847,215480,18.2828316
1848,66910,8.121122055
1849,19540,-15.14786928
1850,6125,-42.02605389
1851,227610,-42.96592929
1852,159910,
1853,60260,-47.6952963
1854,322970,-170.600528
1855,7280,61.27487955
1856,70590,-55.19028148
1857,46310,2.127332126
1858,153490,14.38469437
1859,263860,-6.956702261
1860,7610,0.107972028
1861,109080,45.65675576
1862,10770,-1.820597464
1863,89530,-70.76343024
1864,2870,36.88969269
1865,101930,35.56881656
1866,60540,18.92679424
1867,131180,-26.7669003
1868,65770,30.13911516
1869,190650,6.636862745
1870,900280,12.11549142
1871,91970,-13.99433932
1872,123750,-7.575081481
1873,6920,-9.624584585
1874,2820,2.761539484
1875,258790,25.0171645
1876,92300,29.53489117
1877,64090,-101.9178922
1878,59120,34.48915315
1879,154030,4.91250883
1880,30720,-66.27006391
1881,35460,-59.79366371
1882,3780,3.482702703
1883,2710,35.40720861
1884,1810,16.64927216
1885,51390,-24.52377721
1886,203450,2.064385473
1887,204840,-3.381481456
1888,24900,47.29928338
1889,104040,18.81699617
1890,39240,33.81824053
1891,317850,-40.63205151
1892,30350,-82.19264846
1893,67010,11.6932654
1894,23350,45.07050395
1895,94970,-3.14962963
1896,20180,31.61192101
1897,54940,-5.981125356
1898,114630,7.262860792
1899,228340,44.43685439
1900,284420,-14.29129203
1901,123700,22.24053738
1902,75130,40.28649346
1903,105550,48.04387498
1904,52600,36.7759084
1905,336040,-25.96740979
1906,1020,21.10242714
1907,80530,-28.8208893
1908,40610,38.12189734
1909,2680,-41.42591582
1910,6110,51.79695802
1911,3310,30.31474677
1912,760,-19.78666667
1913,53050,-10.42638975
1914,131220,31.1202555
1915,7575,-309.5931183
1916,263810,5.967592944
1917,278380,
1918,50960,65.31732346
1919,155900,-66.80281321
1920,4100,-6.597528113
1921,31510,34.49760847
1922,11700,25.50623244
1923,50090,32.55522986
1924,3720,39.21574841
1925,75970,34.40171729
1926,96300,-117.2240089
1927,150900,17.97490582
1928,21650,31.6704585
1929,127710,57.95928907
1930,54300,-29.69309287
1931,208350,-13.33666354
1932,150440,-80.99345029
1933,10145,-97.49173752
1934,140520,9.010453978
1935,43710,-40.37089017
1936,24840,22.16840886
1937,85910,-3.201574897
1938,53270,35.69343039
1939,101400,-75.71201943
1940,38010,0.090099058
1941,56090,-45.5456431
1942,91440,-74.48532985
1943,25870,14.10066123
1944,26040,-25.00602981
1945,1210,-31.91899111
1946,42600,46.48610983
1947,123840,27.22018235
1948,33050,-9.460229885
1949,269620,56.06274915
1950,45890,
1951,126640,28.0123206
1952,96610,-34.62633991
1953,25530,12.85299899
1954,149300,-3.20776286
1955,18470,33.92370665
1956,17250,-76.35259259
1957,67730,24.45495516
1958,44990,34.81485652
1959,81580,-25.26220915
1960,12620,-1.283583584
1961,54040,30.14995268
1962,79950,0.897845
1963,212560,23.12002185
1964,232530,1.228904196
1965,237750,-22.33660479
1966,60480,-16.01234277
1967,8470,9.048925149
1968,96690,36.49704725
1969,72130,0.646426708
1970,11420,-2.744553945
1971,32540,13.46266832
1972,53160,55.76730055
1973,19570,52.98943511
1974,69640,43.60702406
1975,38620,74.33748443
1976,1745,-379.7388324
1977,263020,21.39713016
1978,101170,7.164682177
1979,2220,25.46874931
1980,141070,
1981,138070,36.73449593
1982,70300,-86.2987258
1983,65440,56.89523062
1984,187790,-28.97144723
1985,64480,-5.005171931
1986,184230,18.51222075
1987,84870,-11.39767819
1988,51630,-20.74774752
1989,200350,41.8525708
1990,5820,-1.866386176
1991,297570,44.2736761
1992,45300,-0.036780827
1993,54180,32.00380744
1994,232680,40.1216253
1995,54630,2.651100809
1996,145270,31.19507657
1997,65690,-13.01148052
1998,19990,57.36132522
1999,105330,45.21256435
2000,128540,10.4963186
2001,79000,-7.183686697
2002,154040,-4.551494114
2003,122690,-0.772910053
2004,130500,23.3735566
2005,127160,
2006,1620,53.58053879
2007,71090,21.41316829
2008,28080,26.31276648
2009,254120,-4.221525831
2010,24850,46.50250653
2011,9730,
2012,177350,1.34237037
2013,24070,34.62271182
2014,227420,-18.04114714
2015,7770,1.4929897
2016,38110,45.31373932
2017,119500,5.900152129
2018,258250,-0.198620366
2019,71950,-25.88131188
2020,88790,10.8062849
2021,18500,-11.71657449
2022,32960,7.33021631
2023,136660,-69.24950206
2024,93240,67.03247598
2025,65500,54.72249716
2026,950,15.24481157
2027,260970,49.00531342
2028,278990,
2029,76080,37.05398097
2030,2290,54.81513175
2031,191600,-147.8229658
2032,16920,65.93241712
2033,99520,
2034,275630,-32.46318053
2035,191410,-24.85467165
2036,32080,8.044719577
2037,98120,14.76668664
2038,23960,57.25617373
2039,211050,-6.424955878
2040,139050,15.83700497
2041,21880,46.57568211
2042,189860,12.64141279
2043,123330,3.659231824
2044,17000,34.26610767
2045,197140,10.6490298
2046,153460,-24.38201796
2047,58970,61.7222545
2048,101390,30.12686126
2049,49800,35.28738401
2050,29480,-6.941113489
2051,25880,18.91834823
2052,900070,18.81950903
2053,343090,33.9281725
2054,15020,81.54264595
2055,64510,
2056,49470,30.35804944
2057,93640,-11.23989378
2058,226400,31.94632096
2059,172580,-54.91364996
2060,85670,-15.62382075
2061,2690,29.42267642
2062,80580,85.60046566
2063,87600,17.05154736
2064,108675,-12.26056684
2065,32280,-1.135113004
2066,317530,73.8968072
2067,1515,-164.1704487
2068,72950,13.37628815
2069,59100,15.05857375
2070,82660,1.680216712
2071,9140,-0.614958783
2072,10640,-21.696099
2073,51980,59.51405811
2074,14910,10.43388467
2075,11230,-11.25046729
2076,56000,
2077,85810,31.88109421
2078,69140,20.15689706
2079,192390,0.895872111
2080,279600,32.50954987
2081,24910,53.13287147
2082,35200,47.6595718
2083,90150,0.49670912
2084,96640,34.54563964
2085,10420,12.79982506
2086,48830,-6.758904193
2087,18064K,-95.60505903
2088,224760,-88.67536692
2089,225590,-1.1287466
2090,19770,60.08409612
2091,79170,26.17466367
2092,187270,-16.39271111
2093,178600,-165.5246062
2094,9620,43.45391641
2095,134060,15.53240629
2096,215090,48.11913162
2097,45340,66.563117
2098,227100,16.50987863
2099,73190,15.11820269
2100,8355,-244.59702
2101,258540,-38.20736097
2102,12600,
2103,217190,41.54494131
2104,161570,-55.25731484
2105,1420,1.898476225
2106,110020,13.41335218
2107,3475,26.51975309
2108,37400,53.69815693
2109,337840,39.13699777
2110,900120,-20.30397622
2111,239890,75.86680335
2112,6200,35.8076563
2113,173130,24.96619939
2114,317860,-34.16813121
2115,60380,48.80313145
2116,1770,-22.97496841
2117,4920,23.05902342
2118,87,-71.36871498
2119,93380,17.37554458
2120,1465,-9.509271207
2121,58420,
2122,179530,43.20432532
2123,11300,
2124,212310,-216.9006878
2125,299480,-105.8226545
2126,39740,2.18695001
2127,86220,-84.38687927
2128,140910,35.33727107
2129,66430,24.77468498
2130,9415,-88.72397634
2131,135160,-79.8646166
2132,3415,
2133,98660,7.377840025
2134,76340,-34.08395532
2135,2420,
2136,3925,36.08080738
2137,8830,50.58673276
2138,44780,4.571107904
2139,222670,-90.7739388
2140,725,-83.43818783
2141,236340,-132.2093113
2142,216280,55.55697283
2143,196700,65.3484943
2144,115610,-64.03590359
2145,181340,78.13027679
2146,153360,-22.36710506
2147,23790,28.95917829
2148,149010,-132.4798772
2149,232830,-1.543052521
2150,238170,-34.85786492
2151,270660,82.98033646
2152,43260,62.84300894
2153,20400,18.18673087
2154,224810,-58.24914061
2155,204210,0.0176724
2156,175140,8.267190755
2157,58530,
2158,130740,41.32607215
2159,9835,40.41710413
2160,4365,-16.4050291
2161,5257,48.16877207
2162,214310,21.86012011
2163,885,-62.83095752
2164,67770,19.13021413
2165,24940,66.55096366
2166,3495,24.42031746
2167,84180,74.4673545
2168,206950,
2169,281310,-108.2434939
2170,134580,9.167791165
2171,101670,19.18831536
2172,215570,-29.5123079
2173,54410,33.60324889
2174,43360,-10.55336243
2175,1685,-12.33701449
2176,11080,54.28250725
2177,200580,30.75561761
2178,7530,51.40012885
2179,121850,37.31564369
2180,26910,42.73727582
2181,319400,94.1642297
2182,15260,15.53071691
2183,323350,31.66337037
2184,19490,53.34632508
2185,112190,1.200053548
2186,13720,
2187,207490,
2188,4835,43.79972324
2189,273060,72.96609084
2190,344860,-251.5735435
2191,244880,-151.2044708
2192,25890,7.251599451
2193,8500,-15.97571976
2194,96870,22.78529081
2195,323940,-67.97479722
2196,101680,
2197,107640,3.593916049
2198,224880,
2199,217880,47.37252818
2200,291230,42.96984707
2201,2355,1.525742092
2202,5030,30.98577839
2203,233990,-104.6949735
2204,32860,79.27558842
2205,113810,22.18149132
2206,199150,41.35923583
2207,103230,
2208,340360,-22.5604673
2209,7815,-1.776180175
2210,339950,88.46695102
2211,163430,57.37841819
2212,158300,
2213,267060,-116.563109
2214,342550,-65.97891068
2215,328380,-67.97479722
2216,35320K,31.23358025
2217,75,-0.537459328
2218,250030,1.431947691
2219,4255,-42.26763772
2220,317320,-21.62247765
2221,2025,8.296651852
2222,53060,6.137895016
2223,145995,-17.32919182
2224,12205,-87.2385551
2225,271850,-166.9685493
2226,336060,-63.66829939
2227,261200,90.08771067
2228,4105,-71.99222629
2229,340350,-67.20222222
2230,5725,-44.43461034
2231,336570,-63.31960653
2232,225,39.44002984
2233,285770,-160.3683205
2234,329020,-207.5148333
2235,317030,-69.69777778
2236,66830,-15.28357499
2237,2995,-79.72545639
2238,6345,-11.50910085
2239,332290,-64.56866359
2240,4565,-76.90832555
2241,307070,-75.91929384
2242,291210,
2243,162120,53.52901466
2244,11155,-102.8054815
2245,333050,-66.44050308
2246,340120,-67.59749934
2247,3535,77.00229514
2248,307160,-85.88516517
2249,320000,67.86015598
2250,341160,-69.34793354
2251,307870,
2252,340440,
2253,313750,-61.48916224
2254,299670,38.7539515
2255,281410,
2256,279060,17.00050551
2257,4415,-29.55867362
2258,84440,45.25721605
2259,332710,-67.65915493
2260,1065,-70.60162678
2261,1795,45.38630297
2262,995,-14.66547173
2263,333430,85.85801454
2264,351320,
2265,330990,-68.43131775
2266,287410,96.46976147
2267,337450,-49.50822332
2268,353190,-16.88824732
2269,344050,-56.41028168
2270,145,-66.32738061
2271,4985,-9.983337316
2272,222160,70.7058749
2273,354230,18.58388642
2274,4545,-21.6131793
2275,14825,-45.2039939
2276,140290,-93.65218806
2277,92590,60.32066667
2278,183410,-13.58302574
2279,331520,-64.84240007
2280,329560,-68.83044409
2281,307280,83.68079847
2282,148780,72.87162925
2283,311270,-73.77182294
2284,349720,-65.92986253
2285,5745,-13.91424224
2286,270210,
2287,279410,
2288,32685,-129.5604236
2289,14285,-43.36146133
2290,323280,-56.4983272
2291,321260,
2292,310870,
2293,00806K,23.08313846
2294,185190,27.17582672
2295,21045,-71.0247197
2296,3075,-21.10288795
2297,26490K,22.08094633
2298,225850,
2299,335870,-68.33656566
2300,5965,18.17239704
2301,08537M,-22.13278837
2302,323210,-68.05364706
2303,16385,-57.19819115
2304,288490,
2305,347140,-68.22574501
2306,90355,31.66017094
2307,14915,-63.58498408
2308,240340,
2309,266870,-23.18747277
2310,116100,-131.791348
2311,202960,6.888810669
2312,86460,0.961406334
2313,242350,-229.6180161
2314,84695,22.27889312
2315,9275,-107.4338924
2316,1067,-35.24117795
2317,1755,28.04217681
2318,217910,-41.08207407
2319,114920,
2320,134780,
2321,2785,-25.26632569
2322,189350,37.40571559
2323,00781K,-5.958210518
2324,2787,-49.94952082
2325,545,12.76008915
2326,210120,51.20765738
2327,266170,44.36098817
2328,208850,58.40095829
2329,140660,
2330,276240,-38.7790492
2331,227,29.20746676
2332,1525,10.98392945
2333,547,-27.6748265
2334,1527,16.23251852
2335,325,57.31951942
2336,179720,
2337,225860,
2338,1529,18.27241791
2339,208890,
2340,238500,87.4935449
2341,267810,
2342,224020,78.98856465
