날짜,종가,오픈,고가,저가,거래량,변동 %
2021년 12월 31일,"3,946.20","3,960.50","3,987.50","3,944.80",-,-0.15%
2021년 12월 30일,"3,952.00","3,996.40","4,008.70","3,945.80",-,-1.18%
2021년 12월 29일,"3,999.40","3,995.50","4,024.00","3,979.20",-,0.18%
2021년 12월 28일,"3,992.20","4,052.80","4,055.00","3,977.70",-,-1.17%
2021년 12월 27일,"4,039.50","3,946.00","4,040.60","3,946.00",-,2.72%
2021년 12월 23일,"3,932.40","3,906.80","3,955.50","3,906.80",-,1.04%
2021년 12월 22일,"3,891.90","3,836.50","3,892.80","3,817.20",-,0.90%
2021년 12월 21일,"3,857.30","3,818.60","3,861.80","3,760.10",-,3.35%
2021년 12월 20일,"3,732.40","3,707.40","3,755.40","3,689.40",-,-0.76%
2021년 12월 17일,"3,761.00","3,733.70","3,814.80","3,721.20",-,-0.14%
2021년 12월 16일,"3,766.30","3,961.60","3,962.00","3,748.10",-,-4.27%
2021년 12월 15일,"3,934.50","3,805.40","3,939.90","3,757.30",-,3.69%
2021년 12월 14일,"3,794.40","3,768.10","3,814.60","3,746.40",-,-0.52%
2021년 12월 13일,"3,814.40","3,931.00","3,936.70","3,811.00",-,-2.56%
2021년 12월 10일,"3,914.70","3,952.40","3,968.00","3,871.90",-,0.91%
2021년 12월 09일,"3,879.50","3,936.30","3,981.90","3,877.10",-,-2.14%
2021년 12월 08일,"3,964.40","3,954.30","3,973.40","3,928.20",-,-0.61%
2021년 12월 07일,"3,988.70","3,892.30","4,002.20","3,892.30",-,4.97%
2021년 12월 06일,"3,800.10","3,797.60","3,814.30","3,687.90",-,-0.12%
2021년 12월 03일,"3,804.50","3,874.50","3,902.90","3,762.10",-,-0.16%
2021년 12월 02일,"3,810.80","3,758.20","3,838.60","3,742.50",-,0.00%
2021년 12월 01일,"3,810.70","3,896.10","3,958.70","3,806.30",-,-0.59%
2021년 11월 30일,"3,833.20","3,893.00","3,924.80","3,804.60",-,-1.98%
2021년 11월 29일,"3,910.50","3,827.40","3,914.70","3,806.40",-,4.08%
2021년 11월 26일,"3,757.10","3,799.50","3,833.00","3,735.90",-,-2.92%
2021년 11월 24일,"3,870.00","3,800.10","3,871.60","3,765.70",-,0.93%
2021년 11월 23일,"3,834.40","3,836.70","3,869.90","3,773.40",-,-0.33%
2021년 11월 22일,"3,847.10","3,928.00","3,982.10","3,843.90",-,-1.66%
2021년 11월 19일,"3,912.00","3,895.60","3,937.00","3,879.90",-,0.31%
2021년 11월 18일,"3,900.00","3,904.30","3,916.90","3,861.90",-,1.79%
2021년 11월 17일,"3,831.40","3,851.30","3,856.50","3,813.60",-,-0.72%
2021년 11월 16일,"3,859.40","3,781.90","3,866.70","3,774.10",-,1.73%
2021년 11월 15일,"3,793.80","3,817.10","3,823.60","3,760.10",-,-0.02%
2021년 11월 12일,"3,794.50","3,770.50","3,812.30","3,754.70",-,0.80%
2021년 11월 11일,"3,764.50","3,740.40","3,772.10","3,723.20",-,1.94%
2021년 11월 10일,"3,693.00","3,727.60","3,783.10","3,676.60",-,-2.83%
2021년 11월 09일,"3,800.60","3,830.80","3,838.60","3,767.00",-,-0.07%
2021년 11월 08일,"3,803.30","3,781.10","3,824.30","3,766.50",-,1.25%
2021년 11월 05일,"3,756.60","3,738.90","3,789.60","3,725.30",-,1.10%
2021년 11월 04일,"3,715.80","3,633.10","3,728.10","3,617.10",-,3.50%
2021년 11월 03일,"3,590.20","3,552.70","3,592.80","3,540.00",-,1.16%
2021년 11월 02일,"3,548.90","3,510.30","3,549.80","3,510.30",-,1.21%
2021년 11월 01일,"3,506.30","3,459.60","3,507.60","3,451.70",-,1.59%
2021년 10월 29일,"3,451.30","3,407.50","3,452.80","3,404.20",-,0.36%
2021년 10월 28일,"3,438.80","3,406.30","3,440.60","3,403.00",-,2.34%
2021년 10월 27일,"3,360.30","3,365.10","3,399.10","3,353.80",-,-0.96%
2021년 10월 26일,"3,393.00","3,420.30","3,427.90","3,381.10",-,0.02%
2021년 10월 25일,"3,392.40","3,384.90","3,412.40","3,378.00",-,0.66%
2021년 10월 22일,"3,370.30","3,393.10","3,427.10","3,366.60",-,-1.22%
2021년 10월 21일,"3,412.10","3,354.00","3,415.00","3,353.90",-,1.12%
2021년 10월 20일,"3,374.20","3,380.40","3,388.00","3,363.30",-,-0.21%
2021년 10월 19일,"3,381.50","3,343.10","3,381.70","3,332.00",-,1.28%
2021년 10월 18일,"3,338.80","3,287.40","3,340.80","3,276.70",-,0.74%
2021년 10월 15일,"3,314.40","3,316.50","3,325.30","3,299.50",-,0.70%
2021년 10월 14일,"3,291.20","3,245.90","3,292.10","3,243.10",-,3.08%
2021년 10월 13일,"3,192.80","3,203.70","3,212.00","3,183.50",-,0.46%
2021년 10월 12일,"3,178.10","3,240.80","3,242.90","3,165.40",-,-1.34%
2021년 10월 11일,"3,221.20","3,232.80","3,274.40","3,219.90",-,-0.77%
2021년 10월 08일,"3,246.30","3,288.60","3,289.50","3,241.90",-,-0.86%
2021년 10월 07일,"3,274.50","3,281.00","3,319.40","3,271.20",-,1.10%
2021년 10월 06일,"3,238.80","3,191.50","3,242.40","3,182.60",-,0.36%
2021년 10월 05일,"3,227.30","3,204.70","3,249.00","3,191.10",-,1.48%
2021년 10월 04일,"3,180.10","3,240.90","3,246.40","3,170.50",-,-2.49%
2021년 10월 01일,"3,261.20","3,275.30","3,277.60","3,208.60",-,0.09%
2021년 09월 30일,"3,258.10","3,293.70","3,311.40","3,257.70",-,-0.18%
2021년 09월 29일,"3,263.80","3,318.30","3,329.90","3,257.20",-,-1.53%
2021년 09월 28일,"3,314.40","3,378.10","3,398.10","3,313.80",-,-3.80%
2021년 09월 27일,"3,445.40","3,418.10","3,458.20","3,399.10",-,-0.25%
2021년 09월 24일,"3,453.90","3,431.10","3,461.30","3,426.10",-,-0.10%
2021년 09월 23일,"3,457.40","3,426.30","3,468.70","3,418.00",-,1.33%
2021년 09월 22일,"3,412.00","3,374.20","3,420.70","3,357.60",-,2.00%
2021년 09월 21일,"3,345.00","3,363.40","3,368.40","3,313.90",-,0.20%
2021년 09월 20일,"3,338.20","3,341.30","3,360.00","3,289.40",-,-2.42%
2021년 09월 17일,"3,421.20","3,457.80","3,457.80","3,403.10",-,-1.51%
2021년 09월 16일,"3,473.60","3,437.30","3,484.20","3,427.90",-,0.23%
2021년 09월 15일,"3,465.80","3,451.20","3,466.50","3,421.60",-,0.47%
2021년 09월 14일,"3,449.40","3,464.70","3,475.80","3,433.50",-,-0.01%
2021년 09월 13일,"3,449.70","3,450.60","3,458.10","3,405.30",-,0.97%
2021년 09월 10일,"3,416.70","3,425.40","3,468.70","3,415.20",-,0.76%
2021년 09월 09일,"3,390.80","3,381.60","3,410.10","3,379.80",-,0.39%
2021년 09월 08일,"3,377.70","3,409.50","3,411.80","3,350.30",-,-1.23%
2021년 09월 07일,"3,419.70","3,432.20","3,433.00","3,401.90",-,-0.33%
2021년 09월 03일,"3,430.90","3,405.00","3,445.40","3,401.80",-,0.57%
2021년 09월 02일,"3,411.30","3,413.40","3,420.00","3,396.90",-,0.33%
2021년 09월 01일,"3,399.90","3,431.00","3,433.00","3,398.60",-,-0.52%
2021년 08월 31일,"3,417.70","3,446.50","3,446.60","3,391.10",-,-0.83%
2021년 08월 30일,"3,446.40","3,460.80","3,477.90","3,433.90",-,0.29%
2021년 08월 27일,"3,436.40","3,373.50","3,441.80","3,373.50",-,1.96%
2021년 08월 26일,"3,370.40","3,368.40","3,385.50","3,346.80",-,-0.06%
2021년 08월 25일,"3,372.60","3,365.20","3,393.90","3,363.30",-,0.81%
2021년 08월 24일,"3,345.40","3,347.80","3,363.40","3,338.90",-,0.10%
2021년 08월 23일,"3,342.00","3,287.70","3,346.20","3,287.40",-,2.63%
2021년 08월 20일,"3,256.50","3,245.20","3,263.50","3,218.60",-,0.64%
2021년 08월 19일,"3,235.90","3,192.20","3,252.60","3,166.80",-,0.84%
2021년 08월 18일,"3,208.80","3,245.70","3,269.10","3,206.00",-,-1.47%
2021년 08월 17일,"3,256.80","3,288.00","3,288.00","3,228.90",-,-1.98%
2021년 08월 16일,"3,322.60","3,323.80","3,331.70","3,298.20",-,-0.37%
2021년 08월 13일,"3,335.00","3,308.80","3,337.60","3,305.80",-,0.67%
2021년 08월 12일,"3,313.00","3,328.60","3,328.60","3,287.00",-,-1.13%
2021년 08월 11일,"3,350.90","3,370.40","3,373.40","3,310.00",-,-0.24%
2021년 08월 10일,"3,358.90","3,406.50","3,409.40","3,337.60",-,-1.20%
2021년 08월 09일,"3,399.80","3,424.40","3,428.10","3,387.60",-,-0.36%
2021년 08월 06일,"3,412.10","3,404.40","3,427.60","3,403.50",-,-0.36%
2021년 08월 05일,"3,424.50","3,447.20","3,451.40","3,408.40",-,-0.36%
2021년 08월 04일,"3,436.90","3,415.10","3,450.40","3,405.70",-,1.18%
2021년 08월 03일,"3,396.70","3,382.10","3,397.80","3,340.40",-,0.57%
2021년 08월 02일,"3,377.50","3,388.50","3,420.30","3,370.80",-,0.62%
2021년 07월 30일,"3,356.50","3,304.50","3,361.20","3,304.50",-,0.70%
2021년 07월 29일,"3,333.20","3,286.40","3,339.90","3,280.40",-,1.86%
2021년 07월 28일,"3,272.40","3,230.10","3,283.20","3,217.00",-,1.76%
2021년 07월 27일,"3,216.00","3,259.00","3,261.70","3,152.60",-,-1.86%
2021년 07월 26일,"3,276.90","3,268.70","3,286.90","3,256.90",-,-0.10%
2021년 07월 23일,"3,280.10","3,273.30","3,281.30","3,239.30",-,0.63%
2021년 07월 22일,"3,259.40","3,268.40","3,282.60","3,240.70",-,-0.89%
2021년 07월 21일,"3,288.80","3,205.90","3,289.20","3,204.60",-,3.06%
2021년 07월 20일,"3,190.90","3,155.60","3,212.20","3,122.10",-,1.38%
2021년 07월 19일,"3,147.50","3,094.80","3,150.00","3,088.30",-,0.07%
2021년 07월 16일,"3,145.40","3,231.10","3,243.80","3,141.40",-,-2.25%
2021년 07월 15일,"3,217.70","3,271.40","3,272.30","3,196.10",-,-2.17%
2021년 07월 14일,"3,289.20","3,338.10","3,358.00","3,283.70",-,-0.35%
2021년 07월 13일,"3,300.80","3,309.60","3,319.10","3,289.70",-,-0.55%
2021년 07월 12일,"3,319.00","3,292.60","3,319.90","3,281.60",-,1.24%
2021년 07월 09일,"3,278.40","3,229.50","3,282.30","3,212.70",-,1.72%
2021년 07월 08일,"3,222.80","3,185.50","3,239.40","3,172.40",-,-1.19%
2021년 07월 07일,"3,261.70","3,331.30","3,331.30","3,250.50",-,-1.40%
2021년 07월 06일,"3,307.90","3,327.00","3,335.90","3,268.10",-,-0.24%
2021년 07월 02일,"3,315.80","3,323.20","3,323.60","3,289.40",-,0.63%
2021년 07월 01일,"3,295.10","3,336.10","3,340.20","3,288.90",-,-1.50%
2021년 06월 30일,"3,345.30","3,346.60","3,351.00","3,326.10",-,-0.11%
2021년 06월 29일,"3,348.90","3,321.60","3,350.00","3,305.00",-,0.77%
2021년 06월 28일,"3,323.10","3,274.40","3,333.70","3,274.10",-,2.52%
2021년 06월 25일,"3,241.50","3,263.40","3,270.20","3,233.60",-,-0.38%
2021년 06월 24일,"3,253.80","3,228.70","3,258.40","3,226.00",-,1.77%
2021년 06월 23일,"3,197.20","3,191.60","3,214.70","3,191.50",-,0.37%
2021년 06월 22일,"3,185.40","3,166.60","3,192.60","3,155.10",-,0.42%
2021년 06월 21일,"3,172.00","3,153.20","3,174.90","3,132.90",-,0.61%
2021년 06월 18일,"3,152.80","3,205.80","3,211.00","3,137.60",-,-2.44%
2021년 06월 17일,"3,231.70","3,189.30","3,255.30","3,189.10",-,0.96%
2021년 06월 16일,"3,201.00","3,237.00","3,246.30","3,173.50",-,-0.77%
2021년 06월 15일,"3,226.00","3,248.10","3,265.60","3,218.20",-,-0.90%
2021년 06월 14일,"3,255.30","3,213.60","3,255.60","3,200.00",-,1.41%
2021년 06월 11일,"3,210.10","3,198.90","3,210.30","3,186.30",-,0.43%
2021년 06월 10일,"3,196.20","3,165.20","3,205.80","3,156.80",-,1.19%
2021년 06월 09일,"3,158.50","3,183.40","3,190.70","3,157.80",-,-0.40%
2021년 06월 08일,"3,171.20","3,221.40","3,221.40","3,150.30",-,-0.64%
2021년 06월 07일,"3,191.70","3,199.10","3,205.30","3,172.50",-,-0.70%
2021년 06월 04일,"3,214.10","3,170.10","3,221.80","3,170.10",-,2.39%
2021년 06월 03일,"3,139.20","3,161.10","3,171.80","3,127.00",-,-1.81%
2021년 06월 02일,"3,197.00","3,167.70","3,206.80","3,163.80",-,0.71%
2021년 06월 01일,"3,174.30","3,210.10","3,233.90","3,160.40",-,-0.38%
2021년 05월 28일,"3,186.60","3,172.50","3,200.40","3,163.80",-,0.86%
2021년 05월 27일,"3,159.30","3,134.20","3,170.90","3,130.60",-,0.58%
2021년 05월 26일,"3,141.00","3,135.90","3,156.80","3,115.20",-,0.20%
2021년 05월 25일,"3,134.70","3,145.70","3,157.80","3,117.30",-,0.37%
2021년 05월 24일,"3,123.00","3,082.40","3,141.80","3,079.70",-,2.32%
2021년 05월 21일,"3,052.10","3,085.70","3,086.80","3,044.90",-,-0.46%
2021년 05월 20일,"3,066.10","3,010.80","3,078.30","3,010.00",-,2.64%
2021년 05월 19일,"2,987.30","2,864.40","2,989.80","2,862.70",-,1.98%
2021년 05월 18일,"2,929.10","2,977.90","2,985.90","2,927.30",-,-0.86%
2021년 05월 17일,"2,954.60","2,946.80","2,955.60","2,904.30",-,-0.90%
2021년 05월 14일,"2,981.40","2,932.00","3,006.10","2,907.40",-,3.02%
2021년 05월 13일,"2,893.90","2,899.80","2,934.40","2,862.90",-,1.50%
2021년 05월 12일,"2,851.10","2,906.40","2,926.90","2,842.30",-,-4.20%
2021년 05월 11일,"2,976.00","2,876.30","2,982.80","2,872.30",-,0.30%
2021년 05월 10일,"2,967.10","3,077.30","3,078.40","2,965.40",-,-4.66%
2021년 05월 07일,"3,112.00","3,103.90","3,129.90","3,085.70",-,1.49%
2021년 05월 06일,"3,066.20","3,032.60","3,068.50","3,002.70",-,0.77%
2021년 05월 05일,"3,042.90","3,063.20","3,080.70","3,022.70",-,0.61%
2021년 05월 04일,"3,024.30","3,029.30","3,036.10","2,969.10",-,-1.60%
2021년 05월 03일,"3,073.40","3,130.10","3,134.10","3,060.00",-,-1.15%
2021년 04월 30일,"3,109.00","3,145.50","3,169.40","3,101.40",-,-2.92%
2021년 04월 29일,"3,202.50","3,218.40","3,222.30","3,154.00",-,0.76%
2021년 04월 28일,"3,178.50","3,208.60","3,208.60","3,175.60",-,-1.46%
2021년 04월 27일,"3,225.60","3,266.30","3,266.30","3,220.30",-,-0.76%
2021년 04월 26일,"3,250.30","3,199.50","3,256.20","3,195.40",-,1.67%
2021년 04월 23일,"3,197.00","3,147.10","3,207.30","3,145.80",-,2.04%
2021년 04월 22일,"3,133.20","3,203.90","3,206.90","3,119.00",-,-2.31%
2021년 04월 21일,"3,207.30","3,128.20","3,209.30","3,113.70",-,2.75%
2021년 04월 20일,"3,121.40","3,158.90","3,171.20","3,106.20",-,-1.56%
2021년 04월 19일,"3,171.00","3,228.00","3,240.90","3,141.20",-,-2.52%
2021년 04월 16일,"3,253.10","3,274.10","3,275.60","3,248.50",-,-0.56%
2021년 04월 15일,"3,271.30","3,250.30","3,276.60","3,226.10",-,1.79%
2021년 04월 14일,"3,213.90","3,244.60","3,268.90","3,200.50",-,-1.19%
2021년 04월 13일,"3,252.70","3,275.50","3,284.90","3,223.50",-,-0.17%
2021년 04월 12일,"3,258.30","3,273.60","3,274.60","3,231.10",-,-1.10%
2021년 04월 09일,"3,294.50","3,272.40","3,295.80","3,262.90",-,-0.20%
2021년 04월 08일,"3,301.30","3,301.40","3,304.50","3,274.00",-,1.07%
2021년 04월 07일,"3,266.50","3,259.30","3,281.40","3,241.10",-,0.01%
2021년 04월 06일,"3,266.10","3,283.50","3,304.50","3,236.90",-,-1.19%
2021년 04월 05일,"3,305.40","3,282.90","3,314.20","3,255.30",-,2.01%
2021년 04월 01일,"3,240.20","3,187.30","3,242.30","3,180.50",-,3.69%
2021년 03월 31일,"3,124.90","3,073.50","3,147.10","3,072.50",-,2.64%
2021년 03월 30일,"3,044.60","3,034.80","3,055.80","3,013.30",-,-0.33%
2021년 03월 29일,"3,054.60","3,077.10","3,085.60","3,022.00",-,-1.66%
2021년 03월 26일,"3,106.30","2,961.20","3,110.70","2,958.80",-,4.95%
2021년 03월 25일,"2,959.90","2,902.40","2,971.80","2,881.00",-,0.20%
2021년 03월 24일,"2,954.00","3,049.80","3,057.40","2,952.30",-,-1.34%
2021년 03월 23일,"2,994.20","3,082.00","3,082.20","2,982.20",-,-2.71%
2021년 03월 22일,"3,077.60","3,055.40","3,112.40","3,040.70",-,2.20%
2021년 03월 19일,"3,011.40","2,976.60","3,039.40","2,945.50",-,1.18%
2021년 03월 18일,"2,976.20","3,058.60","3,069.30","2,974.70",-,-4.24%
2021년 03월 17일,"3,107.90","3,024.80","3,130.00","3,004.10",-,1.22%
2021년 03월 16일,"3,070.30","3,058.30","3,116.10","3,051.60",-,1.26%
2021년 03월 15일,"3,032.10","2,983.50","3,034.10","2,963.70",-,2.26%
2021년 03월 12일,"2,965.10","2,933.80","2,970.10","2,924.30",-,-1.07%
2021년 03월 11일,"2,997.10","2,965.20","3,015.00","2,948.40",-,4.09%
2021년 03월 10일,"2,879.30","2,969.90","2,976.10","2,876.20",-,-1.80%
2021년 03월 09일,"2,932.20","2,861.10","2,952.10","2,853.60",-,6.13%
2021년 03월 08일,"2,762.80","2,905.80","2,923.60","2,759.20",-,-5.41%
2021년 03월 05일,"2,920.80","2,898.00","2,928.10","2,764.80",-,3.15%
2021년 03월 04일,"2,831.60","2,947.90","2,980.10","2,793.80",-,-4.84%
2021년 03월 03일,"2,975.60","3,068.20","3,079.90","2,972.90",-,-3.11%
2021년 03월 02일,"3,070.90","3,165.40","3,166.60","3,068.30",-,-3.10%
2021년 03월 01일,"3,169.10","3,118.40","3,172.40","3,093.60",-,3.31%
2021년 02월 26일,"3,067.60","3,041.80","3,096.90","2,991.10",-,2.28%
2021년 02월 25일,"2,999.20","3,142.90","3,163.50","2,988.40",-,-5.80%
2021년 02월 24일,"3,183.70","3,063.20","3,186.10","3,037.10",-,3.24%
2021년 02월 23일,"3,083.90","3,041.90","3,105.00","2,960.40",-,-0.58%
2021년 02월 22일,"3,102.00","3,181.30","3,202.60","3,093.60",-,-3.77%
2021년 02월 19일,"3,223.50","3,195.10","3,241.70","3,188.10",-,2.44%
2021년 02월 18일,"3,146.80","3,142.20","3,160.00","3,108.50",-,-0.99%
2021년 02월 17일,"3,178.20","3,197.30","3,216.40","3,138.10",-,-1.87%
2021년 02월 16일,"3,238.90","3,250.60","3,269.00","3,222.40",-,0.59%
2021년 02월 12일,"3,219.90","3,172.20","3,226.10","3,155.60",-,1.23%
2021년 02월 11일,"3,180.80","3,107.20","3,182.60","3,106.10",-,3.45%
2021년 02월 10일,"3,074.90","3,096.00","3,108.90","3,035.00",-,0.32%
2021년 02월 09일,"3,064.90","3,070.80","3,089.40","3,053.60",-,-0.44%
2021년 02월 08일,"3,078.50","3,013.10","3,079.30","3,010.70",-,3.13%
2021년 02월 05일,"2,985.00","3,028.00","3,029.50","2,982.70",-,-0.78%
2021년 02월 04일,"3,008.40","2,966.50","3,010.50","2,951.90",-,0.86%
2021년 02월 03일,"2,982.90","3,057.60","3,063.30","2,982.50",-,-2.12%
2021년 02월 02일,"3,047.30","3,047.40","3,049.30","3,005.10",-,1.58%
2021년 02월 01일,"3,000.00","2,938.70","3,006.70","2,924.70",-,3.91%
2021년 01월 29일,"2,887.10","2,940.80","2,954.70","2,875.10",-,-1.64%
2021년 01월 28일,"2,935.10","2,933.10","2,977.50","2,909.10",-,2.09%
2021년 01월 27일,"2,875.10","2,941.60","2,961.60","2,862.20",-,-5.17%
2021년 01월 26일,"3,031.80","3,078.10","3,079.40","3,030.00",-,-1.54%
2021년 01월 25일,"3,079.20","3,102.90","3,107.80","3,023.60",-,0.16%
2021년 01월 22일,"3,074.40","3,098.40","3,116.20","3,073.90",-,-1.84%
2021년 01월 21일,"3,132.20","3,110.80","3,141.00","3,081.90",-,1.53%
2021년 01월 20일,"3,085.00","3,124.00","3,138.60","3,077.30",-,-0.27%
2021년 01월 19일,"3,093.30","3,041.90","3,097.50","3,035.00",-,3.36%
2021년 01월 15일,"2,992.80","3,043.40","3,043.40","2,976.00",-,-2.06%
2021년 01월 14일,"3,055.60","3,037.40","3,089.70","3,029.70",-,2.13%
2021년 01월 13일,"2,991.90","3,019.70","3,020.70","2,980.10",-,0.13%
2021년 01월 12일,"2,988.00","2,989.10","3,014.40","2,959.90",-,0.61%
2021년 01월 11일,"2,969.90","2,915.10","2,991.60","2,914.10",-,1.14%
2021년 01월 08일,"2,936.50","2,982.30","2,994.10","2,904.50",-,-0.02%
2021년 01월 07일,"2,937.00","2,873.70","2,943.90","2,873.20",-,3.86%
2021년 01월 06일,"2,828.00","2,820.90","2,884.60","2,803.50",-,-0.32%
2021년 01월 05일,"2,837.20","2,783.20","2,838.20","2,782.60",-,1.94%
2021년 01월 04일,"2,783.20","2,822.00","2,872.20","2,763.10",-,-0.44%
2020년 12월 31일,"2,795.50","2,787.70","2,798.10","2,768.40",-,0.42%
2020년 12월 30일,"2,783.80","2,754.70","2,788.90","2,754.70",-,1.67%
2020년 12월 29일,"2,738.10","2,757.60","2,757.70","2,709.00",-,-0.23%
2020년 12월 28일,"2,744.30","2,781.00","2,782.70","2,741.90",-,-0.22%
2020년 12월 24일,"2,750.20","2,733.70","2,751.70","2,730.80",-,0.98%
2020년 12월 23일,"2,723.50","2,754.90","2,754.90","2,721.90",-,-0.74%
2020년 12월 22일,"2,744.00","2,747.20","2,751.00","2,722.70",-,-0.12%
2020년 12월 21일,"2,747.30","2,718.70","2,751.10","2,703.80",-,-0.63%
2020년 12월 18일,"2,764.70","2,783.10","2,786.10","2,746.40",-,-0.48%
2020년 12월 17일,"2,778.10","2,791.40","2,792.10","2,768.10",-,0.17%
2020년 12월 16일,"2,773.40","2,780.00","2,780.50","2,753.90",-,-0.05%
2020년 12월 15일,"2,774.80","2,774.60","2,779.80","2,753.20",-,1.41%
2020년 12월 14일,"2,736.30","2,723.90","2,751.80","2,723.90",-,1.19%
2020년 12월 11일,"2,704.10","2,703.80","2,724.60","2,675.40",-,-1.08%
2020년 12월 10일,"2,733.70","2,712.00","2,754.60","2,704.60",-,-0.04%
2020년 12월 09일,"2,734.80","2,799.70","2,822.00","2,718.90",-,-2.89%
2020년 12월 08일,"2,816.30","2,805.00","2,825.90","2,790.30",-,0.34%
2020년 12월 07일,"2,806.60","2,796.30","2,809.00","2,780.10",-,0.49%
2020년 12월 04일,"2,793.00","2,728.60","2,793.70","2,724.60",-,2.83%
2020년 12월 03일,"2,716.10","2,730.30","2,745.90","2,713.60",-,-0.01%
2020년 12월 02일,"2,716.40","2,702.90","2,728.00","2,697.30",-,0.24%
2020년 12월 01일,"2,709.70","2,692.10","2,724.60","2,679.40",-,1.74%
2020년 11월 30일,"2,663.50","2,638.10","2,666.10","2,604.50",-,1.21%
2020년 11월 27일,"2,631.60","2,625.70","2,647.60","2,625.50",-,1.20%
2020년 11월 25일,"2,600.20","2,612.90","2,622.50","2,590.60",-,-0.34%
2020년 11월 24일,"2,609.00","2,607.40","2,612.20","2,569.50",-,0.53%
2020년 11월 23일,"2,595.30","2,568.50","2,602.90","2,561.40",-,1.56%
2020년 11월 20일,"2,555.50","2,577.80","2,591.90","2,553.70",-,-0.57%
2020년 11월 19일,"2,570.20","2,513.70","2,572.00","2,511.50",-,1.57%
2020년 11월 18일,"2,530.60","2,554.60","2,572.40","2,530.30",-,-0.72%
2020년 11월 17일,"2,549.00","2,556.60","2,563.60","2,532.00",-,-0.86%
2020년 11월 16일,"2,571.00","2,529.20","2,572.00","2,524.40",-,2.48%
2020년 11월 13일,"2,508.80","2,513.20","2,530.30","2,492.50",-,1.23%
2020년 11월 12일,"2,478.40","2,511.20","2,521.40","2,467.20",-,-1.31%
2020년 11월 11일,"2,511.20","2,465.60","2,514.40","2,464.50",-,3.67%
2020년 11월 10일,"2,422.30","2,474.90","2,485.60","2,417.40",-,-3.01%
2020년 11월 09일,"2,497.60","2,587.30","2,604.50","2,495.60",-,-1.25%
2020년 11월 06일,"2,529.30","2,486.90","2,537.50","2,474.60",-,1.61%
2020년 11월 05일,"2,489.20","2,452.40","2,493.30","2,451.90",-,4.40%
2020년 11월 04일,"2,384.20","2,345.10","2,393.80","2,322.40",-,3.54%
2020년 11월 03일,"2,302.70","2,281.50","2,319.90","2,279.30",-,1.89%
2020년 11월 02일,"2,260.10","2,269.40","2,281.40","2,238.70",-,0.62%
2020년 10월 30일,"2,246.10","2,257.10","2,270.50","2,221.30",-,-1.64%
2020년 10월 29일,"2,283.60","2,220.50","2,304.40","2,219.40",-,2.73%
2020년 10월 28일,"2,223.00","2,261.30","2,264.10","2,221.40",-,-3.39%
2020년 10월 27일,"2,300.90","2,328.10","2,331.70","2,293.00",-,-0.33%
2020년 10월 26일,"2,308.40","2,337.00","2,349.10","2,280.30",-,-2.19%
2020년 10월 23일,"2,360.20","2,355.60","2,361.20","2,338.30",-,-0.43%
2020년 10월 22일,"2,370.40","2,369.60","2,381.60","2,342.30",-,0.13%
2020년 10월 21일,"2,367.30","2,384.10","2,394.20","2,366.30",-,-0.78%
2020년 10월 20일,"2,385.80","2,397.90","2,404.90","2,379.40",-,0.00%
2020년 10월 19일,"2,385.90","2,418.90","2,432.90","2,379.30",-,-0.58%
2020년 10월 16일,"2,399.80","2,424.10","2,425.90","2,398.50",-,-0.47%
2020년 10월 15일,"2,411.10","2,371.20","2,416.40","2,369.20",-,-0.25%
2020년 10월 14일,"2,417.20","2,437.70","2,445.10","2,405.10",-,-0.53%
2020년 10월 13일,"2,430.10","2,438.00","2,449.20","2,418.10",-,-0.14%
2020년 10월 12일,"2,433.50","2,423.10","2,444.90","2,416.80",-,1.48%
2020년 10월 09일,"2,398.00","2,398.90","2,403.80","2,381.10",-,1.78%
2020년 10월 08일,"2,356.20","2,348.00","2,360.00","2,341.00",-,1.17%
2020년 10월 07일,"2,328.80","2,317.30","2,333.70","2,314.70",-,2.09%
2020년 10월 06일,"2,281.10","2,296.90","2,337.50","2,273.70",-,-0.63%
2020년 10월 05일,"2,295.60","2,245.20","2,296.10","2,245.00",-,3.35%
2020년 10월 02일,"2,221.10","2,236.40","2,270.30","2,220.70",-,-3.08%
2020년 10월 01일,"2,291.80","2,279.60","2,297.40","2,265.90",-,2.12%
2020년 09월 30일,"2,244.10","2,233.30","2,266.80","2,233.20",-,0.07%
2020년 09월 29일,"2,242.50","2,236.30","2,261.60","2,235.00",-,0.22%
2020년 09월 28일,"2,237.60","2,206.90","2,238.30","2,193.50",-,2.75%
2020년 09월 25일,"2,177.80","2,141.20","2,183.10","2,119.50",-,1.42%
2020년 09월 24일,"2,147.40","2,109.90","2,175.90","2,109.90",-,0.97%
2020년 09월 23일,"2,126.70","2,181.00","2,190.60","2,120.80",-,-2.46%
2020년 09월 22일,"2,180.30","2,167.10","2,181.80","2,132.90",-,1.21%
2020년 09월 21일,"2,154.30","2,123.40","2,154.90","2,102.20",-,-0.31%
2020년 09월 18일,"2,161.00","2,209.30","2,211.30","2,133.60",-,-1.51%
2020년 09월 17일,"2,194.10","2,135.70","2,199.50","2,135.70",-,-0.06%
2020년 09월 16일,"2,195.50","2,232.30","2,235.80","2,194.70",-,-1.07%
2020년 09월 15일,"2,219.20","2,208.90","2,233.70","2,207.00",-,1.72%
2020년 09월 14일,"2,181.80","2,184.00","2,194.50","2,164.60",-,2.12%
2020년 09월 11일,"2,136.40","2,158.90","2,176.60","2,115.10",-,-0.07%
2020년 09월 10일,"2,137.80","2,192.00","2,202.80","2,126.70",-,-1.47%
2020년 09월 09일,"2,169.60","2,157.30","2,186.30","2,135.30",-,2.89%
2020년 09월 08일,"2,108.60","2,124.90","2,174.90","2,106.70",-,-4.71%
2020년 09월 04일,"2,212.70","2,218.30","2,252.00","2,137.00",-,-0.96%
2020년 09월 03일,"2,234.20","2,324.60","2,326.60","2,221.50",-,-5.74%
2020년 09월 02일,"2,370.20","2,340.60","2,382.30","2,317.00",-,2.84%
2020년 09월 01일,"2,304.70","2,275.60","2,305.50","2,264.90",-,1.96%
2020년 08월 31일,"2,260.40","2,259.10","2,277.80","2,243.70",-,-0.16%
2020년 08월 28일,"2,264.10","2,225.80","2,264.60","2,222.20",-,1.98%
2020년 08월 27일,"2,220.10","2,258.10","2,258.10","2,208.00",-,-1.34%
2020년 08월 26일,"2,250.20","2,245.20","2,256.40","2,237.40",-,0.32%
2020년 08월 25일,"2,243.10","2,226.30","2,243.40","2,222.00",-,1.07%
2020년 08월 24일,"2,219.40","2,224.90","2,227.50","2,202.80",-,0.96%
2020년 08월 21일,"2,198.30","2,178.00","2,199.30","2,170.60",-,0.79%
2020년 08월 20일,"2,181.00","2,169.10","2,192.40","2,166.80",-,-0.90%
2020년 08월 19일,"2,200.80","2,219.40","2,221.90","2,195.80",-,-0.63%
2020년 08월 18일,"2,214.70","2,237.30","2,241.00","2,209.20",-,-0.58%
2020년 08월 17일,"2,227.60","2,215.30","2,237.80","2,215.30",-,1.22%
2020년 08월 14일,"2,200.80","2,203.10","2,227.90","2,194.40",-,-0.07%
2020년 08월 13일,"2,202.40","2,221.60","2,226.70","2,193.50",-,-1.11%
2020년 08월 12일,"2,227.20","2,173.90","2,232.00","2,168.90",-,3.36%
2020년 08월 11일,"2,154.80","2,177.10","2,199.10","2,149.50",-,-1.14%
2020년 08월 10일,"2,179.60","2,181.40","2,188.00","2,148.10",-,0.03%
2020년 08월 07일,"2,178.90","2,199.40","2,210.00","2,153.50",-,-1.18%
2020년 08월 06일,"2,204.90","2,199.00","2,207.70","2,181.80",-,-0.12%
2020년 08월 05일,"2,207.60","2,202.50","2,215.50","2,191.30",-,-0.10%
2020년 08월 04일,"2,209.80","2,177.40","2,209.90","2,174.90",-,1.49%
2020년 08월 03일,"2,177.30","2,156.60","2,181.50","2,151.20",-,1.91%
2020년 07월 31일,"2,136.40","2,144.70","2,145.40","2,104.90",-,-0.52%
2020년 07월 30일,"2,147.60","2,105.40","2,148.60","2,098.80",-,1.96%
2020년 07월 29일,"2,106.30","2,084.60","2,114.20","2,079.50",-,2.23%
2020년 07월 28일,"2,060.40","2,082.90","2,084.80","2,058.90",-,-2.10%
2020년 07월 27일,"2,104.60","2,057.00","2,105.60","2,056.50",-,3.23%
2020년 07월 24일,"2,038.70","2,024.20","2,068.70","2,010.70",-,-1.56%
2020년 07월 23일,"2,071.00","2,106.90","2,122.50","2,054.50",-,-1.64%
2020년 07월 22일,"2,105.40","2,101.80","2,120.90","2,088.30",-,0.42%
2020년 07월 21일,"2,096.60","2,125.70","2,126.60","2,089.60",-,-0.66%
2020년 07월 20일,"2,110.50","2,070.20","2,114.30","2,057.90",-,2.00%
2020년 07월 17일,"2,069.00","2,067.50","2,076.10","2,056.60",-,0.64%
2020년 07월 16일,"2,055.90","2,038.90","2,063.40","2,032.60",-,-0.40%
2020년 07월 15일,"2,064.20","2,077.50","2,077.50","2,033.20",-,-0.27%
2020년 07월 14일,"2,069.80","2,020.90","2,073.40","1,994.30",-,1.75%
2020년 07월 13일,"2,034.10","2,099.30","2,121.90","2,031.30",-,-1.72%
2020년 07월 10일,"2,069.80","2,079.60","2,083.30","2,049.60",-,-0.33%
2020년 07월 09일,"2,076.70","2,058.00","2,088.50","2,028.00",-,1.32%
2020년 07월 08일,"2,049.80","2,038.50","2,051.10","2,020.80",-,1.48%
2020년 07월 07일,"2,019.80","2,042.40","2,053.30","2,016.60",-,-1.32%
2020년 07월 06일,"2,046.80","2,030.70","2,053.00","2,030.20",-,2.67%
2020년 07월 02일,"1,993.60","1,994.20","2,011.10","1,986.40",-,1.35%
2020년 07월 01일,"1,967.00","1,993.80","1,995.90","1,966.00",-,-1.48%
2020년 06월 30일,"1,996.40","1,954.50","2,002.10","1,953.20",-,2.70%
2020년 06월 29일,"1,943.90","1,924.80","1,944.60","1,899.80",-,1.14%
2020년 06월 26일,"1,921.90","1,959.50","1,964.00","1,917.80",-,-2.00%
2020년 06월 25일,"1,961.10","1,941.60","1,963.70","1,914.30",-,0.86%
2020년 06월 24일,"1,944.30","1,976.60","1,988.20","1,930.70",-,-2.18%
2020년 06월 23일,"1,987.70","2,002.10","2,009.80","1,986.10",-,0.22%
2020년 06월 22일,"1,983.40","1,960.70","1,986.60","1,948.10",-,0.84%
2020년 06월 19일,"1,966.80","1,999.90","2,008.50","1,963.20",-,-0.67%
2020년 06월 18일,"1,980.10","1,979.10","1,989.20","1,970.00",-,-0.20%
2020년 06월 17일,"1,984.10","1,978.30","2,000.70","1,971.90",-,0.94%
2020년 06월 16일,"1,965.70","1,988.50","1,999.00","1,933.20",-,1.80%
2020년 06월 15일,"1,931.00","1,865.40","1,933.30","1,857.20",-,1.43%
2020년 06월 12일,"1,903.80","1,930.70","1,941.20","1,862.70",-,1.45%
2020년 06월 11일,"1,876.70","1,948.20","1,961.60","1,876.20",-,-6.39%
2020년 06월 10일,"2,004.70","2,006.70","2,025.10","1,999.40",-,0.33%
2020년 06월 09일,"1,998.10","1,974.90","2,006.30","1,968.80",-,-0.03%
2020년 06월 08일,"1,998.60","2,007.80","2,010.50","1,977.90",-,-0.26%
2020년 06월 05일,"2,003.80","1,998.60","2,030.50","1,997.30",-,2.57%
2020년 06월 04일,"1,953.50","1,928.00","1,968.30","1,923.30",-,0.83%
2020년 06월 03일,"1,937.50","1,915.90","1,945.10","1,915.90",-,2.87%
2020년 06월 02일,"1,883.40","1,849.70","1,884.80","1,840.40",-,2.18%
2020년 06월 01일,"1,843.20","1,841.60","1,851.20","1,828.40",-,-0.50%
2020년 05월 29일,"1,852.50","1,816.50","1,857.60","1,807.60",-,2.65%
2020년 05월 28일,"1,804.70","1,843.10","1,857.40","1,797.10",-,-2.31%
2020년 05월 27일,"1,847.30","1,823.80","1,847.50","1,774.10",-,1.47%
2020년 05월 26일,"1,820.50","1,851.60","1,856.80","1,817.70",-,1.01%
2020년 05월 22일,"1,802.30","1,790.80","1,803.60","1,772.70",-,0.63%
2020년 05월 21일,"1,791.00","1,835.30","1,839.90","1,789.50",-,-2.71%
2020년 05월 20일,"1,840.80","1,818.20","1,850.70","1,816.00",-,3.67%
2020년 05월 19일,"1,775.60","1,777.50","1,815.30","1,774.80",-,-0.39%
2020년 05월 18일,"1,782.50","1,746.70","1,789.30","1,746.10",-,4.80%
2020년 05월 15일,"1,700.90","1,681.60","1,707.00","1,669.30",-,-2.19%
2020년 05월 14일,"1,739.10","1,677.80","1,739.80","1,650.80",-,2.81%
2020년 05월 13일,"1,691.60","1,729.60","1,741.60","1,667.50",-,-1.95%
2020년 05월 12일,"1,725.20","1,784.20","1,790.70","1,724.40",-,-2.77%
2020년 05월 11일,"1,774.30","1,757.40","1,788.90","1,756.60",-,-0.07%
2020년 05월 08일,"1,775.60","1,745.20","1,777.00","1,738.40",-,2.94%
2020년 05월 07일,"1,724.90","1,740.00","1,744.50","1,716.20",-,1.01%
2020년 05월 06일,"1,707.80","1,710.50","1,734.10","1,704.10",-,1.08%
2020년 05월 05일,"1,689.50","1,690.90","1,719.90","1,679.30",-,1.70%
2020년 05월 04일,"1,661.30","1,634.30","1,663.10","1,625.80",-,1.03%
2020년 05월 01일,"1,644.40","1,682.10","1,694.00","1,639.20",-,-5.02%
2020년 04월 30일,"1,731.20","1,781.80","1,781.80","1,730.00",-,-3.70%
2020년 04월 29일,"1,797.80","1,748.30","1,803.00","1,742.60",-,4.94%
2020년 04월 28일,"1,713.20","1,760.90","1,764.90","1,712.30",-,-0.69%
2020년 04월 27일,"1,725.00","1,720.20","1,740.10","1,715.80",-,1.32%
2020년 04월 24일,"1,702.60","1,665.00","1,704.10","1,651.70",-,2.28%
2020년 04월 23일,"1,664.70","1,679.10","1,700.20","1,661.40",-,-1.04%
2020년 04월 22일,"1,682.10","1,641.40","1,690.10","1,630.10",-,5.88%
2020년 04월 21일,"1,588.70","1,642.00","1,650.20","1,582.20",-,-4.73%
2020년 04월 20일,"1,667.60","1,677.60","1,704.30","1,666.40",-,-2.23%
2020년 04월 17일,"1,705.60","1,724.00","1,724.80","1,684.70",-,0.87%
2020년 04월 16일,"1,690.90","1,677.00","1,696.30","1,654.20",-,2.61%
2020년 04월 15일,"1,647.90","1,652.90","1,657.60","1,631.10",-,-2.82%
2020년 04월 14일,"1,695.80","1,662.30","1,696.90","1,658.00",-,4.44%
2020년 04월 13일,"1,623.70","1,591.30","1,626.30","1,585.70",-,1.37%
2020년 04월 09일,"1,601.70","1,660.40","1,673.70","1,587.90",-,-2.33%
2020년 04월 08일,"1,639.90","1,608.80","1,645.00","1,590.50",-,3.44%
2020년 04월 07일,"1,585.40","1,647.90","1,648.40","1,582.70",-,-0.47%
2020년 04월 06일,"1,592.90","1,514.10","1,598.70","1,508.70",-,10.38%
2020년 04월 03일,"1,443.00","1,472.20","1,487.20","1,425.10",-,-2.14%
2020년 04월 02일,"1,474.60","1,416.60","1,476.70","1,416.60",-,3.28%
2020년 04월 01일,"1,427.70","1,455.00","1,498.00","1,414.30",-,-5.49%
2020년 03월 31일,"1,510.60","1,542.90","1,568.10","1,499.80",-,-2.25%
2020년 03월 30일,"1,545.30","1,506.50","1,547.10","1,496.00",-,3.80%
2020년 03월 27일,"1,488.80","1,512.80","1,541.50","1,485.30",-,-5.33%
2020년 03월 26일,"1,572.60","1,499.80","1,574.60","1,492.80",-,6.79%
2020년 03월 25일,"1,472.60","1,495.40","1,550.80","1,448.90",-,-1.29%
2020년 03월 24일,"1,491.80","1,434.10","1,492.80","1,425.30",-,11.15%
2020년 03월 23일,"1,342.10","1,315.20","1,366.30","1,280.80",-,3.36%
2020년 03월 20일,"1,298.50","1,375.00","1,409.00","1,296.40",-,-3.18%
2020년 03월 19일,"1,341.20","1,282.00","1,378.30","1,253.40",-,4.23%
2020년 03월 18일,"1,286.80","1,317.90","1,373.90","1,234.00",-,-9.79%
2020년 03월 17일,"1,426.50","1,332.90","1,434.30","1,282.70",-,9.84%
2020년 03월 16일,"1,298.80","1,433.60","1,446.80","1,297.10",-,-15.90%
2020년 03월 13일,"1,544.30","1,481.20","1,544.80","1,392.40",-,10.93%
2020년 03월 12일,"1,392.10","1,444.60","1,513.70","1,389.00",-,-10.91%
2020년 03월 11일,"1,562.50","1,607.40","1,625.40","1,545.70",-,-5.67%
2020년 03월 10일,"1,656.50","1,612.70","1,656.90","1,559.90",-,6.31%
2020년 03월 09일,"1,558.20","1,560.70","1,637.90","1,555.40",-,-8.34%
2020년 03월 06일,"1,699.90","1,685.50","1,713.30","1,657.70",-,-1.97%
2020년 03월 05일,"1,734.00","1,742.40","1,780.00","1,721.60",-,-3.10%
2020년 03월 04일,"1,789.60","1,737.30","1,789.70","1,715.80",-,4.94%
2020년 03월 03일,"1,705.30","1,768.10","1,797.00","1,692.10",-,-3.41%
2020년 03월 02일,"1,765.40","1,727.60","1,766.40","1,680.90",-,3.51%
2020년 02월 28일,"1,705.50","1,605.90","1,716.20","1,605.90",-,2.21%
2020년 02월 27일,"1,668.70","1,692.60","1,731.00","1,664.90",-,-4.65%
2020년 02월 26일,"1,749.90","1,761.40","1,787.80","1,739.00",-,0.22%
2020년 02월 25일,"1,746.10","1,824.70","1,826.30","1,737.30",-,-3.06%
2020년 02월 24일,"1,801.20","1,793.10","1,827.90","1,788.40",-,-4.75%
2020년 02월 21일,"1,891.10","1,936.80","1,938.40","1,883.90",-,-2.99%
2020년 02월 20일,"1,949.30","1,970.60","1,977.20","1,919.90",-,-1.53%
2020년 02월 19일,"1,979.50","1,956.60","1,982.10","1,956.60",-,2.61%
2020년 02월 18일,"1,929.10","1,920.20","1,932.80","1,916.40",-,-1.40%
2020년 02월 14일,"1,956.60","1,978.10","1,983.70","1,945.70",-,-0.19%
2020년 02월 13일,"1,960.30","1,943.00","1,974.60","1,942.80",-,0.08%
2020년 02월 12일,"1,958.80","1,951.60","1,962.00","1,950.10",-,1.44%
2020년 02월 11일,"1,931.10","1,911.30","1,940.70","1,911.30",-,2.02%
2020년 02월 10일,"1,892.80","1,850.00","1,893.00","1,850.00",-,1.53%
2020년 02월 07일,"1,864.40","1,889.90","1,891.20","1,863.60",-,-2.37%
2020년 02월 06일,"1,909.60","1,909.90","1,911.60","1,887.00",-,0.01%
2020년 02월 05일,"1,909.50","1,907.20","1,914.00","1,882.70",-,2.19%
2020년 02월 04일,"1,868.70","1,859.90","1,870.20","1,849.80",-,3.12%
2020년 02월 03일,"1,812.20","1,794.70","1,814.90","1,794.30",-,1.24%
2020년 01월 31일,"1,789.90","1,840.30","1,840.50","1,782.20",-,-3.55%
2020년 01월 30일,"1,855.80","1,844.30","1,861.80","1,820.40",-,-0.16%
2020년 01월 29일,"1,858.70","1,886.80","1,890.90","1,857.30",-,-1.83%
2020년 01월 28일,"1,893.30","1,871.10","1,899.50","1,859.90",-,2.40%
2020년 01월 27일,"1,848.90","1,863.20","1,872.90","1,846.60",-,-3.91%
2020년 01월 24일,"1,924.00","1,973.10","1,975.00","1,910.20",-,-1.10%
2020년 01월 23일,"1,945.40","1,934.40","1,945.90","1,918.40",-,0.78%
2020년 01월 22일,"1,930.20","1,930.60","1,950.60","1,924.90",-,0.80%
2020년 01월 21일,"1,915.00","1,909.50","1,922.80","1,908.40",-,-0.08%
2020년 01월 17일,"1,916.60","1,913.10","1,917.60","1,902.20",-,0.67%
2020년 01월 16일,"1,903.90","1,888.70","1,903.90","1,886.80",-,1.70%
2020년 01월 15일,"1,872.20","1,889.50","1,890.10","1,865.90",-,-1.19%
2020년 01월 14일,"1,894.60","1,892.00","1,909.10","1,884.10",-,0.20%
2020년 01월 13일,"1,890.80","1,879.90","1,892.40","1,873.70",-,1.31%
2020년 01월 10일,"1,866.30","1,886.80","1,887.90","1,862.10",-,-0.66%
2020년 01월 09일,"1,878.70","1,887.20","1,891.10","1,860.60",-,0.60%
2020년 01월 08일,"1,867.60","1,866.80","1,879.00","1,858.50",-,0.02%
2020년 01월 07일,"1,867.30","1,852.70","1,875.60","1,845.50",-,1.78%
2020년 01월 06일,"1,834.70","1,825.60","1,840.20","1,821.90",-,-1.04%
2020년 01월 03일,"1,854.00","1,850.80","1,869.70","1,848.70",-,-1.80%
2020년 01월 02일,"1,887.90","1,875.30","1,888.10","1,864.90",-,2.07%
2019년 12월 31일,"1,849.60","1,836.20","1,851.10","1,835.30",-,0.28%
2019년 12월 30일,"1,844.40","1,856.60","1,856.70","1,832.10",-,-0.76%
2019년 12월 27일,"1,858.60","1,870.60","1,871.20","1,853.90",-,-0.32%
2019년 12월 26일,"1,864.50","1,865.40","1,867.40","1,857.30",-,0.12%
2019년 12월 24일,"1,862.20","1,860.00","1,862.60","1,851.60",-,0.27%
2019년 12월 23일,"1,857.10","1,862.30","1,865.10","1,855.90",-,0.18%
2019년 12월 20일,"1,853.90","1,837.80","1,856.40","1,837.70",-,1.03%
2019년 12월 19일,"1,835.00","1,827.80","1,835.30","1,819.70",-,0.81%
2019년 12월 18일,"1,820.30","1,824.20","1,826.60","1,815.50",-,-0.09%
2019년 12월 17일,"1,821.90","1,821.90","1,825.90","1,813.50",-,0.47%
2019년 12월 16일,"1,813.30","1,817.60","1,830.10","1,813.10",-,0.96%
2019년 12월 13일,"1,796.00","1,800.00","1,824.20","1,789.40",-,-0.60%
2019년 12월 12일,"1,806.90","1,758.00","1,808.50","1,757.70",-,2.71%
2019년 12월 11일,"1,759.20","1,726.90","1,760.40","1,726.90",-,2.23%
2019년 12월 10일,"1,720.90","1,720.00","1,733.20","1,716.00",-,0.35%
2019년 12월 09일,"1,715.00","1,724.70","1,729.10","1,714.80",-,-0.54%
2019년 12월 06일,"1,724.20","1,717.80","1,728.20","1,717.30",-,1.56%
2019년 12월 05일,"1,697.70","1,699.00","1,706.20","1,690.90",-,0.37%
2019년 12월 04일,"1,691.40","1,687.30","1,697.30","1,685.30",-,1.55%
2019년 12월 03일,"1,665.70","1,653.40","1,666.30","1,647.00",-,-1.54%
2019년 12월 02일,"1,691.80","1,721.00","1,721.00","1,690.20",-,-1.46%
2019년 11월 29일,"1,716.80","1,725.80","1,729.10","1,715.80",-,-1.10%
2019년 11월 27일,"1,735.90","1,730.60","1,736.30","1,729.40",-,0.73%
2019년 11월 26일,"1,723.30","1,728.30","1,729.30","1,716.40",-,-0.50%
2019년 11월 25일,"1,731.90","1,706.60","1,732.30","1,706.60",-,2.43%
2019년 11월 22일,"1,690.80","1,699.00","1,705.30","1,686.60",-,0.00%
2019년 11월 21일,"1,690.80","1,693.20","1,706.80","1,684.40",-,-1.13%
2019년 11월 20일,"1,710.10","1,721.40","1,731.00","1,697.80",-,-1.18%
2019년 11월 19일,"1,730.50","1,749.40","1,750.30","1,721.40",-,-0.48%
2019년 11월 18일,"1,738.80","1,738.90","1,750.40","1,730.30",-,-0.24%
2019년 11월 15일,"1,742.90","1,749.70","1,758.30","1,735.40",-,0.89%
2019년 11월 14일,"1,727.60","1,724.30","1,729.50","1,715.30",-,-0.30%
2019년 11월 13일,"1,732.90","1,718.30","1,737.90","1,714.90",-,0.03%
2019년 11월 12일,"1,732.40","1,737.10","1,745.30","1,725.70",-,0.28%
2019년 11월 11일,"1,727.60","1,722.30","1,731.00","1,714.80",-,-0.53%
2019년 11월 08일,"1,736.80","1,717.80","1,736.90","1,711.00",-,0.53%
2019년 11월 07일,"1,727.70","1,741.00","1,745.70","1,719.70",-,0.70%
2019년 11월 06일,"1,715.70","1,721.50","1,722.20","1,699.50",-,-0.84%
2019년 11월 05일,"1,730.20","1,729.90","1,743.00","1,724.00",-,0.19%
2019년 11월 04일,"1,726.90","1,714.90","1,729.70","1,710.70",-,2.19%
2019년 11월 01일,"1,689.90","1,667.30","1,690.00","1,661.70",-,2.34%
2019년 10월 31일,"1,651.20","1,652.90","1,653.20","1,630.90",-,-0.62%
2019년 10월 30일,"1,661.50","1,670.90","1,671.00","1,649.70",-,-0.06%
2019년 10월 29일,"1,662.50","1,682.10","1,691.20","1,661.20",-,-0.90%
2019년 10월 28일,"1,677.60","1,662.60","1,679.70","1,662.60",-,1.75%
2019년 10월 25일,"1,648.70","1,624.70","1,650.20","1,624.60",-,2.05%
2019년 10월 24일,"1,615.50","1,600.80","1,616.10","1,595.00",-,2.47%
2019년 10월 23일,"1,576.60","1,576.30","1,590.80","1,566.50",-,-1.93%
2019년 10월 22일,"1,607.60","1,622.60","1,626.40","1,607.00",-,-0.77%
2019년 10월 21일,"1,620.00","1,606.10","1,620.80","1,601.00",-,1.88%
2019년 10월 18일,"1,590.10","1,601.90","1,608.30","1,575.30",-,-1.06%
2019년 10월 17일,"1,607.20","1,620.70","1,625.60","1,598.00",-,0.34%
2019년 10월 16일,"1,601.80","1,613.70","1,625.00","1,599.00",-,-1.47%
2019년 10월 15일,"1,625.70","1,600.70","1,629.50","1,598.50",-,2.22%
2019년 10월 14일,"1,590.40","1,588.70","1,594.10","1,583.20",-,-0.05%
2019년 10월 11일,"1,591.10","1,588.00","1,609.50","1,584.20",-,2.27%
2019년 10월 10일,"1,555.80","1,546.00","1,571.40","1,545.10",-,0.97%
2019년 10월 09일,"1,540.80","1,537.30","1,550.30","1,532.00",-,1.74%
2019년 10월 08일,"1,514.40","1,545.30","1,546.80","1,514.20",-,-3.12%
2019년 10월 07일,"1,563.20","1,572.70","1,579.20","1,562.80",-,-0.71%
2019년 10월 04일,"1,574.40","1,555.80","1,575.10","1,551.70",-,1.85%
2019년 10월 03일,"1,545.80","1,522.30","1,547.30","1,502.70",-,1.71%
2019년 10월 02일,"1,519.80","1,529.20","1,534.70","1,510.50",-,-1.58%
2019년 10월 01일,"1,544.20","1,572.20","1,588.00","1,539.00",-,-0.93%
2019년 09월 30일,"1,558.80","1,550.60","1,560.20","1,543.60",-,1.03%
2019년 09월 27일,"1,542.90","1,568.10","1,575.20","1,531.70",-,-2.36%
2019년 09월 26일,"1,580.10","1,580.40","1,585.40","1,565.60",-,0.03%
2019년 09월 25일,"1,579.60","1,542.50","1,584.20","1,532.40",-,1.78%
2019년 09월 24일,"1,552.00","1,586.70","1,590.20","1,545.00",-,-1.65%
2019년 09월 23일,"1,578.10","1,563.10","1,586.50","1,563.10",-,0.97%
2019년 09월 20일,"1,563.00","1,591.80","1,592.20","1,557.00",-,-1.83%
2019년 09월 19일,"1,592.10","1,605.10","1,608.30","1,590.50",-,-0.55%
2019년 09월 18일,"1,600.90","1,598.30","1,601.40","1,578.90",-,0.08%
2019년 09월 17일,"1,599.70","1,591.10","1,600.90","1,582.50",-,0.33%
2019년 09월 16일,"1,594.50","1,586.60","1,601.90","1,581.00",-,-0.70%
2019년 09월 13일,"1,605.70","1,610.70","1,613.80","1,598.20",-,-0.32%
2019년 09월 12일,"1,610.80","1,616.00","1,625.20","1,599.90",-,0.29%
2019년 09월 11일,"1,606.20","1,587.60","1,606.20","1,580.20",-,1.46%
2019년 09월 10일,"1,583.20","1,568.90","1,583.20","1,558.10",-,0.43%
2019년 09월 09일,"1,576.40","1,578.70","1,588.80","1,569.70",-,0.51%
2019년 09월 06일,"1,568.30","1,567.80","1,574.00","1,558.90",-,0.14%
2019년 09월 05일,"1,566.20","1,552.80","1,583.70","1,552.80",-,3.07%
2019년 09월 04일,"1,519.60","1,504.00","1,519.70","1,503.50",-,2.79%
2019년 09월 03일,"1,478.30","1,490.70","1,493.10","1,470.40",-,-1.77%
2019년 08월 30일,"1,504.90","1,511.00","1,517.30","1,497.10",-,0.61%
2019년 08월 29일,"1,495.80","1,488.00","1,505.40","1,488.00",-,2.25%
2019년 08월 28일,"1,462.80","1,446.90","1,464.80","1,437.40",-,0.60%
2019년 08월 27일,"1,454.10","1,470.70","1,475.40","1,445.80",-,-0.33%
2019년 08월 26일,"1,458.90","1,467.70","1,469.40","1,453.00",-,0.86%
2019년 08월 23일,"1,446.40","1,494.10","1,505.20","1,442.00",-,-4.36%
2019년 08월 22일,"1,512.30","1,515.80","1,520.20","1,497.00",-,-0.03%
2019년 08월 21일,"1,512.70","1,512.60","1,519.30","1,506.00",-,0.92%
2019년 08월 20일,"1,498.90","1,502.60","1,509.40","1,491.10",-,-0.54%
2019년 08월 19일,"1,507.00","1,513.10","1,519.30","1,499.50",-,1.88%
2019년 08월 16일,"1,479.30","1,454.70","1,482.70","1,454.70",-,2.78%
2019년 08월 15일,"1,439.30","1,448.50","1,452.70","1,427.20",-,-0.23%
2019년 08월 14일,"1,442.50","1,452.30","1,465.90","1,435.50",-,-3.16%
2019년 08월 13일,"1,489.70","1,447.00","1,501.20","1,436.80",-,2.95%
2019년 08월 12일,"1,447.00","1,453.30","1,464.20","1,440.00",-,-1.19%
2019년 08월 09일,"1,464.30","1,476.50","1,481.30","1,455.20",-,-1.81%
2019년 08월 08일,"1,491.30","1,464.40","1,491.60","1,455.30",-,2.70%
2019년 08월 07일,"1,452.10","1,424.90","1,455.50","1,423.60",-,0.72%
2019년 08월 06일,"1,441.80","1,448.70","1,459.70","1,425.90",-,1.28%
2019년 08월 05일,"1,423.50","1,443.20","1,446.00","1,411.70",-,-4.36%
2019년 08월 02일,"1,488.40","1,494.50","1,508.60","1,476.40",-,-1.56%
2019년 08월 01일,"1,512.00","1,539.10","1,579.50","1,498.90",-,-1.97%
2019년 07월 31일,"1,542.40","1,581.90","1,583.90","1,527.40",-,-3.22%
2019년 07월 30일,"1,593.80","1,579.10","1,597.90","1,578.20",-,-0.26%
2019년 07월 29일,"1,598.00","1,592.30","1,600.50","1,578.20",-,0.26%
2019년 07월 26일,"1,593.90","1,604.20","1,605.70","1,593.50",-,-0.02%
2019년 07월 25일,"1,594.10","1,606.60","1,608.80","1,590.40",-,-1.72%
2019년 07월 24일,"1,622.00","1,589.40","1,625.10","1,589.40",-,3.10%
2019년 07월 23일,"1,573.30","1,562.30","1,573.40","1,556.20",-,1.23%
2019년 07월 22일,"1,554.10","1,535.70","1,556.40","1,535.70",-,1.98%
2019년 07월 19일,"1,523.90","1,530.10","1,538.90","1,523.40",-,-0.20%
2019년 07월 18일,"1,527.00","1,504.80","1,530.00","1,504.50",-,1.54%
2019년 07월 17일,"1,503.90","1,508.20","1,511.70","1,500.70",-,0.28%
2019년 07월 16일,"1,499.60","1,506.70","1,508.50","1,492.60",-,-1.07%
2019년 07월 15일,"1,515.90","1,512.60","1,521.60","1,508.00",-,0.77%
2019년 07월 12일,"1,504.30","1,482.60","1,504.70","1,482.40",-,1.90%
2019년 07월 11일,"1,476.30","1,476.80","1,481.70","1,467.30",-,0.32%
2019년 07월 10일,"1,471.50","1,474.60","1,492.30","1,469.80",-,0.70%
2019년 07월 09일,"1,461.20","1,440.40","1,462.80","1,440.10",-,0.74%
2019년 07월 08일,"1,450.40","1,448.90","1,455.20","1,442.60",-,-0.77%
2019년 07월 05일,"1,461.70","1,454.10","1,464.10","1,446.50",-,-0.60%
2019년 07월 03일,"1,470.50","1,474.50","1,474.60","1,460.20",-,-0.43%
2019년 07월 02일,"1,476.80","1,491.30","1,491.30","1,470.90",-,-1.38%
2019년 07월 01일,"1,497.60","1,524.10","1,531.40","1,486.30",-,2.65%
2019년 06월 28일,"1,459.00","1,469.50","1,471.80","1,456.00",-,0.14%
2019년 06월 27일,"1,456.90","1,447.80","1,464.80","1,446.20",-,1.47%
2019년 06월 26일,"1,435.80","1,420.00","1,444.20","1,419.90",-,3.21%
2019년 06월 25일,"1,391.10","1,413.80","1,420.30","1,390.30",-,-1.48%
2019년 06월 24일,"1,412.10","1,412.70","1,418.00","1,407.70",-,0.11%
2019년 06월 21일,"1,410.50","1,414.30","1,424.80","1,408.80",-,-0.74%
2019년 06월 20일,"1,421.00","1,439.90","1,441.40","1,413.80",-,0.98%
2019년 06월 19일,"1,407.30","1,414.50","1,416.90","1,400.30",-,0.08%
2019년 06월 18일,"1,406.20","1,364.80","1,415.40","1,362.30",-,4.33%
2019년 06월 17일,"1,347.90","1,357.30","1,361.90","1,346.90",-,-0.64%
2019년 06월 14일,"1,356.60","1,351.20","1,363.20","1,348.00",-,-2.61%
2019년 06월 13일,"1,392.90","1,392.80","1,398.30","1,382.70",-,0.58%
2019년 06월 12일,"1,384.90","1,404.70","1,405.30","1,383.70",-,-2.33%
2019년 06월 11일,"1,418.00","1,439.00","1,440.80","1,408.40",-,0.29%
2019년 06월 10일,"1,413.90","1,399.10","1,430.40","1,398.90",-,2.54%
2019년 06월 07일,"1,378.80","1,369.60","1,382.60","1,365.70",-,1.15%
2019년 06월 06일,"1,363.10","1,348.10","1,368.70","1,342.70",-,1.34%
2019년 06월 05일,"1,345.10","1,365.30","1,369.50","1,328.20",-,-0.75%
2019년 06월 04일,"1,355.30","1,323.10","1,356.30","1,312.70",-,4.21%
2019년 06월 03일,"1,300.50","1,313.30","1,324.80","1,293.10",-,0.33%
2019년 05월 31일,"1,296.20","1,298.10","1,317.40","1,295.20",-,-1.45%
2019년 05월 30일,"1,315.30","1,310.00","1,325.80","1,305.30",-,0.74%
2019년 05월 29일,"1,305.60","1,288.50","1,311.40","1,287.00",-,0.41%
2019년 05월 28일,"1,300.30","1,317.90","1,323.80","1,298.10",-,-0.89%
2019년 05월 24일,"1,312.00","1,334.20","1,339.40","1,310.90",-,-0.82%
2019년 05월 23일,"1,322.80","1,316.30","1,324.50","1,302.10",-,-1.65%
2019년 05월 22일,"1,345.00","1,345.10","1,359.20","1,341.10",-,-2.12%
2019년 05월 21일,"1,374.20","1,375.50","1,380.60","1,363.00",-,2.13%
2019년 05월 20일,"1,345.60","1,355.90","1,367.70","1,337.20",-,-4.02%
2019년 05월 17일,"1,402.00","1,408.10","1,436.20","1,396.80",-,-1.96%
2019년 05월 16일,"1,430.10","1,432.00","1,446.20","1,421.70",-,-1.68%
2019년 05월 15일,"1,454.50","1,428.50","1,464.10","1,427.40",-,0.81%
2019년 05월 14일,"1,442.80","1,423.60","1,450.00","1,420.70",-,2.40%
2019년 05월 13일,"1,408.90","1,431.10","1,438.50","1,403.30",-,-4.73%
2019년 05월 10일,"1,478.90","1,469.10","1,487.30","1,444.10",-,0.14%
2019년 05월 09일,"1,476.80","1,466.60","1,483.80","1,444.00",-,-1.18%
2019년 05월 08일,"1,494.50","1,494.90","1,517.20","1,491.80",-,-0.79%
2019년 05월 07일,"1,506.30","1,522.40","1,527.30","1,490.00",-,-2.42%
2019년 05월 06일,"1,543.70","1,514.10","1,545.30","1,513.20",-,-1.72%
2019년 05월 03일,"1,570.70","1,564.50","1,571.40","1,553.00",-,0.65%
2019년 05월 02일,"1,560.60","1,542.40","1,576.70","1,540.70",-,1.11%
2019년 05월 01일,"1,543.50","1,570.40","1,579.20","1,543.30",-,-0.82%
2019년 04월 30일,"1,556.20","1,547.30","1,559.50","1,541.80",-,0.76%
2019년 04월 29일,"1,544.40","1,546.40","1,551.10","1,538.20",-,-0.19%
2019년 04월 26일,"1,547.40","1,530.00","1,547.60","1,515.50",-,-0.83%
2019년 04월 25일,"1,560.30","1,582.30","1,583.70","1,547.30",-,-1.81%
2019년 04월 24일,"1,589.00","1,575.60","1,604.60","1,575.40",-,0.95%
2019년 04월 23일,"1,574.10","1,562.30","1,579.00","1,561.40",-,1.01%
2019년 04월 22일,"1,558.30","1,553.20","1,561.80","1,547.40",-,0.01%
2019년 04월 18일,"1,558.10","1,557.40","1,562.60","1,550.90",-,0.07%
2019년 04월 17일,"1,557.10","1,566.80","1,576.80","1,545.90",-,1.56%
2019년 04월 16일,"1,533.20","1,495.60","1,533.60","1,495.20",-,3.19%
2019년 04월 15일,"1,485.80","1,496.90","1,498.10","1,477.40",-,-0.75%
2019년 04월 12일,"1,497.10","1,490.40","1,497.10","1,485.00",-,1.43%
2019년 04월 11일,"1,476.10","1,478.30","1,486.00","1,471.60",-,-0.07%
2019년 04월 10일,"1,477.20","1,465.20","1,481.30","1,463.60",-,0.86%
2019년 04월 09일,"1,464.50","1,472.20","1,472.20","1,458.30",-,-1.14%
2019년 04월 08일,"1,481.40","1,472.30","1,482.50","1,468.10",-,0.25%
2019년 04월 05일,"1,477.70","1,475.10","1,478.10","1,467.00",-,0.80%
2019년 04월 04일,"1,465.90","1,460.00","1,475.30","1,458.90",-,0.12%
2019년 04월 03일,"1,464.20","1,451.70","1,476.60","1,450.60",-,2.27%
2019년 04월 02일,"1,431.60","1,431.60","1,434.80","1,423.20",-,0.10%
2019년 04월 01일,"1,430.20","1,417.70","1,431.60","1,410.50",-,2.49%
2019년 03월 29일,"1,395.50","1,392.10","1,398.10","1,386.90",-,1.58%
2019년 03월 28일,"1,373.80","1,380.20","1,391.10","1,365.20",-,-0.19%
2019년 03월 27일,"1,376.50","1,398.50","1,402.10","1,366.70",-,-1.45%
2019년 03월 26일,"1,396.80","1,399.80","1,408.70","1,386.30",-,1.01%
2019년 03월 25일,"1,382.80","1,388.40","1,403.00","1,371.90",-,-1.26%
2019년 03월 22일,"1,400.40","1,433.20","1,437.60","1,399.70",-,-2.88%
2019년 03월 21일,"1,441.80","1,399.50","1,450.80","1,399.50",-,3.50%
2019년 03월 20일,"1,393.00","1,410.10","1,413.80","1,384.90",-,-1.02%
2019년 03월 19일,"1,407.30","1,398.60","1,411.70","1,398.60",-,1.34%
2019년 03월 18일,"1,388.80","1,392.70","1,401.70","1,380.90",-,-0.26%
2019년 03월 15일,"1,392.40","1,373.80","1,402.40","1,371.20",-,2.90%
2019년 03월 14일,"1,353.10","1,362.20","1,367.10","1,352.60",-,-0.57%
2019년 03월 13일,"1,360.80","1,362.80","1,371.30","1,358.80",-,0.42%
2019년 03월 12일,"1,355.10","1,354.20","1,362.10","1,342.60",-,0.39%
2019년 03월 11일,"1,349.90","1,325.90","1,355.80","1,324.50",-,2.40%
2019년 03월 08일,"1,318.20","1,297.20","1,319.30","1,292.80",-,-0.07%
2019년 03월 07일,"1,319.10","1,326.90","1,328.60","1,311.40",-,-1.10%
2019년 03월 06일,"1,333.80","1,354.80","1,355.20","1,333.30",-,-1.70%
2019년 03월 05일,"1,356.90","1,361.20","1,365.30","1,351.80",-,-0.47%
2019년 03월 04일,"1,363.30","1,372.70","1,376.20","1,346.40",-,0.01%
2019년 03월 01일,"1,363.10","1,365.60","1,368.80","1,348.70",-,0.96%
2019년 02월 28일,"1,350.20","1,342.40","1,354.30","1,339.90",-,0.02%
2019년 02월 27일,"1,349.90","1,358.90","1,359.20","1,336.10",-,-1.22%
2019년 02월 26일,"1,366.60","1,371.90","1,377.20","1,362.90",-,-0.68%
2019년 02월 25일,"1,375.90","1,384.70","1,391.40","1,374.70",-,0.82%
2019년 02월 22일,"1,364.80","1,361.10","1,366.10","1,355.40",-,1.08%
2019년 02월 21일,"1,350.30","1,359.50","1,363.30","1,346.20",-,-0.74%
2019년 02월 20일,"1,360.30","1,353.50","1,368.30","1,353.30",-,0.87%
2019년 02월 19일,"1,348.50","1,346.00","1,357.80","1,345.80",-,-0.20%
2019년 02월 15일,"1,351.20","1,355.40","1,358.10","1,343.00",-,0.53%
2019년 02월 14일,"1,344.10","1,336.00","1,353.50","1,334.40",-,0.25%
2019년 02월 13일,"1,340.70","1,342.30","1,350.70","1,336.30",-,0.30%
2019년 02월 12일,"1,336.70","1,324.90","1,339.30","1,322.90",-,2.13%
2019년 02월 11일,"1,308.90","1,307.30","1,311.70","1,297.50",-,0.50%
2019년 02월 08일,"1,302.40","1,284.30","1,304.50","1,279.70",-,-0.12%
2019년 02월 07일,"1,303.90","1,314.50","1,322.50","1,293.10",-,-2.24%
2019년 02월 06일,"1,333.80","1,321.30","1,343.70","1,321.30",-,2.59%
2019년 02월 05일,"1,300.10","1,291.70","1,305.00","1,291.10",-,0.48%
2019년 02월 04일,"1,293.90","1,285.30","1,293.90","1,276.80",-,0.50%
2019년 02월 01일,"1,287.40","1,275.90","1,292.70","1,274.70",-,1.20%
2019년 01월 31일,"1,272.10","1,266.70","1,282.70","1,260.30",-,0.03%
2019년 01월 30일,"1,271.80","1,254.90","1,276.50","1,244.20",-,2.87%
2019년 01월 29일,"1,236.30","1,255.90","1,258.80","1,234.90",-,-1.45%
2019년 01월 28일,"1,254.40","1,234.40","1,264.80","1,230.70",-,-2.09%
2019년 01월 25일,"1,281.20","1,260.50","1,285.40","1,250.40",-,2.17%
2019년 01월 24일,"1,253.90","1,218.50","1,258.70","1,218.00",-,5.73%
2019년 01월 23일,"1,185.90","1,200.30","1,205.30","1,175.00",-,-0.62%
2019년 01월 22일,"1,193.40","1,217.10","1,217.70","1,185.10",-,-2.85%
2019년 01월 18일,"1,228.30","1,210.70","1,236.10","1,206.60",-,2.30%
2019년 01월 17일,"1,200.80","1,177.70","1,206.80","1,172.30",-,1.14%
2019년 01월 16일,"1,187.20","1,197.60","1,206.80","1,186.40",-,-0.82%
2019년 01월 15일,"1,197.00","1,202.20","1,210.80","1,192.00",-,0.23%
2019년 01월 14일,"1,194.30","1,196.00","1,202.20","1,188.00",-,-1.55%
2019년 01월 11일,"1,213.00","1,194.70","1,224.00","1,192.10",-,0.97%
2019년 01월 10일,"1,201.40","1,181.30","1,203.00","1,178.70",-,0.97%
2019년 01월 09일,"1,189.80","1,175.00","1,195.60","1,174.70",-,2.52%
2019년 01월 08일,"1,160.60","1,177.80","1,177.80","1,145.40",-,-0.49%
2019년 01월 07일,"1,166.20","1,147.20","1,176.80","1,143.20",-,1.95%
2019년 01월 04일,"1,144.00","1,114.50","1,148.40","1,111.80",-,4.37%
2019년 01월 03일,"1,096.00","1,137.00","1,142.90","1,094.60",-,-5.94%
2019년 01월 02일,"1,165.30","1,131.50","1,173.50","1,131.40",-,0.88%
