date,60,47050,32640,88350,2380,6650,120110,4000,5490,3240,175330,69960,138930,1230,86280,267250,16360,5850,10130,720
2019-01-02,21350,17600,17950,4215,270846,147500,56600,40450,237000,1334000,5540,87700,7000,7060,125500,67500,31250,16101,424000,51665
2019-01-03,20900,17500,18100,4155,277869,139500,55100,39000,237000,1310000,5580,87500,6880,7060,133000,68200,30450,15982,441500,52443
2019-01-04,21700,17850,17950,4150,271724,136000,55000,39850,239000,1348000,5590,88200,6880,7160,138000,70200,30750,16141,453500,53514
2019-01-07,22000,18750,18200,4190,266456,148000,58000,41200,246000,1347000,5600,88400,6850,7390,135500,72400,31100,16580,441000,55459
2019-01-08,22450,18750,17900,4155,266456,144000,57100,40450,245500,1341000,5620,87100,6740,7370,136500,71900,30950,16141,444500,55751
2019-01-09,22100,19850,17600,4175,258555,151000,57500,41300,255500,1336000,5600,88400,6790,7760,137000,71600,31300,16341,442000,56919
2019-01-10,21850,19750,17150,4175,258994,150500,56000,41300,258500,1314000,5540,88600,6680,7870,137500,71200,31500,16420,447500,57016
2019-01-11,22350,19700,16750,4215,260749,154500,57900,42250,255500,1315000,5550,89900,6720,7740,136500,70900,31200,16540,448000,57600
2019-01-14,22350,19550,16800,4195,255921,154500,56900,42550,250000,1303000,5460,90400,6670,7610,135500,71100,31050,16380,434000,59254
2019-01-15,22600,19450,17050,4220,256360,157500,57500,42500,256500,1305000,5580,91100,6810,7860,140500,71400,32050,16659,434000,59254
2019-01-16,22300,20050,17100,4190,262505,157000,57000,42100,263500,1293000,5580,89400,6830,7890,139000,71100,33000,16699,429000,59741
2019-01-17,22300,19850,17000,4255,261627,157000,55900,41400,263000,1306000,5680,90900,6940,7750,141500,72800,32950,16779,425000,59059
2019-01-18,22400,20050,17350,4245,268212,157500,57900,41700,262500,1307000,5670,91800,6980,7950,142000,73100,33550,16859,424000,59157
2019-01-21,22400,20750,16600,4305,270407,163500,58700,43050,268000,1303000,5640,92600,6950,8100,142500,73500,33200,16819,431000,58768
2019-01-22,22400,20150,16750,4305,278308,159000,58300,42500,267000,1314000,5650,92800,6910,8160,141000,72500,33150,16141,429000,58281
2019-01-23,22000,20000,17100,4310,284454,162500,58100,43150,265000,1329000,5650,93300,7040,8160,144500,71800,33000,16181,431500,59157
2019-01-24,22450,19500,16850,4320,283137,161500,57400,42500,264500,1312000,5680,93500,7060,8000,146500,72500,34500,15862,421500,59546
2019-01-25,22300,19450,16700,4310,281381,169500,58100,45750,268000,1320000,5710,93600,7160,8010,138500,73100,34100,16181,427500,60714
2019-01-28,22050,19600,16850,4290,280064,171000,58400,44600,269000,1333000,5700,95700,7160,7990,138000,75900,33450,16141,425000,60422
2019-01-29,22800,19200,16150,4310,282259,171000,58500,44100,268500,1333000,5820,95100,7070,7960,142000,75600,32900,15982,432500,58184
2019-01-30,22600,19800,15000,4305,282259,172000,60300,45900,285000,1365000,6030,94100,7200,8480,142000,75100,33500,16062,436000,60130
2019-01-31,22200,20000,15100,4300,287088,169500,59300,45300,274000,1359000,6210,95600,7350,8330,142000,71800,33450,16101,440500,60519
2019-02-01,22800,19550,14800,4335,296306,170000,58700,46750,270500,1381000,6240,95500,7350,8600,141000,69800,34000,15862,438500,62757
2019-02-07,22550,20000,14700,4320,287088,173000,60400,46250,276000,1400000,6300,95900,7340,8590,137000,69400,34400,15783,448000,63243
2019-02-08,22700,19400,15600,4285,281820,164000,59500,44850,264000,1407000,6250,91800,7280,8200,136500,70000,33500,15862,443000,62562
2019-02-11,22750,19350,15100,4185,280942,162000,58900,45000,267000,1445000,6060,91100,7250,8190,138000,71300,33250,15902,433000,62270
2019-02-12,23250,19100,14700,4250,285771,163500,59100,45350,265500,1454000,6080,92400,7250,8110,140000,71300,33650,15384,435500,61297
2019-02-13,23250,19100,14700,4220,276552,168500,60000,47800,267000,1487000,6170,92800,7320,8130,141000,70800,33450,15663,431000,61200
2019-02-14,23400,19250,14950,4230,282259,170000,60200,48400,266500,1569000,6130,95200,7350,8240,140500,70100,33950,15942,435500,60714
2019-02-15,23300,19000,15000,4250,280942,169500,59600,48000,265500,1494000,6150,94100,7340,8070,138000,69000,33300,15783,433000,60811
2019-02-18,23050,19350,14950,4285,282259,178000,61300,49950,262500,1488000,6180,95000,7350,8430,138500,70100,34000,15942,434500,61103
2019-02-19,23350,19350,14850,4275,276552,184000,55100,50800,268500,1457000,6100,95500,7270,8290,143500,70100,33500,15862,435500,61589
2019-02-20,23050,19400,15000,4295,285332,183000,55800,51500,273500,1460000,6090,96400,7270,8680,144500,70900,34100,15902,446000,61784
2019-02-21,23100,19550,14850,4335,286210,182500,55700,50200,275500,1486000,6050,96300,7190,8620,144500,71700,34200,15663,451000,61103
2019-02-22,23000,19600,15100,4325,284454,180000,55600,49150,273000,1545000,6180,97600,7180,8590,145500,72200,34600,15743,454000,61881
2019-02-25,23000,19650,15400,4270,286649,181500,54700,49650,272500,1538000,6220,97500,7220,8450,147500,71800,34850,15822,460000,59741
2019-02-26,22600,19650,15300,4225,285332,182000,54600,49750,273500,1504000,6160,96700,7170,8580,151500,71800,35850,15663,467000,60616
2019-02-27,22650,19250,15200,4230,286649,183500,54800,50200,266000,1513000,6010,97100,7140,8570,142000,72800,35700,17337,464500,60519
2019-02-28,22100,18950,15000,4170,280503,175000,54000,48500,263000,1500000,5940,96800,7090,8200,139500,72200,34650,16819,456500,55654
2019-03-04,22400,18750,15100,4175,277430,174000,54400,50200,263500,1545000,5930,98300,7020,8400,139000,70800,34700,17377,458500,52832
2019-03-05,22150,18650,15200,4135,280942,174500,52200,48550,255500,1523000,5910,98000,7010,8310,137000,71700,33800,17178,451500,52638
2019-03-06,22600,18800,14900,4130,280064,168500,52000,47950,255000,1512000,5900,98000,6980,8250,137000,70700,34050,17217,452500,51276
2019-03-07,22600,18550,14950,4085,273919,163000,52200,46300,250500,1512000,5930,98400,6950,8130,132500,71000,34000,16859,452500,50789
2019-03-08,22750,18350,14750,4010,269968,162000,51200,46900,249500,1512000,5850,96800,6820,7980,133000,69400,33200,16500,437000,49719
2019-03-11,22700,18300,14700,4005,269968,160500,50900,46400,248000,1523000,5870,97400,6860,7990,131000,69200,33450,16938,442500,49719
2019-03-12,23250,18400,14700,4010,272602,160500,51800,46450,251500,1546000,5850,100000,6960,8140,130000,69800,33650,17417,443500,49719
2019-03-13,23400,18300,14700,4015,276114,161000,51700,46750,255500,1614000,5850,101500,6860,8140,130000,69500,33650,18413,451500,48649
2019-03-14,23850,18650,14650,4020,279186,162500,52100,46500,257000,1587000,5890,100000,6960,8180,127500,69700,34000,18652,456000,49038
2019-03-15,24500,18650,15050,4205,291039,168000,52600,48250,262000,1749000,6030,103500,7350,8510,128500,70200,34250,18413,460500,49330
2019-03-18,23750,18700,15100,4180,285332,164500,52500,48200,258000,1732000,5950,104500,7260,8170,127500,70500,34600,18293,462000,50011
2019-03-19,23800,18700,15200,4190,286210,166000,51700,47200,259500,1692000,5870,104000,7260,8090,127000,70200,34450,17855,455500,50205
2019-03-20,24150,18500,15000,4150,280942,165000,51800,47250,256500,1697000,5860,106000,7110,8090,128000,70400,34300,17815,461500,49719
2019-03-21,23700,18350,14750,4110,278308,164000,51400,46050,258000,1677000,5830,104500,7020,7950,125500,69000,34200,17417,459500,48843
2019-03-22,23400,18000,15050,4070,277430,161500,51600,45800,259000,1662000,5790,104500,6950,7810,125000,68000,33900,17616,461500,50108
2019-03-25,23050,17650,15500,3935,273480,157000,50700,44650,253000,1658000,5580,101000,6780,7570,123500,66400,33300,17337,462500,49816
2019-03-26,23700,17950,15300,3955,274358,156500,51400,44600,254500,1673000,5550,102000,6710,7560,125500,67300,33150,17297,454000,49914
2019-03-27,24150,17850,15650,3960,273480,156000,51400,45100,255000,1630000,5600,100000,6690,7450,125000,66200,32800,18014,456000,49135
2019-03-28,24200,17600,15650,3955,269968,156000,50200,43600,254500,1599000,5550,98800,6640,7300,124000,66400,32350,17536,459000,49038
2019-03-29,24300,17750,15450,4000,279625,157000,50600,44100,253000,1618000,5570,101000,6680,7370,128500,66600,33300,17536,465000,51957
2019-04-01,25400,18250,15600,3995,274358,162500,50900,47250,266500,1614000,5660,101500,6900,7660,129500,67900,34000,18014,469500,51859
2019-04-02,25600,18300,15650,4000,275236,160500,50900,48900,267000,1610000,5830,101500,6990,7560,132000,68400,34700,18014,473500,51859
2019-04-03,25050,18450,14700,4005,277430,166000,50800,50300,273000,1595000,5850,101500,7100,7820,136000,68700,35450,18373,485000,52346
2019-04-04,24650,18500,14750,4015,276552,165000,51300,51300,271500,1664000,5790,100000,7120,7910,135500,68300,35700,18054,489000,52249
2019-04-05,24450,18100,14650,4015,276114,163000,51000,51300,275000,1658000,5770,99700,7140,7950,137000,68400,36350,17895,486500,53416
2019-04-08,24650,18500,14600,3995,275675,161000,51300,50800,276500,1655000,5730,99500,7130,7990,137500,68100,36300,18134,480500,53416
2019-04-09,23900,18500,14450,3985,274358,160500,49600,50600,273000,1670000,5680,99600,7120,7950,138000,67600,36400,18174,480500,52930
2019-04-10,23650,18500,14650,3970,293233,163000,50000,50900,273000,1651000,5700,99900,7200,8030,139500,68200,36750,18931,482500,52443
2019-04-11,24050,18950,14500,3965,294550,161000,49900,51700,269500,1633000,5760,97900,7250,7980,141000,68400,36750,19170,481500,53319
2019-04-12,23900,18600,14500,4005,303330,166500,49800,51200,269000,1648000,5690,99300,7280,8150,140500,67900,37300,19170,477500,52151
2019-04-15,24100,18550,14650,4040,306842,164500,50800,50700,268000,1632000,5720,99900,7300,8160,136000,69200,37550,18931,466000,51957
2019-04-16,23900,18450,14700,4025,306842,163500,50600,50900,268500,1604000,5730,100000,7320,8200,141500,69500,37450,19330,471000,51957
2019-04-17,23850,18150,14650,4020,305964,161000,50200,51500,271500,1546000,5710,99000,7280,8250,142000,69300,37500,19250,464000,51665
2019-04-18,23750,18000,14400,3965,305964,156000,48900,48800,270000,1519000,5620,98000,7110,8090,146500,68700,36750,20685,457000,49816
2019-04-19,23250,18000,14400,3965,306842,156500,48850,49150,263500,1497000,5600,97900,7090,8120,145500,68600,36600,19967,457500,50303
2019-04-22,23500,18000,14400,3960,309036,157000,48300,48600,263500,1498000,5590,96600,6990,8090,143500,68100,36800,19170,453000,50303
2019-04-23,23450,18550,14400,3950,306403,154500,47350,48950,261000,1482000,5620,99400,7070,8050,146500,69000,36300,19449,450500,50400
2019-04-24,23850,18550,14550,3920,307720,152500,46700,47050,258500,1475000,5600,99300,6960,7690,148000,68200,36050,19569,447000,48941
2019-04-25,23600,18100,14500,3935,309475,153500,46150,47700,260500,1486000,5590,98600,6990,7670,145000,67800,36000,19091,450000,49719
2019-04-26,23400,18500,14500,3930,312109,148000,45250,46250,254500,1484000,5570,98400,6980,7440,147000,67500,35950,18851,445000,51859
2019-04-29,23500,18350,14400,3990,317377,151000,45950,48800,257000,1513000,5570,100000,7040,7670,157500,68300,36450,19250,452500,51665
2019-04-30,23800,18300,14300,3990,311670,150000,46200,48100,255000,1499000,5690,101500,7010,7550,159500,68400,35650,19370,452500,51081
2019-05-02,23800,18350,14850,3960,314743,150000,47200,47750,254000,1476000,5710,102500,7200,7550,161000,68100,36100,19808,447000,50886
2019-05-03,23650,18100,15100,3955,307720,148000,46850,47000,252500,1458000,5690,99800,7090,7460,158500,66200,35700,19250,441500,49914
2019-05-07,23700,17950,15250,3880,302452,149000,45150,46100,250000,1463000,5680,98100,7110,7230,158000,63600,34800,19250,437500,49232
2019-05-08,24100,17850,15750,3830,305525,151500,45200,47000,248000,1501000,5660,98100,7080,7180,158000,62600,35000,19051,435000,49330
2019-05-09,23550,17350,15450,3680,252848,144500,43950,45450,245000,1466000,5560,95100,6930,6990,153000,60400,33950,18254,424500,46800
2019-05-10,23600,17550,15800,3695,252848,145000,44850,46350,241000,1481000,5580,94900,7020,6930,152500,62000,34250,18054,433000,46022
2019-05-13,22650,17350,15700,3590,240557,140500,44200,45100,238500,1468000,5520,91200,6890,6620,152000,61500,33850,17457,427500,45389
2019-05-14,22400,17350,15600,3635,237484,143500,46500,45750,239500,1472000,5490,89900,6870,6620,153000,61400,34200,18094,431000,45049
2019-05-15,22050,17450,15600,3600,237484,147000,47950,46650,240000,1479000,5500,89400,7010,6750,153000,62400,34450,18094,435500,47822
2019-05-16,22150,17050,15450,3520,240118,145500,47800,46200,235500,1485000,5500,86700,6890,6760,153500,61600,34300,18174,422000,47481
2019-05-17,21850,17000,15300,3430,247580,143000,47550,45850,234500,1476000,5530,86500,6960,6740,149000,62300,34250,17656,421500,48843
2019-05-20,22100,16800,15400,3405,238362,139000,46000,46000,235000,1458000,5540,86100,7040,6600,154500,61800,34450,18293,424000,48649
2019-05-21,22200,16950,14800,3440,236167,139500,44850,45700,233500,1450000,5560,86000,7080,6530,150000,61100,34700,18054,424500,47870
2019-05-22,21950,16950,14950,3370,233533,138500,44750,48700,233500,1430000,5520,86200,7080,6420,152500,61200,34450,17656,433500,48746
2019-05-23,22000,16850,14000,3385,231338,136500,44450,48500,231000,1429000,5510,85500,7110,6350,154500,62300,34750,17736,435500,49330
2019-05-24,21750,16450,14100,3375,231338,137500,44700,48150,229000,1431000,5500,85500,7140,6400,153500,61600,34650,17815,438500,48065
2019-05-27,22100,16850,13900,3350,228266,137500,43950,48400,233500,1459000,5450,85400,7060,6490,159000,61300,34700,19529,439500,48551
2019-05-28,21550,17200,13800,3275,225632,138000,41700,50700,234500,1462000,5310,85100,7020,6630,158000,62900,34700,19449,435500,49330
2019-05-29,21500,16850,14050,3190,223437,132000,39550,49350,236500,1404000,5450,84900,6930,6480,159000,61400,34300,18572,434000,48259
2019-05-30,21350,17000,14150,3205,224315,132500,41200,48850,239500,1339000,5540,84600,6960,6430,160500,61600,34950,18174,438000,48551
2019-05-31,21850,17200,13950,3210,226510,134500,40750,50200,237500,1322000,5580,84600,6900,6360,162500,63200,35350,17775,437000,50011
2019-06-03,21900,17150,14000,3275,224754,137000,41600,49250,241500,1315000,5650,84100,7040,6380,162000,63400,35450,18054,451500,50108
2019-06-04,22250,17150,14350,3255,234411,137000,41650,49250,240500,1310000,5780,84500,7140,6390,161500,62000,35600,17775,448500,50595
2019-06-05,22050,16950,14400,3185,230899,139000,41600,48400,238500,1292000,5680,84100,7110,6360,162000,61800,35250,17775,447000,50497
2019-06-07,21000,17100,14150,3215,229143,135000,41850,47550,234000,1299000,5740,84400,7070,6380,161000,61900,35000,17696,449000,50595
2019-06-10,21350,17200,14350,3210,235728,136500,42050,47450,237000,1329000,5790,84200,7150,6450,166500,62400,35200,18931,457500,52346
2019-06-11,21950,17450,14600,3270,236606,137000,43150,47800,240500,1325000,5760,85000,7300,6500,167000,62400,35150,18692,462000,52443
2019-06-12,21750,17850,14600,3270,236167,136000,42650,49800,243500,1314000,5770,84500,7350,6640,165500,62800,35400,18732,461500,53514
2019-06-13,22250,17900,14600,3220,237923,139500,43500,50900,240000,1285000,5950,84500,7290,6520,168000,63700,35400,19011,469000,53805
2019-06-14,21800,17500,14700,3225,237484,137000,42050,51100,239000,1292000,5920,83500,7330,6630,161000,63800,35600,18772,473000,53805
2019-06-17,21450,17250,14400,3240,234850,135500,41900,53800,235000,1301000,6010,83500,7330,6700,163000,64200,35800,18812,470000,52930
2019-06-18,21500,18050,14350,3275,235289,133500,42600,52600,239500,1347000,6000,84100,7370,6660,162500,66300,36150,19409,467000,52638
2019-06-19,21350,18000,14500,3315,240557,137000,43000,52600,242000,1323000,6030,85100,7400,6680,162500,65900,37150,19409,468000,54486
2019-06-20,21050,18100,14650,3290,240118,138500,43450,53100,242000,1351000,5920,84800,7300,6760,162000,65100,37350,19529,472000,53805
2019-06-21,21000,18200,14650,3255,244069,137500,43250,53000,243500,1339000,5970,84100,7310,6850,163500,63700,37800,19051,474000,52541
2019-06-24,21050,18050,14600,3275,243630,135500,43050,52400,244500,1352000,5990,83700,7390,6880,162500,66000,38750,19409,469500,54681
2019-06-25,20600,18450,14600,3250,246702,136000,42850,53600,245000,1348000,5950,83800,7420,6820,166500,65200,38600,19130,479000,53124
2019-06-26,20650,18550,14600,3300,247141,133500,42400,52300,243000,1340000,5980,82600,7470,6760,167000,64600,39000,18971,481500,53222
2019-06-27,20750,18650,14650,3320,241435,133500,43050,53200,244500,1356000,5960,83400,7450,6880,163500,64400,39300,19011,470000,52735
2019-06-28,20700,18350,14500,3275,241874,130000,42700,52800,244500,1320000,5910,82700,7490,6710,161000,64800,39100,18891,476000,52151
2019-07-01,20400,18750,14700,3260,242313,129500,43850,53100,252000,1306000,6010,83200,7470,6780,160500,65000,38850,18931,455000,53514
2019-07-02,19850,19050,14800,3190,244069,132000,44250,53500,247500,1342000,6000,82100,7510,6740,161500,65100,39100,18612,457000,53416
2019-07-03,19500,18700,14350,3070,235289,136000,45100,54200,245000,1360000,5880,80700,7250,6690,155500,64400,37450,18732,458500,50886
2019-07-04,19850,18800,14100,3045,240118,140000,45350,54400,247500,1380000,5880,80800,7360,6810,161500,67400,38650,18692,456000,51373
2019-07-05,19750,18950,14100,3050,238801,140000,45900,53300,246500,1376000,5910,80900,7400,7120,162000,66800,38150,18572,454000,50984
2019-07-08,19700,18400,13850,3025,231777,135000,44600,51700,242500,1375000,5770,79400,7250,7000,158000,64900,37400,18014,447500,49038
2019-07-09,19550,18150,13700,2995,231777,130500,42000,51900,240000,1391000,5780,79000,7340,7210,160000,65100,37200,17975,442000,46557
2019-07-10,19500,18550,13650,2990,228266,127500,41250,52000,239000,1350000,5720,78800,7300,7110,160000,65700,37450,17935,439500,47141
2019-07-11,19450,18700,13650,2995,228266,126500,41600,53300,237000,1338000,5740,79600,7250,7150,156500,67200,38050,17536,443500,48162
2019-07-12,19450,18550,13950,3035,232216,123500,41850,51800,237000,1339000,5770,81300,7460,7320,160000,67400,38150,17536,447000,47530
2019-07-15,19450,18250,14000,3000,229582,124500,41350,53300,238000,1319000,5720,79300,7370,7270,158500,66800,38000,17138,443000,46897
2019-07-16,19500,18350,13900,2845,233094,127500,42400,53800,239500,1308000,5790,80400,7470,7270,154500,66700,38200,16699,451000,46605
2019-07-17,19600,18300,14000,2750,226510,126500,41550,53400,236000,1323000,5700,79300,7420,7160,156000,66200,38350,16620,454000,45341
2019-07-18,19800,17750,13950,2725,216852,122000,41000,51900,234000,1313000,5730,78000,7210,6980,153500,65800,37650,16739,451500,44951
2019-07-19,19650,17850,14150,2780,223876,127000,43000,53600,236500,1331000,5750,78700,7330,7070,160000,66200,38900,17098,459000,44903
2019-07-22,19550,18200,13750,2760,223437,127500,43400,52700,236000,1325000,5670,78700,7230,7090,157500,66600,38700,16899,463000,44562
2019-07-23,19800,18550,13350,2750,223437,129000,42850,52600,239000,1309000,5730,79400,7410,7350,156500,67300,39300,16899,463000,44368
2019-07-24,19650,18900,13200,2675,221681,125500,42300,51500,238500,1300000,5640,77700,7300,7240,158500,67400,38550,17616,460000,44076
2019-07-25,19650,19100,13050,2620,215535,123000,41700,51400,236500,1297000,5630,77000,7290,7020,157000,64500,38400,17496,458000,43054
2019-07-26,19900,18850,12900,2590,220803,121000,41000,50600,232500,1273000,5610,75800,7310,6800,154500,64600,38000,18373,439500,42178
2019-07-29,19450,18350,12850,2510,214218,117000,39750,48500,228500,1289000,5530,74800,7220,6640,154000,64700,37000,17935,437500,41935
2019-07-30,19350,18500,13000,2540,208073,122000,39600,48750,229000,1254000,5520,75300,7090,6680,155000,63900,37050,18214,436000,42081
2019-07-31,19900,18750,13000,2625,213779,120500,39950,48750,225500,1241000,5510,74100,7000,6670,154000,65200,36600,17616,442500,41886
2019-08-01,20000,18750,12750,2515,210268,122000,39650,49400,224000,1230000,5540,74100,7060,6490,153000,63700,36800,17297,436000,41205
2019-08-02,19650,18100,13000,2470,206317,119500,39950,47550,217000,1188000,5590,72900,6910,6270,157000,62900,35650,17536,430000,40768
2019-08-05,19300,17400,13450,2345,205000,111000,38250,46700,210000,1147000,5550,71100,6860,5830,155500,62400,35300,17377,430500,38676
2019-08-06,19250,17450,13150,2325,201927,111000,37700,45200,208000,1121000,5540,70400,6790,5780,150500,61400,35050,16978,423500,38578
2019-08-07,18750,17150,12800,2335,195782,112500,37000,45000,205500,1057000,5540,69300,6640,5750,151000,60400,34300,17297,425500,37751
2019-08-08,19450,17600,12450,2345,194465,116500,37650,45800,205000,1097000,5560,71100,6690,5930,154000,61100,35750,17815,447000,38919
2019-08-09,19000,17500,12450,2265,197099,114500,38600,45750,208500,1094000,5500,70900,6730,6080,156000,61800,36000,18891,444000,39016
2019-08-12,18800,17200,12450,2205,197099,114500,39550,45050,208500,1046000,5490,70000,6660,6080,155500,61100,35850,18692,440000,40232
2019-08-13,18850,17450,12500,2215,190514,114000,39200,44500,205500,1050000,5430,70500,6570,6040,153500,60300,35300,18493,442000,39162
2019-08-14,18350,17450,12200,2190,190953,113500,40050,45150,206000,1016000,5470,70100,6550,5970,153500,60300,35100,17975,438500,38481
2019-08-16,18200,17350,12200,2145,188758,111500,39550,43850,205000,989000,5400,69200,6500,6080,154500,59900,34400,18652,440000,38432
2019-08-19,18550,17700,12350,2320,193148,116500,40250,44650,208500,1020000,5460,71100,6550,6220,156500,62500,34850,18134,442500,39746
2019-08-20,18250,17750,12500,2365,192709,116500,40850,45500,211500,1025000,5450,71200,6500,6340,157000,63300,34950,17616,444000,39941
2019-08-21,18500,18050,12500,2390,194465,115000,41000,45000,210500,1053000,5430,70600,6550,6360,156500,63900,35300,17576,442000,39697
2019-08-22,19250,18000,12400,2420,191392,113500,41500,44150,209000,1043000,5560,71400,6570,6230,157000,63500,35150,17217,437000,40135
2019-08-23,18450,17850,12350,2440,192709,115500,40750,43500,207500,1035000,5460,70900,6520,6140,156500,64500,34900,17217,432000,39405
2019-08-26,18100,17600,12300,2350,187002,109500,39650,41900,203500,1015000,5350,69400,6460,5850,155500,64500,34100,16978,427500,38432
2019-08-27,17700,17750,12500,2345,187002,109000,39200,42350,204500,1009000,5320,68700,6370,5930,158000,65400,34000,16978,428000,39114
2019-08-28,17800,17850,12750,2365,192270,110500,39700,43350,207000,1051000,5350,71000,6430,5840,163500,64100,34300,17337,431000,39259
2019-08-29,17800,18200,13000,2410,191392,113000,39500,43050,204500,1066000,5400,75400,6480,5760,158500,63900,34150,17377,434500,38968
2019-08-30,17950,18350,13200,2540,197976,117000,39800,43600,211000,1073000,5490,78000,6700,6060,160000,66300,35300,17138,435000,40232
2019-09-02,18150,18550,13200,2460,197537,116500,39800,43700,210500,1066000,5480,76500,6650,6200,158500,65600,35250,17337,441000,40038
2019-09-03,18100,18550,13200,2445,198415,118000,40150,43850,211000,1122000,5500,76900,6620,6220,155500,65600,34650,17257,437000,40038
2019-09-04,18050,18750,13350,2445,200171,117500,40900,44900,211000,1114000,5540,77600,6710,6270,159000,66300,35050,17616,444000,40330
2019-09-05,18000,18700,13250,2445,197099,122000,40950,44800,214000,1104000,5560,75300,6710,6320,154000,66000,35600,17297,445500,40816
2019-09-06,18050,18350,13100,2395,195343,123500,42100,45650,215000,1095000,5570,75100,6720,6280,154500,67000,35050,17257,437500,41254
2019-09-09,18100,18250,13150,2450,194904,124000,41550,44800,217000,1070000,5590,77100,6790,6210,152000,67600,35200,16938,439000,40914
2019-09-10,18950,18850,13500,2490,199293,128500,42000,46450,222500,1107000,5640,76200,6890,6470,153000,68700,35450,17457,438500,43297
2019-09-11,18850,18850,13700,2610,201049,134000,42100,46900,236000,1116000,5790,79300,7120,6690,154500,69800,35800,17775,443500,43930
2019-09-16,19150,19650,13500,2670,205878,131500,42100,47500,238000,1166000,5820,78200,7230,6870,153500,71100,36750,17656,450000,46897
2019-09-17,18800,19600,13550,2615,203244,132500,42000,47750,238000,1136000,5800,79200,7300,6920,151500,71600,36450,17576,443500,46800
2019-09-18,19050,19850,13450,2595,200610,131500,42500,47350,238000,1135000,5800,78900,7220,6800,152000,70900,36500,17457,444000,46508
2019-09-19,18800,19550,13450,2520,201488,129000,42200,46950,233500,1136000,5780,78700,7180,6780,149500,71200,35950,17975,435000,45584
2019-09-20,18700,19800,13450,2550,202805,133000,43550,47300,234000,1152000,5870,79000,7270,6850,152000,72200,36400,18134,439000,46216
2019-09-23,18900,19800,13750,2520,204561,130000,43050,46300,231000,1177000,5810,78200,7210,6830,154000,71200,36000,18533,435000,45778
2019-09-24,18800,19900,13850,2535,204561,131000,43600,46000,232500,1167000,5750,78000,7180,6810,159000,71000,36050,18732,441500,46897
2019-09-25,18800,19650,13650,2465,201927,126500,42550,45150,230500,1153000,5680,78900,7140,6640,156500,70200,35600,18373,446000,44903
2019-09-26,19500,19550,13750,2435,194465,126000,42250,44750,230500,1157000,5710,77400,7210,6610,153000,70400,35700,18214,445500,45535
2019-09-27,19100,19150,13550,2400,192709,124500,41400,44200,225000,1139000,5590,76500,7070,6450,151500,69200,35150,18453,443000,44562
2019-09-30,19100,19100,13650,2380,191392,127500,41800,45600,227000,1130000,5620,78100,7190,6500,156000,69900,35350,19130,448000,45049
2019-10-01,19050,18900,13650,2415,193587,129000,42500,46050,226500,1149000,5630,77600,7210,6630,155500,69600,35400,18612,446500,45146
2019-10-02,18450,18300,13500,2250,187880,124500,41700,44500,220000,1116000,5530,75800,7060,6460,155000,68600,34650,17975,435000,44903
2019-10-04,18200,18250,13500,2240,183490,123000,41600,43700,218000,1113000,5450,75000,7030,6440,151500,68300,34250,17496,435500,44659
2019-10-07,18000,17850,13350,2240,180857,120500,41400,43700,219000,1118000,5460,75200,6990,6390,152000,67900,34350,17736,431000,42616
2019-10-08,18050,17950,13700,2325,179101,122000,42150,44500,221500,1119000,5430,76500,7000,6510,150500,69000,34700,17935,433500,43589
2019-10-10,18300,17900,13700,2270,180857,122000,41650,43800,220500,1088000,5360,74700,6850,6340,149500,69600,34300,17257,433500,42811
2019-10-11,18850,17900,13900,2260,187002,127000,41600,44850,225500,1109000,5400,75700,6910,6360,149500,69500,34350,17377,443500,43297
2019-10-14,19150,18300,13900,2340,191831,132000,43350,45550,229000,1120000,5460,76000,7080,6440,151000,71100,35000,17656,447000,44270
2019-10-15,18950,18550,13950,2330,193148,129500,44900,45500,226500,1121000,5450,75500,7020,6460,150000,70900,34650,17775,442500,43881
2019-10-16,19400,18250,13850,2315,194904,130000,44550,45700,227000,1130000,5480,77300,7120,6220,150500,70800,35000,17736,445500,44124
2019-10-17,19100,18550,13850,2335,195343,125500,44950,44800,224500,1146000,5470,76300,7180,6190,149500,70600,34600,17536,443000,42908
2019-10-18,18750,18500,13700,2345,193587,123500,44900,45150,224500,1139000,5520,79100,7180,6180,148000,69700,34300,17656,437500,43492
2019-10-21,19050,18300,13750,2360,197099,122500,45350,45450,220500,1144000,5480,78600,7220,6160,147000,69300,34100,17815,442000,42665
2019-10-22,18750,18800,13950,2380,200171,126000,45500,45800,223000,1145000,5480,77600,7250,6250,149000,71000,34300,17576,450500,43638
2019-10-23,18700,18950,13800,2300,198854,121500,45950,45150,222500,1115000,5430,77000,7140,6160,147000,70400,34450,17417,433000,42032
2019-10-24,18900,19250,13850,2320,199293,121500,45950,44900,223000,1129000,5410,76100,7120,6080,148000,70700,34300,17536,439500,42324
2019-10-25,18800,19100,13850,2325,195343,121500,46700,45300,213000,1103000,5400,76000,7150,5930,152500,70600,34250,17457,443500,41692
2019-10-28,18350,18850,13800,2320,200610,121000,46250,45100,211500,1106000,5400,76000,7040,6030,154000,70700,34250,17656,439500,41789
2019-10-29,18550,18700,13800,2320,199732,120500,47500,45550,212000,1093000,5380,75800,7010,6070,154000,70400,34100,17696,439000,42422
2019-10-30,18400,18350,13800,2260,196660,116500,46850,44650,211000,1106000,5330,74600,7010,5970,151000,68900,33850,16938,438500,41838
2019-10-31,18500,18250,13450,2230,198415,119000,47250,44200,211500,1097000,5340,73900,6950,5880,151000,68300,33600,16699,434500,41789
2019-11-01,18500,18400,13200,2240,198415,121000,47400,45500,213500,1090000,5330,73500,6820,5900,154500,67700,33700,16420,432000,41789
2019-11-04,18900,18700,13200,2305,209829,119500,47800,46800,217000,1106000,5410,75700,6960,6090,154000,68800,34850,16301,438000,43200
2019-11-05,18950,18550,13550,2350,210268,118500,47150,46400,219000,1107000,5440,75400,7070,6070,156500,70200,34950,16341,442500,44124
2019-11-06,18700,18450,13450,2350,213340,120000,50000,45900,217000,1103000,5480,78300,7090,6060,153000,68700,34450,16699,435000,43832
2019-11-07,19150,18700,14100,2445,206317,121000,49750,46450,217500,1105000,5500,78200,7200,6050,154000,68900,34550,16779,434000,43784
2019-11-08,19200,19000,13900,2415,208512,123500,49700,46450,224000,1099000,5530,77400,7230,6200,152500,69700,34900,16580,434500,44076
2019-11-11,19550,19000,14200,2415,202366,121000,50800,46000,223500,1095000,5600,76400,7180,6040,152500,69100,34750,16500,432000,43395
2019-11-12,19600,19250,13950,2430,204561,120500,49400,46550,223000,1114000,5530,75600,7260,6090,153500,69200,35250,16819,433000,43103
2019-11-13,19200,18850,13900,2405,198415,119000,49300,46350,221000,1119000,5430,78500,7130,6040,151500,68000,34850,16978,426000,42227
2019-11-14,18750,19400,13850,2290,197537,121000,48900,46100,220000,1106000,5420,78800,7190,6100,152000,68500,35200,16659,425500,42276
2019-11-15,18750,19450,13950,2350,197976,122500,49400,46600,224000,1111000,5470,78700,7230,6130,153500,68500,35700,16181,427500,42908
2019-11-18,18650,19300,13900,2315,194026,121500,49400,46500,227500,1101000,5430,78900,7150,6080,149500,68400,35450,14746,424500,43151
2019-11-19,18800,19300,14000,2280,193587,120500,50500,45500,225500,1082000,5450,79400,7130,5960,151500,68000,35700,14388,424000,43200
2019-11-20,18500,19050,13950,2300,188758,119000,49700,45450,222500,1082000,5450,78500,7140,5860,152000,67000,35450,14308,415500,42130
2019-11-21,18750,18750,13950,2255,190514,116500,48600,44750,220500,1065000,5380,76900,7040,5780,149500,66600,35200,14069,415000,41400
2019-11-22,18400,18650,14200,2270,189197,116500,49500,44900,220000,1059000,5440,79600,7050,5760,150500,66100,35400,14268,413000,41400
2019-11-25,18200,18600,14100,2330,193148,116000,49100,45650,228000,1082000,5440,82500,7100,5950,151500,66800,35850,14627,413500,42081
2019-11-26,18050,18600,13950,2325,190953,116000,49350,46550,233500,1094000,5440,82500,7080,6360,150500,68800,36200,14946,414500,41643
2019-11-27,18400,18800,13750,2345,194026,118000,48900,45500,233000,1090000,5420,81400,7080,6200,153000,68900,36450,15464,413000,41546
2019-11-28,18450,18450,13600,2385,191831,116500,48550,44850,232500,1080000,5420,84000,7070,6130,152000,69000,36400,15185,412000,40622
2019-11-29,18400,18250,13400,2290,190514,117500,47750,44950,230500,1074000,5400,83200,6960,5960,150500,69200,36100,14946,406000,39843
2019-12-02,18350,18400,13600,2340,196660,115500,49100,45000,232000,1075000,5390,82000,7140,6000,148000,69000,36200,14627,409500,39697
2019-12-03,18350,18600,13600,2335,197099,114500,48750,44900,231000,1063000,5360,81900,7090,5980,148000,68700,36000,14228,404000,40232
2019-12-04,18450,19000,13550,2270,194026,112000,47650,44200,227000,1037000,5360,80500,7050,5900,147500,68300,36400,14587,411500,39600
2019-12-05,18450,19300,13600,2215,194465,111500,47700,43800,229000,1018000,5390,81400,7380,5750,147500,68200,36300,14667,411000,39162
2019-12-06,18150,19400,13850,2220,194026,114000,47600,44150,230500,1000000,5430,82000,7390,5810,145500,68800,35950,14667,407000,39600
2019-12-09,18350,19050,13800,2265,190514,112500,47000,43500,233000,982000,5470,83600,7380,5750,146000,67800,36200,14348,404000,39649
2019-12-10,18150,19050,13750,2250,191831,114000,48150,44000,231500,994000,5440,82300,7370,5800,146500,68200,36500,14308,406500,40865
2019-12-11,18200,19200,13700,2245,189197,115500,47800,44550,231000,988000,5480,82600,7520,5800,145000,68200,36850,14069,417000,41108
2019-12-12,18650,19400,13900,2275,191392,120000,49100,44450,235500,974000,5540,84000,7600,5930,147000,68400,37400,14149,423500,42373
2019-12-13,18500,19600,13900,2415,199293,121500,49050,45400,243000,994000,5660,83700,7870,5990,149000,68500,38150,14188,428000,42714
2019-12-16,18550,19500,14200,2355,199732,122000,49100,46150,242500,997000,5600,82500,7740,5950,148000,68600,38150,14029,430000,41984
2019-12-17,18550,19600,14200,2370,204122,121500,49300,45650,247500,991000,5650,82600,7760,5980,146500,68700,38350,14149,431000,41303
2019-12-18,18850,19350,14250,2370,203683,123500,48550,44850,248500,990000,5660,82500,7820,5830,146000,70000,38200,14149,427000,41157
2019-12-19,18750,19400,14400,2370,207195,121500,49250,44800,246500,1000000,5640,82800,7860,5850,146500,70700,38700,14228,425500,41400
2019-12-20,18450,19300,14550,2365,204122,123500,49850,45100,246000,1023000,5700,82500,7890,5840,148000,71100,39200,14228,430500,41546
2019-12-23,18350,19100,14400,2355,203683,121000,49400,45500,243500,1042000,5700,82400,7870,5990,146500,71900,39450,14069,429000,41400
2019-12-24,18450,19200,14350,2350,204561,121000,49550,45350,240000,1071000,5700,81700,7850,5950,145500,71600,39450,14029,429500,41303
2019-12-26,18600,19300,14350,2370,205000,121500,49500,46300,243000,1054000,5730,81800,7770,5910,148000,72000,39600,14308,427500,41497
2019-12-27,18050,18850,14100,2350,205000,118500,49150,44950,238500,1049000,5560,81700,7620,5930,144500,68600,39100,14587,425500,41303
2019-12-30,17850,18650,14200,2310,205000,117500,49750,45150,236500,1060000,5490,83100,7660,5950,143000,67600,38600,14467,425000,41157
2020-01-02,17150,18350,13850,2290,205000,116000,49450,44100,236000,1065000,5370,85900,7470,5850,138500,66000,37850,14308,424000,40086
2020-01-03,17150,18800,13800,2280,205000,114000,49250,43900,237000,1079000,5420,85600,7490,5900,138000,66200,38100,14149,425500,39892
2020-01-06,16650,19200,13600,2240,205000,109000,47400,42250,231000,1050000,5350,84000,7350,5730,137500,64700,37500,13830,421500,38432
2020-01-07,16400,18650,13800,2210,205000,107500,47950,42050,232000,1048000,5340,88900,7430,5690,138500,65100,37800,13790,428000,38627
2020-01-08,16150,18050,13450,2145,205000,103000,44950,39600,228000,1007000,5130,87300,7330,5430,133500,64300,37150,13112,435000,36632
2020-01-09,16350,18150,13300,2155,205000,107000,45650,40700,234000,1013000,5140,87700,7180,5490,135500,65000,37600,13431,427500,37605
2020-01-10,16500,17750,13100,2175,205000,106500,46800,40500,237500,1017000,5170,87700,7090,5500,138500,64600,37850,13630,421500,37751
2020-01-13,16400,17600,13200,2205,205000,108000,46950,41500,238500,1018000,5180,90000,7100,5520,140000,64500,37650,13870,422500,39503
2020-01-14,16450,17950,13150,2250,205000,112500,47000,41400,242000,1031000,5200,89900,7210,5510,139000,64200,38000,14268,422000,39503
2020-01-15,16450,18200,13100,2245,205000,114000,47850,41700,242000,1017000,5220,89800,7220,5550,141500,64200,37900,14348,423000,40573
2020-01-16,16450,17750,13050,2185,205000,112000,47650,42400,241500,1017000,5320,89000,7230,5520,141500,64000,38150,14348,419500,40135
2020-01-17,16600,17850,13500,2225,205000,110500,47100,41950,241500,1018000,5270,88400,7250,5490,144500,63600,38150,14109,416000,40914
2020-01-20,16400,17850,13650,2200,205000,111500,46900,42250,247000,1020000,5300,86500,7220,5490,143500,62900,37850,14069,418000,40670
2020-01-21,16300,18000,13800,2205,238000,111500,46900,41700,244000,1020000,5280,84600,7210,5460,144500,62400,37700,14188,414500,40622
2020-01-22,16150,18000,13800,2220,233500,111000,47050,41850,241500,1011000,5330,88600,7210,5450,146000,62100,38300,14428,411000,40330
2020-01-23,15850,17700,13700,2215,223500,108000,46200,41450,240500,988000,5280,87500,7240,5460,156000,60600,38100,15264,407000,39551
2020-01-28,15350,17050,13400,2110,206000,100500,44050,39600,226000,943000,5150,78200,6910,5020,152500,57700,36350,14507,395000,37751
2020-01-29,15400,17300,13550,2145,210000,100000,44300,40150,226500,950000,5180,79300,6920,5020,151000,57700,36350,14188,396500,38578
2020-01-30,15450,17050,13350,2080,205000,97400,43150,40000,224500,939000,5110,79200,6880,4935,147500,56500,35400,13710,389000,37605
2020-01-31,15700,16850,13250,2050,201500,93500,42250,39050,221000,933000,5110,78000,6750,4920,147000,54700,35250,13351,380000,37168
2020-02-03,15450,16500,13050,2030,194000,94100,40950,38150,214500,921000,5040,78200,6850,4855,143000,53500,35000,13192,376500,36584
2020-02-04,15450,16500,13150,2050,195000,96700,42200,38350,214000,914000,5030,78300,6910,4905,145500,54000,34900,13312,382000,37508
2020-02-05,15600,16500,13300,2075,201000,96300,42450,38050,214500,900000,5050,77600,6940,4980,141000,53000,35350,13431,387500,37508
2020-02-06,15700,16950,13500,2140,209500,102000,44000,39200,224000,917000,5120,81200,7090,5330,144500,61400,36700,13909,420500,39600
2020-02-07,15850,18050,13750,2115,211000,100500,43500,39050,223000,933000,5050,81400,6900,5400,142500,60300,35850,13630,433000,39405
2020-02-10,15600,18300,14000,2105,215000,102500,44250,38800,220500,924000,5050,80200,6820,5410,141500,60800,35300,13790,437000,39016
2020-02-11,15600,18100,14100,2110,225500,102500,43700,40800,222000,942000,5080,79900,6850,5540,146000,60500,35500,14029,431000,38822
2020-02-12,15650,18400,14250,2140,231000,102000,44050,41200,222000,946000,5140,82000,7020,5500,147000,60800,35450,14109,423000,39016
2020-02-13,15450,18250,14400,2125,227000,100500,43100,40400,221000,936000,5260,81100,6850,5420,143000,60100,35300,13630,422000,38238
2020-02-14,15250,18650,14400,2115,209000,99400,43700,40900,219500,930000,5260,79200,6800,5370,143500,58700,35250,13630,430500,37897
2020-02-17,15200,18550,14500,2105,208000,100000,43900,40450,218500,926000,5290,80000,6760,5380,144000,59500,35250,13630,443500,38043
2020-02-18,15150,17850,14500,2075,210000,99100,42750,39800,217500,914000,5270,78500,6710,5330,140500,58900,35500,13351,437000,37605
2020-02-19,14700,17450,14500,2035,208000,99000,40000,39150,216500,903000,5230,78600,6720,5260,141500,58900,35750,13272,461000,37119
2020-02-20,14750,17100,14500,1970,210500,95500,39150,39050,215500,890000,5300,74500,6550,4965,137000,58900,35700,12953,448000,36535
2020-02-21,14750,16800,14150,1865,197500,92100,37200,38950,211500,866000,5160,72500,6510,4855,135500,56200,35100,12634,440000,35659
2020-02-24,14800,16200,13850,1750,186000,90900,35300,37100,203500,835000,4980,68800,6210,4660,129000,53300,33900,12036,426000,33714
2020-02-25,14750,16350,13800,1770,184000,91700,35900,37400,202000,834000,5060,70200,6320,4765,127500,55000,34300,12196,427500,34930
2020-02-26,14900,16100,13550,1715,180000,92000,35800,36450,200000,822000,5030,70800,6300,4780,126000,55400,34000,12116,427000,35562
2020-02-27,14950,15650,13550,1715,177000,90700,35050,35300,199000,815000,5030,71300,6390,4755,125500,55600,34000,12156,428500,34784
2020-02-28,14700,14950,13200,1650,166500,85600,33450,33200,195500,806000,5010,70900,6170,4680,123000,54100,33100,11957,414500,33762
2020-03-02,15000,14800,12850,1610,166000,85600,33250,33800,191500,802000,4925,70000,6100,4625,122500,54600,32950,11877,410500,33616
2020-03-03,14650,14950,12800,1625,167000,87300,33100,33850,192000,804000,4910,70000,6090,4555,120500,55000,33200,11757,408500,33908
2020-03-04,14800,15050,13150,1600,168000,91100,33500,34100,194000,804000,4920,71500,6050,4625,124000,55200,34300,11917,413500,34200
2020-03-05,14800,15550,13300,1610,175000,91000,34200,34650,197000,810000,4920,73300,5960,4685,124000,56000,34900,11877,418500,35027
2020-03-06,14650,15000,13300,1545,172500,88900,33250,33700,192000,788000,4840,70800,5810,4460,120500,53100,34400,11359,409500,34346
2020-03-09,14250,13750,13000,1400,165500,87600,32250,32800,180500,748000,4610,69100,5460,4095,113500,50100,33150,11000,392000,32011
2020-03-10,13750,13850,13000,1365,165000,92100,31900,33200,180500,738000,4550,70800,5440,4000,113000,49300,33550,10761,393000,31670
2020-03-11,13800,13600,12850,1285,164000,92900,30900,32600,179500,725000,4505,69800,5450,4055,112000,49200,33100,10641,384500,30892
2020-03-12,13300,12650,12350,1225,153500,86000,29350,30900,178000,695000,4395,67300,5090,3885,108000,46000,32250,10083,379500,28897
2020-03-13,12900,11850,11850,1160,145000,81200,26300,29000,171000,634000,4135,62500,4795,3745,101000,43000,31400,9486,374000,27486
2020-03-16,12700,11250,11500,1125,145000,75600,25550,28750,162000,601000,4115,64800,4585,3620,98800,43300,30050,9645,362500,26319
2020-03-17,12000,10850,11050,1035,137500,73000,25900,27900,155500,577000,3855,66800,4295,3465,91300,42900,29300,8808,353500,25395
2020-03-18,11600,10150,10300,970,131500,70000,23850,27050,147500,566000,3740,64700,3920,3250,87200,40600,28500,8051,317000,22719
2020-03-19,9180,9090,9430,917,114000,61500,20950,23900,139500,496000,3375,60300,3830,2780,79600,34900,24400,7477,293500,18778
2020-03-20,9900,9730,9800,958,124000,69000,23450,26900,144500,579000,3820,60800,3970,3500,81000,36600,23900,7732,295000,20627
2020-03-23,9450,8700,9470,895,107000,66200,21100,24950,138000,506000,3480,53000,3650,3030,73300,32100,20800,7333,295000,19022
2020-03-24,9700,9360,9850,982,114000,71500,22850,27600,145500,540000,3620,55400,3830,3260,80300,35100,23350,7820,337000,21357
2020-03-25,10300,10250,10250,1275,122000,79700,24750,28550,161000,609000,3935,57900,4175,3485,89100,40400,27400,8728,358500,23935
2020-03-26,11200,10550,10450,1510,128000,77500,24650,28800,155500,620000,4125,58400,4140,3530,89000,39500,26850,9525,360000,24130
2020-03-27,11650,10800,10450,1425,129500,79500,25050,29650,163500,625000,4250,56800,4300,3625,88500,39900,27800,9486,361500,24422
2020-03-30,11600,11200,10450,1425,130000,81600,28100,29900,160000,630000,4340,56900,4295,3640,87000,38800,28300,10004,360000,24811
2020-03-31,12200,11350,10800,1390,129500,87300,30000,31050,161000,629000,4475,58800,4435,3670,90600,39500,29350,10522,356000,26708
2020-04-01,12000,10700,10550,1320,128000,89900,28150,29450,155000,621000,4410,56300,4355,3585,86200,38900,27250,10283,345500,25103
2020-04-02,12500,11700,11350,1360,132000,91600,29100,30500,156000,620000,4470,57200,4475,3590,88100,41500,27750,10283,365500,26708
2020-04-03,12250,11550,11250,1340,130500,91400,28300,30350,157000,630000,4380,58000,4360,3535,89500,42400,27300,10442,371000,26173
2020-04-06,12300,13000,12250,1370,133500,92300,29150,31200,161000,652000,4390,62000,4595,3720,99800,45900,28700,10601,374500,27243
2020-04-07,12300,13600,12050,1370,134000,91100,29550,32350,161500,700000,4390,62900,4655,3845,98600,45600,28900,11120,386500,27973
2020-04-08,12400,13300,11950,1375,134500,90000,29100,31800,161000,723000,4410,63100,4580,3790,98500,45000,28000,10841,386000,27876
2020-04-09,12400,13950,12050,1415,138000,90900,29450,32000,164500,746000,4380,64000,4650,3870,105500,46400,28400,11120,390500,29384
2020-04-10,13600,13750,11950,1720,152500,92700,29800,33000,178000,747000,4480,64400,4810,4045,105000,46100,28750,11000,385500,29822
2020-04-13,13550,13200,11650,1720,146500,91900,34650,31800,181000,741000,4425,62900,4830,3900,100000,45400,27800,10721,382500,30114
2020-04-14,13850,13250,12300,1735,146500,105500,31150,33300,183000,760000,4430,63700,4875,3965,102500,46300,28300,10920,390000,31378
2020-04-16,13700,12850,12150,1650,142500,110000,30300,32900,176000,747000,4345,63500,4685,3980,100500,45700,27450,10841,412000,32011
2020-04-17,13750,13250,12150,1815,144000,107000,30300,33600,176000,756000,4410,65900,4800,4080,104500,46700,28850,10880,404000,32254
2020-04-20,13750,13400,12400,1775,143000,117000,29600,33500,175500,760000,4440,67700,4780,4150,103500,46400,28250,10641,399500,33373
2020-04-21,13900,12950,12350,1745,139500,120000,28800,33000,171000,727000,4370,66300,4695,4040,100500,44900,27850,10322,396000,33568
2020-04-22,13700,12950,12650,1725,144500,127000,29250,33000,170000,717000,4335,68200,4675,3965,99900,44200,27850,9924,395500,34346
2020-04-23,13700,13250,12950,1740,157000,136000,29900,35900,171500,730000,4410,69400,4665,4025,100500,45900,27850,9924,392500,33811
2020-04-24,13600,13350,12750,1685,154500,142500,29000,34850,173000,720000,4365,67500,4635,3975,98300,45800,27300,9565,390000,32108
2020-04-27,13800,13650,13200,1750,166500,144500,29850,36200,174000,747000,4605,70600,4875,4055,98300,46500,28350,9964,395000,32984
2020-04-28,13900,13900,13050,1765,166000,144500,29900,36950,177500,766000,4690,75200,4970,4055,99400,46200,28400,10402,386500,33373
2020-04-29,13850,14200,13350,1800,165000,140500,30850,39000,184500,800000,4835,72700,5050,4245,101500,48600,30100,10562,386000,34103
2020-05-04,13550,13700,12750,1715,159500,122000,30000,37600,178500,783000,4660,70900,4845,4015,100500,47000,28950,10043,368500,33032
2020-05-06,13550,14150,12700,1730,157500,125000,30050,37700,180000,771000,4635,71300,4845,4065,101500,49500,29300,10083,371500,33859
2020-05-07,13600,14050,13100,1715,157500,130000,30250,37200,179500,770000,4600,70900,4805,4045,100500,49400,28900,10163,373500,34005
2020-05-08,13750,14100,13100,1700,157500,128500,30750,36900,180000,780000,4615,70800,4865,4080,102000,50000,28950,10522,374500,34054
2020-05-11,13750,14000,13450,1700,153000,128000,31000,37100,176000,775000,4595,68300,4785,4030,101000,49100,28500,10960,372500,32984
2020-05-12,13600,13500,13850,1635,148000,124500,30300,35650,170000,755000,4500,67100,4600,3925,99400,47700,27700,10681,369500,32205
2020-05-13,13800,13850,14200,1620,147000,129000,30300,35900,173000,755000,4460,66300,4560,3925,99900,48000,27550,10721,372500,32497
2020-05-14,14200,13650,14000,1685,144000,133000,29850,35400,168000,758000,4325,64900,4440,3830,99900,47300,27200,10641,369500,32059
2020-05-15,14800,13900,13850,1640,143000,131000,30050,35000,168000,771000,4425,65100,4515,3930,98800,47600,27250,10761,368500,31719
2020-05-18,14950,14850,13650,1615,143000,129500,30600,35600,169000,771000,4465,66600,4470,3925,96700,47400,27450,10801,374000,31427
2020-05-19,14700,14850,13600,1645,149000,136000,31250,36600,178000,780000,4745,69500,4820,4075,107500,49000,28350,11359,385000,32643
2020-05-20,15050,14900,13550,1670,150000,134000,31300,38300,174500,775000,4675,68900,4730,4060,106000,48700,28200,11000,386000,32205
2020-05-21,15100,15100,13350,1650,157500,132000,31950,37950,177000,772000,4720,68500,4730,4145,105000,49300,28900,11000,381000,32108
2020-05-22,15150,14300,13150,1610,152000,125500,31000,36600,172000,759000,4595,66400,4680,4015,107500,48900,27900,11000,374000,31768
2020-05-25,15050,14450,13250,1610,150500,126000,30950,36750,172000,752000,4565,65600,4680,4040,107000,50300,28350,11000,372500,31524
2020-05-26,15050,14900,13300,1640,154500,129000,32450,37400,176000,752000,4635,66100,4755,4300,110000,51900,28850,11000,382000,32838
2020-05-27,15000,15200,13150,1675,154000,132500,34000,38500,182500,760000,4740,65400,4900,4400,110500,53900,28750,11000,380000,34249
2020-05-28,14700,15050,13000,1640,152500,127000,33700,38050,184500,755000,4825,64800,5090,4345,109500,52700,28800,11000,374000,32935
2020-05-29,14550,16000,13150,1525,143500,130000,33200,37850,181000,740000,4750,64000,5080,4265,113000,54100,27950,11000,378000,33276
2020-06-01,14800,15600,13300,1525,144000,131000,34200,38200,182500,752000,4870,64500,5170,4290,114000,56200,28450,11000,378500,33324
2020-06-02,15000,16000,13250,1560,147500,129500,34150,38100,189000,750000,5040,65100,5500,4400,116000,56800,29650,11000,379500,34103
2020-06-03,15000,16100,13300,1620,154500,134000,35000,38750,202500,779000,5240,66000,5780,5720,120500,58700,31450,11000,388500,35951
2020-06-04,15050,15850,13350,1610,152500,131500,34600,38250,203000,762000,5230,65800,5800,6200,118500,57200,30400,11000,393000,35514
2020-06-05,14800,15900,13300,1675,156000,133000,35500,38250,200500,802000,5300,66100,5800,7150,126000,56200,30900,11000,386500,36195
2020-06-08,14550,15550,13150,1670,156500,130000,35600,38150,202500,803000,5300,65600,5770,7050,124500,57200,31100,11000,382500,35708
2020-06-09,14850,15350,13100,1660,156500,125000,35250,38400,198500,799000,5250,65400,5600,7150,120000,57400,30450,11000,378000,34735
2020-06-10,14800,15400,13050,1650,153500,126000,35000,38500,198000,800000,5090,64900,5580,7470,117500,57700,30300,11000,380000,34930
2020-06-11,14750,15350,12750,1580,146500,121500,35200,37500,193500,784000,4930,63300,5330,7560,115500,56800,29500,11000,373000,34541
2020-06-12,14300,14350,12600,1505,141000,115500,33350,36400,186500,746000,5060,61400,5160,6970,110000,53600,28800,11000,366500,32984
2020-06-15,13350,13700,12000,1400,134500,106500,30550,35350,175000,704000,4750,58300,5100,5840,104000,49500,27400,11000,342000,30503
2020-06-16,14200,15300,12350,1470,141500,118000,32400,38300,187500,750000,4920,60400,5360,6200,112000,52400,28800,11000,366000,32351
2020-06-17,14250,15250,12200,1470,144500,118000,32050,38400,187000,745000,4820,58900,5370,6220,107000,51600,28400,11000,359500,32205
2020-06-18,13900,14900,12200,1475,145000,115000,32100,37750,186500,731000,4805,58600,5420,6050,107500,51200,28150,11000,355000,31670
2020-06-19,13750,14700,12300,1465,143500,124500,32500,38150,190500,740000,4740,59200,5240,5960,107000,52400,28600,11000,355000,32400
2020-06-22,13650,14300,12350,1455,139500,121500,32550,37050,186000,738000,4715,58700,5080,5770,105000,51400,28150,11000,349500,34832
2020-06-23,13550,14350,12200,1410,140500,119000,32400,37050,183000,737000,4735,58000,5000,5740,105000,50500,27650,11000,346000,33422
2020-06-24,13600,14350,12250,1415,141000,117000,32950,37000,185000,735000,4820,58100,5100,5800,111000,50800,27900,11000,351000,33665
2020-06-25,13350,14050,11900,1355,136000,114000,32100,35750,180000,716000,4800,56300,4945,5380,105500,49100,26850,11000,343000,32497
2020-06-26,13050,14000,12350,1355,136500,113000,32000,35300,183000,717000,4800,56500,5040,5270,106000,49300,26950,11000,346000,32643
2020-06-29,12750,14000,12100,1325,133000,111500,31350,34450,175500,693000,4700,54600,4930,5320,102000,48300,26100,11000,334500,31719
2020-06-30,12650,13950,12200,1360,133000,113000,32100,34450,174000,696000,4740,56300,5000,5300,101500,49200,26350,11000,335000,32157
2020-07-01,12650,14250,12050,1375,133500,110000,32200,34700,178500,697000,4750,57200,5050,5310,102500,49000,26350,11000,353000,32741
2020-07-02,12900,14400,12450,1380,133500,111000,32700,34600,181000,701000,4745,59300,5150,5400,104000,49800,26650,11000,360500,32886
2020-07-03,12950,14250,12300,1395,134500,111000,32550,34400,181500,703000,4740,61100,5150,5490,105000,49400,26750,11000,364000,33568
2020-07-06,12950,14350,12500,1430,136000,111500,35350,39750,183000,721000,4765,63000,5230,5700,106500,49700,27250,11250,370500,33665
2020-07-07,12700,14050,12500,1410,135500,115500,35300,41350,185000,711000,4785,61800,5060,5600,107000,48900,27300,11050,366500,32984
2020-07-08,12750,14000,12350,1400,134500,116500,35300,46050,190500,704000,4755,61400,5150,5750,107000,48900,27500,11100,370000,33519
2020-07-09,12750,13900,12150,1450,137000,117500,35450,45200,188500,705000,4800,60700,5160,5830,107000,48200,27400,11350,378000,33227
2020-07-10,12450,13850,11950,1400,133000,114500,34300,46150,182000,717000,4770,58700,5030,5660,103500,46400,26700,11250,373500,32497
2020-07-13,12450,14100,12050,1425,136500,124000,37650,46500,187000,715000,4855,59500,5130,5700,108000,47200,27800,12050,375000,33470
2020-07-14,12600,13900,12450,1435,136000,122500,35950,45800,184500,712000,4800,59900,5130,5620,108500,46800,28000,12050,376500,33178
2020-07-15,12700,14350,12300,1475,140000,129000,35600,46000,186500,715000,4880,59800,5160,5850,110500,47800,28350,12500,369000,33762
2020-07-16,12900,14150,12250,1515,144500,127500,35000,46050,186500,709000,4835,61200,5210,5890,110500,48000,28700,12350,364500,34395
2020-07-17,13000,14100,12250,1485,141000,124500,35300,45800,186500,712000,4830,60500,5180,5810,114000,48200,29250,12900,368000,34005
2020-07-20,12750,14250,12300,1470,139000,124500,34950,45850,187500,701000,4870,60400,5190,6060,125500,47900,29050,13150,363500,34735
2020-07-21,12850,14300,12150,1485,142000,121000,35550,45600,191500,701000,4855,60800,5210,6140,122000,48000,29900,12800,369000,34346
2020-07-22,13200,14600,12100,1550,142500,125000,36200,45050,197500,706000,4820,60800,5170,6340,117000,47400,29600,12250,398500,34638
2020-07-23,12850,14300,11600,1485,138000,122500,35700,43700,195500,700000,4770,59700,5140,6220,117000,47200,29000,12200,403500,33859
2020-07-24,12800,14200,11300,1475,136500,122500,34700,42900,194000,692000,4770,59800,5080,5990,115000,46600,28800,11900,395500,34395
2020-07-27,12700,14150,11400,1490,135000,124500,34550,42800,196000,699000,4740,59500,5090,6050,111000,46600,29400,11850,430500,33616
2020-07-28,12650,14150,11600,1485,134500,129500,34050,41900,202000,690000,4715,59600,5120,6010,110500,47900,29550,11750,433500,33373
2020-07-29,12700,14100,11750,1500,139500,120500,34150,43650,201500,686000,4720,59300,5270,6050,112500,47100,29250,11450,433000,32984
2020-07-30,12600,13950,11650,1495,136500,116000,34250,43550,199000,687000,4710,60900,5240,5920,114500,47200,29300,11350,421500,33081
2020-07-31,12400,13850,11450,1465,134500,116500,33700,43750,193500,681000,4600,59700,5140,6080,111500,47300,28950,11400,414000,33373
2020-08-03,12150,13600,11300,1465,135000,113500,34400,43650,192000,679000,4525,58500,5070,5930,109500,46300,28800,11200,413500,32789
2020-08-04,12550,13800,11400,1500,136500,115500,34600,48200,194000,688000,4635,59400,5160,6100,112000,46800,29800,11500,410500,33811
2020-08-05,12550,13950,11350,1475,135500,116500,34500,46600,194000,688000,4635,58900,5130,6090,112500,47000,30700,11700,427000,33227
2020-08-06,12600,14000,11500,1490,137000,119500,35500,46850,201000,690000,4660,59600,5240,6390,117500,47100,31050,11950,450000,33616
2020-08-07,12400,13900,11600,1460,136000,116000,35000,46400,197000,688000,4600,60200,5160,6140,122000,46400,31100,11950,454000,33178
2020-08-10,12550,13900,12200,1530,142500,119000,36550,46900,198500,697000,4705,61600,5290,6300,128500,46400,33000,12400,450000,33519
2020-08-11,12950,14200,11900,1575,151500,120000,36150,47100,207000,701000,4730,62500,5400,6380,130000,49400,32650,12650,450500,35465
2020-08-12,13450,14600,12400,1630,157500,120000,36600,48550,208500,714000,4760,64800,5500,6560,125500,51700,33000,12650,432000,35562
2020-08-13,13550,15000,12300,1645,159500,119000,36050,47900,206000,708000,4720,62700,5520,6380,123000,50600,32950,12550,429000,35124
2020-08-14,13400,15000,12300,1615,162000,121500,35200,45800,210500,713000,4685,63400,5470,6450,132000,52400,31950,12700,429000,35027
2020-08-18,12850,14700,11750,1485,147000,117000,33300,44950,203000,694000,4570,59900,5380,6090,121000,49800,30300,12200,419500,33081
2020-08-19,12850,14750,11850,1565,146500,118000,33450,44450,201000,692000,4530,60300,5360,6330,127000,50100,30400,12350,418000,32984
2020-08-20,12350,14200,11500,1490,138000,111000,31750,41650,195000,668000,4380,58300,5100,6040,120000,47200,29200,12500,405500,31330
2020-08-21,12700,14250,11850,1480,139000,112500,32050,45500,199000,670000,4360,57700,5130,6130,120500,47100,29450,12350,411500,31622
2020-08-24,12550,14050,12000,1475,140000,113500,32200,45050,199000,663000,4310,56500,5120,6310,122500,46700,29750,12100,403500,31524
2020-08-25,12900,14250,12400,1585,145000,118000,33050,46250,200500,668000,4365,57400,5290,6670,127000,48400,31450,12450,410000,32108
2020-08-26,12700,14000,12350,1570,142000,114500,32350,46950,193000,666000,4345,56600,5300,6430,129000,47300,31300,12250,404000,32059
2020-08-27,12650,13850,12100,1515,140000,114500,32000,46250,188500,661000,4310,54600,5200,6230,130000,46500,30400,12000,400000,31086
2020-08-28,12800,13950,12150,1525,139500,114000,32350,44950,189500,666000,4325,55700,5190,6220,144500,46600,30750,12000,398500,31768
2020-08-31,12750,13600,11950,1530,139500,118000,32000,44700,184500,660000,4290,53700,5080,6170,145500,45200,30150,12050,398500,31378
2020-09-01,12650,14100,12050,1595,141500,115000,33400,44650,186500,668000,4310,54900,5140,6230,146000,45200,30950,12950,402000,31719
2020-09-02,12650,14100,12100,1575,144000,116500,33400,45150,188000,664000,4395,56500,5200,6320,142000,45700,32300,12800,403500,31816
2020-09-03,12750,14050,12000,1585,146500,119000,33300,48000,189000,674000,4500,56500,5200,6240,141000,45900,32250,12800,402000,31476
2020-09-04,12600,13750,11800,1560,142000,115500,33150,53000,186000,682000,4515,55800,5140,6120,135000,44800,31400,12550,398000,31135
2020-09-07,12700,13850,11900,1585,151000,145000,36200,59600,188000,687000,4545,56300,5110,6260,135000,45600,32150,12450,404000,32108
2020-09-08,12700,13800,12000,1620,147500,153500,35400,56400,187000,698000,4560,56400,5110,6100,133500,45400,31650,12250,406000,31768
2020-09-09,12650,13750,11850,1570,147000,164000,35900,56600,185000,685000,4590,56000,5080,6140,135000,44700,31050,12150,401000,31330
2020-09-10,12700,13900,11900,1565,148500,162500,35800,56800,185500,687000,4670,56400,5110,6070,137500,44700,31200,12250,403000,31232
2020-09-11,12800,13850,11900,1570,149500,164500,35500,55500,185500,685000,4650,56300,5090,6050,141000,46900,31400,12200,400000,31427
2020-09-14,13000,14050,12100,1595,152000,167000,37400,54400,190000,695000,4720,57200,5150,6050,149000,46900,31950,12500,405000,31816
2020-09-15,13200,14000,11950,1575,149000,164000,36750,52400,189500,687000,4680,57400,5190,6100,145000,46200,31700,12400,401500,31378
2020-09-16,13150,14150,11850,1580,147500,159500,38800,50400,189000,684000,4630,57700,5210,6120,148000,45800,31800,12350,397500,31524
2020-09-17,13150,13950,11850,1560,158000,158500,39500,51000,190000,694000,4630,57000,5140,6200,147500,45600,31400,13300,394500,31330
2020-09-18,13200,13850,11700,1565,155500,160500,39950,52300,192000,688000,4685,56800,5140,6210,147500,44600,31200,13200,392000,31232
2020-09-21,13050,14000,11500,1540,150500,157000,41300,50100,191000,679000,4645,57200,5100,6120,147000,44500,30700,13300,388500,31135
2020-09-22,12700,13650,11350,1495,145000,149000,38550,48900,194500,664000,4530,55700,5020,5970,140500,43800,29950,12950,377500,30162
2020-09-23,12950,13400,11300,1495,146500,156000,37550,52400,195000,650000,4505,54800,5000,6090,138500,42300,29800,13700,374500,29773
2020-09-24,12750,13000,11000,1440,142500,153000,35200,48850,188000,636000,4460,53300,4935,6080,139500,40600,29200,12800,363000,28849
2020-09-25,12750,12950,10800,1455,139500,158000,35500,47600,194000,638000,4480,53900,4995,6350,139500,41000,29400,12700,364500,28897
2020-09-28,12750,13050,11150,1480,144000,160500,37300,48500,194000,644000,4515,55600,5000,6270,140000,42200,29500,12950,380000,29238
2020-09-29,12850,13400,11500,1525,146000,166500,37750,49650,196000,652000,4520,56300,5060,6340,144000,43600,30600,14150,376500,29627
2020-10-05,13150,13650,11650,1555,153500,188500,38550,50700,205000,656000,4590,56900,5070,6940,147000,43500,31100,14800,382500,29968
2020-10-06,13300,13500,11600,1555,152000,183000,38800,50400,202000,659000,4750,57000,5140,6870,145000,43500,30750,15650,388000,29968
2020-10-07,13350,13650,11750,1570,155000,185500,38550,51100,205000,656000,4725,57000,5140,6880,148500,44400,30850,15700,387000,29773
2020-10-08,13900,13650,11750,1560,154500,193500,38200,53000,208000,651000,4770,57100,5200,7300,152500,44400,31750,15300,386000,29870
2020-10-12,13950,13950,11650,1550,156000,195500,39400,52900,207000,661000,4770,59100,5190,7240,150000,44800,32900,15450,377000,30162
2020-10-13,13700,13900,11750,1545,158000,190500,38700,51700,205000,657000,4775,60800,5160,6980,165000,44800,32300,15150,378500,29919
2020-10-14,13550,13850,11600,1535,157500,195000,37600,52700,200500,652000,4705,59400,5170,6710,168500,43700,31850,14950,374000,29432
2020-10-15,13550,13800,11550,1525,156500,191000,36700,53400,205000,649000,4700,59100,5290,6760,179500,43400,32450,15050,375500,29335
2020-10-16,13600,14050,11550,1510,157000,184500,38400,53200,202000,656000,4735,61900,5350,6550,184500,43100,32150,14750,373000,30259
2020-10-19,14200,14600,11650,1570,161500,181000,37650,53900,208500,669000,4810,66400,5460,6580,174500,44700,32900,14700,374000,31038
2020-10-20,14400,14300,11750,1575,157500,191500,37200,51600,206500,670000,4835,65900,5460,6590,199500,44800,33100,15050,370500,30746
2020-10-21,14600,15350,11650,1580,157500,192500,37850,51500,207000,666000,4915,67500,5610,6790,200500,45100,33300,14850,370500,30795
2020-10-22,15200,15200,11750,1585,156000,188500,37500,50300,210000,672000,5020,67800,5770,6800,191500,45300,34150,14650,386000,31038
2020-10-23,15500,14600,11750,1700,156500,188000,37150,50400,220000,688000,5130,66300,5910,6690,188500,45600,34250,15150,389000,30795
2020-10-26,15150,13950,11600,1695,162000,195500,36800,49000,218000,675000,5050,64500,5810,6590,178500,45000,33100,15400,378000,30503
2020-10-27,14650,13650,11500,1590,162000,187000,36600,49050,220000,691000,5010,61300,5600,6500,177000,44500,32400,15600,378000,29870
2020-10-28,14900,13800,11650,1590,160000,194000,37300,50300,216000,707000,5070,62400,5760,6440,175500,44600,33600,15500,380500,30065
2020-10-29,14500,13550,11350,1565,156000,193000,36300,49300,212000,700000,5130,61000,5670,6240,177500,43700,33400,14950,381500,29481
2020-10-30,13850,13300,11050,1535,153000,194000,35400,48500,208000,710000,5100,59200,5510,6060,167500,42900,32100,14500,382500,29822
2020-11-02,14500,13300,11200,1560,158500,196000,35950,48900,216000,750000,5320,61500,5700,6160,174000,43900,32500,14600,384000,29919
2020-11-03,14650,13500,11500,1620,161000,203500,36550,51100,220500,751000,5390,62100,5830,6370,173500,44500,33050,14600,389000,30308
2020-11-04,14300,13550,11450,1610,160500,198500,36900,52200,219000,749000,5350,60900,5750,6330,171000,44300,32900,14600,387500,30697
2020-11-05,14550,13750,11850,1620,162500,206500,37900,53200,227000,764000,5470,61600,5850,6480,180000,44600,33400,14700,388000,30454
2020-11-06,14100,13650,11850,1595,161500,212000,36850,53100,228000,742000,5450,62700,5860,6410,177000,44400,32950,14300,394000,30211
2020-11-09,14200,13600,11800,1615,163000,222000,38550,54200,234000,748000,5420,63500,5910,6710,184000,46600,33450,14300,394000,30892
2020-11-10,14800,14000,11750,1790,168000,223000,38150,54600,237000,769000,5580,66600,6030,6770,194000,49700,33950,14600,390000,32059
2020-11-11,15100,14250,11900,1900,171500,229000,37850,53400,238500,810000,5880,68600,6180,6790,193500,51400,35750,15100,392500,32449
2020-11-12,14850,14300,11700,1930,169000,232000,38200,52500,236500,801000,5940,70500,6090,6750,194000,51100,35500,15500,392000,31719
2020-11-13,14800,14000,11500,1895,163500,226000,37950,53000,236000,799000,5960,69900,5980,6700,192500,50200,35250,15300,385000,31622
2020-11-16,15250,14100,11450,2040,168500,230000,38100,53700,239000,793000,6060,70200,6020,7120,187000,51500,38250,15500,386000,32205
2020-11-17,15150,14250,11350,2110,166500,230000,38900,52500,238500,786000,6010,72400,6050,7060,193000,51300,38800,16200,385000,33276
2020-11-18,15150,14200,11400,2050,169500,243000,38400,52400,238500,839000,5860,70400,5990,6940,189500,51300,38000,15600,385000,33130
2020-11-19,15050,14000,11400,2005,166500,248500,40950,57200,236000,838000,5800,71300,5980,7040,188000,50900,38050,15750,383500,32643
2020-11-20,15300,14350,11450,2025,167500,251500,41050,57600,237500,861000,5740,71900,6040,7080,187000,51600,38250,15600,388000,32692
2020-11-23,15550,14350,11450,2160,171000,253500,41100,57600,243500,851000,5840,71400,6010,8070,189000,53300,39800,15550,393500,33032
2020-11-24,15500,14350,11550,2160,171500,247000,41900,59400,244500,833000,5860,71800,5960,8180,187000,55600,39700,15950,394500,33665
2020-11-25,15250,14150,11400,2140,168500,240000,41250,57100,245000,821000,5800,71400,5990,7890,185500,56600,39400,16200,392500,33714
2020-11-26,15000,13800,11950,2120,168500,247000,40400,56000,242500,819000,5770,70700,5850,7680,184000,56800,40100,16000,390000,33373
2020-11-27,14700,13400,12150,2100,170000,250000,40450,56400,239500,829000,5680,70900,5680,7690,182500,57600,40150,16000,388500,34151
2020-11-30,14450,13300,11950,2065,168000,244500,41600,55000,234000,768000,5470,70900,5630,7450,178000,55900,39450,16500,379000,32692
2020-12-01,14800,13650,11850,2075,169500,245500,41450,56600,245500,790000,5630,71300,5720,7580,182000,56200,41000,17000,390000,33616
2020-12-02,15050,14150,12000,2200,172000,250000,40800,57900,250000,799000,5640,75200,5970,7630,179500,56200,41200,16700,392500,33714
2020-12-03,15000,14100,11900,2280,172000,245500,41150,58000,251500,795000,5620,75200,5920,7700,186500,55800,41500,16900,392000,34005
2020-12-04,15000,14050,11850,2255,171500,243000,40600,59300,265500,786000,5580,74600,5890,7770,186000,55400,42050,16600,398000,35611
2020-12-07,14750,13850,11450,2165,169000,235500,39600,57500,270000,771000,5540,72100,5800,7560,193500,54300,41600,16750,397000,36584
2020-12-08,14750,14100,11500,2160,167000,231500,39900,56000,265500,767000,5510,71700,5700,7290,185500,54000,40850,16350,392000,35514
2020-12-09,14800,14150,11700,2175,171000,238500,40350,56400,273000,766000,5650,73100,5820,7870,185500,55200,41350,16500,395000,35805
2020-12-10,15100,14550,11600,2170,171000,235000,40250,55500,272000,758000,5700,72700,5820,7870,184000,55900,41400,16650,389500,37314
2020-12-11,15350,15350,11900,2340,177000,234500,40700,55800,279500,770000,5860,73300,5840,7970,187500,59300,42400,16950,392000,37849
2020-12-14,15650,14950,11800,2505,183500,227500,39950,54100,276500,772000,5900,71000,5780,7940,188000,59800,42150,16550,394000,37022
2020-12-15,16250,15150,11850,2560,185000,227000,39650,53300,269000,759000,6070,71000,5890,7800,186500,59200,42500,16550,398000,36341
2020-12-16,16050,15150,11800,2740,191000,228500,40000,53700,271500,763000,6250,70800,5950,7930,185500,60100,43200,16500,399500,36486
2020-12-17,16050,15050,11800,2660,192000,224000,41150,54400,268000,761000,5920,70300,5870,8050,182500,60500,42500,16650,407000,35951
2020-12-18,16000,15050,11850,2660,193000,222000,40850,54900,269000,757000,5860,70600,5850,8100,181000,61700,42350,16450,405500,36584
2020-12-21,16000,15200,12200,2505,189000,223500,40550,55400,274500,777000,5900,70400,5830,8180,180500,62700,42600,16000,423000,36243
2020-12-22,15900,14700,11950,2505,184500,217500,39350,53900,267500,776000,5910,70100,5800,7780,179500,62000,41900,15500,413500,35562
2020-12-23,16200,14650,12050,2440,189000,216000,39500,53300,267500,768000,5920,69700,5810,7820,180500,61000,42150,16000,412500,35319
2020-12-24,16450,15200,12100,2445,199500,220000,40050,54800,271000,781000,5870,70500,5940,7790,182000,62700,42950,16300,413000,35659
2020-12-28,16400,15200,12000,2430,194000,220000,39900,54800,273500,783000,5890,70700,6050,7700,179000,63700,43150,16250,416000,35222
2020-12-29,15050,14550,11700,2400,193500,220000,40200,53400,270000,802000,5630,70800,5670,7820,179000,58100,40700,16200,403000,35270
2020-12-30,14600,14550,11750,2440,197500,230000,41050,55200,272000,801000,5640,71400,5680,8120,184000,56700,40450,16250,401500,36438
2021-01-04,14250,14550,11850,2340,199000,234000,41350,55100,273000,802000,5480,72000,5560,8680,190000,55300,40800,16800,401000,37216
2021-01-05,14050,15100,12000,2490,204500,235000,41550,57200,285000,798000,5590,74000,5580,9130,191000,56500,41350,16400,452000,39016
2021-01-06,14250,15050,12300,2655,202500,277000,42150,56600,280000,787000,5520,73000,5570,9050,185500,57100,42200,16250,439500,38773
2021-01-07,14700,16300,12450,3360,205500,290500,42200,58000,291000,808000,5680,74700,5780,9140,199500,57700,43600,16300,442500,39454
2021-01-08,14750,15850,12450,3390,210500,285000,43900,58700,294500,845000,5710,79000,5780,9270,201000,57100,44000,18800,439500,39892
2021-01-11,14200,15150,12650,3220,205000,277000,42300,57400,284000,837000,5640,77700,5720,8990,193500,55300,45000,19000,421500,42908
2021-01-12,14100,15100,12550,3085,202000,282000,42350,56400,277000,827000,5690,80400,5940,8930,187000,54200,43950,19000,418500,44368
2021-01-13,14450,15150,12400,3235,199500,277500,43600,56600,283500,841000,5740,80500,6030,9060,190000,54500,43650,19000,423000,43249
2021-01-14,15050,15200,12250,3170,205000,284000,43300,56400,282000,849000,5880,80000,5990,9130,185500,55800,43050,18900,420500,43541
2021-01-15,14900,15250,12200,3070,202500,281000,42450,55500,275000,842000,5820,79000,5880,8850,187000,54700,41550,18150,412500,41643
2021-01-18,14450,14800,11950,2955,196500,272500,41150,54000,266000,816000,5750,77100,5770,8440,181500,53200,40600,17750,407000,41886
2021-01-19,14700,15350,12050,3020,201000,278000,42300,54800,271000,824000,5830,79600,5850,8800,189000,53600,41900,22900,418000,43930
2021-01-20,14800,15250,12000,2995,206000,276000,42950,57600,272000,836000,5770,79700,5790,8690,188000,53400,41300,22650,420000,43930
2021-01-21,15300,17200,12250,3000,209000,275000,43500,58300,269500,863000,5740,80600,5730,8710,221000,54100,41600,26750,435500,43589
2021-01-22,15200,16200,12150,2905,215000,273500,42800,60700,261000,852000,5640,83100,5610,8720,211000,53200,41050,26850,427000,43200
2021-01-25,15850,16350,12500,3010,221000,279500,45500,60500,264500,848000,5600,84000,5630,8930,227500,54200,41300,26950,428500,43784
2021-01-26,15950,16000,12350,2895,218500,274000,44300,58800,257500,836000,5580,82300,5580,8630,217500,52200,40400,26200,413500,42811
2021-01-27,16000,16200,12350,2840,211500,289000,43900,57800,259500,845000,5530,81000,5600,8210,211500,50800,40750,25900,411500,42081
2021-01-28,16200,16050,12150,2745,206000,298500,42150,56400,250000,845000,5400,79600,5550,7850,200000,48900,39750,25850,404000,41059
2021-01-29,15850,16500,11950,2670,198500,284000,40900,54400,245500,839000,5180,78200,5510,7750,190000,47000,37750,24700,406000,39162
2021-02-01,14900,18300,12100,2730,200500,287500,41950,55700,253000,933000,5280,78500,5690,7800,198500,48100,38650,28500,433500,42324
2021-02-02,15200,18650,12250,2850,203500,309500,49100,56000,263000,901000,5460,79000,5740,8130,201500,48300,39000,27850,427000,42081
2021-02-03,14850,19300,12350,2860,206000,312500,53300,56100,262500,981000,5510,79500,5760,8070,212500,49000,39300,27650,420500,43638
2021-02-04,14550,22600,12750,2735,202500,307000,53500,55500,264500,998000,5530,78300,5630,8050,224000,49500,38250,28000,409000,41984
2021-02-05,14500,22050,12700,2825,202000,304000,53100,56900,263000,999000,5710,81800,5770,8070,221000,51000,39100,28450,414500,41303
2021-02-08,14850,23150,12550,2830,207000,313500,55200,57800,268500,1009000,5770,84300,5810,8150,200000,52900,39700,25800,412500,41497
2021-02-09,14900,22150,12450,3020,205000,306500,53600,56200,270000,1014000,5770,82700,5770,8160,201000,52900,39600,25500,415000,41741
2021-02-10,15050,22100,12500,3000,212500,373500,55300,56500,271000,1010000,5800,81900,5840,8180,208500,53200,39750,26400,413000,41595
2021-02-15,15050,21200,12450,2945,216000,366500,56000,56900,268000,987000,5860,81300,5820,8380,210500,54900,39750,25850,415000,41886
2021-02-16,14900,21650,12650,2965,215000,393500,58000,56800,271500,964000,5850,81400,5860,8670,211500,54800,39750,24600,421500,41838
2021-02-17,15050,22750,12700,3300,210000,381000,56800,55800,270500,968000,5850,80500,5900,8790,208000,54000,39300,23850,422000,41157
2021-02-18,14950,23150,12550,3090,208500,366000,53000,54500,265000,969000,5850,80500,5840,8620,203500,52700,38400,23550,415000,40135
2021-02-19,15000,23600,12400,3230,209000,373000,53000,54300,263500,945000,5850,80700,5880,8460,212000,52400,38350,23300,413500,40865
2021-02-22,15700,22850,12250,3470,209000,359000,52000,54100,268000,960000,5800,80900,5860,8890,212000,52100,38050,22900,428500,40281
2021-02-23,16000,23050,12200,3330,207000,366500,51500,54800,279500,949000,5820,83300,5870,8860,205500,55900,37950,24200,433000,40719
2021-02-24,15600,21300,12050,3150,199000,343000,49850,52700,274000,920000,5820,80500,5970,8600,193000,54300,37350,22600,415500,39357
2021-02-25,15950,22500,12200,3140,204000,360000,52900,54000,283000,943000,5880,82700,5980,9350,195000,55500,38000,23250,416000,40427
2021-02-26,16100,22350,11800,3205,199500,363500,55000,53400,281500,942000,5830,82000,5900,8990,193000,54100,36550,23700,403500,38724
2021-03-02,16600,21650,12000,3190,201000,349500,54500,52500,285000,939000,5840,82200,5940,8820,193500,54100,37050,23450,407000,38919
2021-03-03,17000,21850,12050,3160,203000,354000,54500,52600,299000,938000,5940,87600,6320,9270,196500,54700,38450,24200,412000,39162
2021-03-04,16750,21500,11850,3130,203000,346000,54700,51800,309000,901000,6060,88000,6390,9400,194000,54300,38350,23650,408000,38822
2021-03-05,17050,20900,11700,3265,201000,351500,54500,51300,314500,882000,6020,89500,6260,9820,193500,53400,37700,23250,407000,37995
2021-03-08,17700,21550,11700,3350,201500,342500,54700,51100,321500,884000,6160,90000,6590,10100,191500,54800,37800,22300,403500,38286
2021-03-09,18000,22300,12050,3310,200000,333500,51900,51500,317000,878000,6190,89100,6590,9900,188500,55900,37450,22250,397500,39114
2021-03-10,17950,21500,12050,3200,198500,316000,50300,51400,293500,899000,6170,89500,6450,9520,189000,55500,37550,21450,402000,38286
2021-03-11,18200,21850,12000,3160,200000,320000,54700,51800,303000,914000,6220,88200,6430,9970,192000,55200,38100,23450,402500,38724
2021-03-12,17800,22450,12100,3180,204000,319000,55500,52700,301000,916000,6240,87300,6420,10350,197000,55600,38750,23250,403500,40670
2021-03-15,18050,22250,12100,3225,207000,312000,54800,54000,308000,923000,6400,87700,6630,10600,195500,56300,39200,23350,403500,41595
2021-03-16,18550,22300,12100,3195,207000,316500,55600,54000,306000,939000,6370,88900,6590,10650,196000,56400,39050,23400,404000,41643
2021-03-17,18450,22000,12100,3145,204000,318500,57200,55200,295000,925000,6400,88000,6630,10550,192000,55700,38700,23200,412000,41546
2021-03-18,18000,23450,12200,3085,204500,325500,57300,55500,295500,921000,6400,88100,6740,10600,193000,55900,38850,24250,411500,41351
2021-03-19,18000,23500,12150,3085,201500,326000,56600,54300,288500,923000,6450,86800,6880,10950,191500,54600,39850,24600,402000,41059
2021-03-22,18050,22650,12050,3065,203000,329000,56700,56800,303500,948000,6440,87200,6820,11550,192000,53900,39300,24300,404500,41789
2021-03-23,18050,20500,12050,3015,206000,323000,57700,57200,313000,948000,6300,86300,6670,11400,192000,52900,38300,23050,406000,42130
2021-03-24,17800,19950,12050,2970,204500,322500,61000,56400,306000,949000,6300,86200,6550,11050,187500,53600,38500,22900,402500,41838
2021-03-25,17750,20950,12100,2985,222500,325000,62600,57000,308500,946000,6280,87000,6590,11300,190500,54200,39000,22050,401000,42470
2021-03-26,17750,20450,12450,3035,229500,332000,62700,57400,318000,931000,6280,89000,6740,12200,196500,58200,39250,21900,405500,42859
2021-03-29,17850,20000,12300,2980,233500,333000,59500,56500,327000,914000,6300,90400,6780,13550,191000,58800,39150,22500,409500,42908
2021-03-30,18400,20850,12350,3110,227000,324000,59200,57300,322500,917000,6370,90200,6750,13650,190500,56500,38850,22800,406500,42616
2021-03-31,19350,20150,12250,3210,237500,325500,59800,58700,320000,920000,6550,90700,6790,13650,187500,58300,39450,22300,408500,42859
2021-04-01,19400,20350,12250,3140,235000,322000,60500,57800,318500,924000,6540,88400,6690,13200,187000,56600,39150,22300,405000,42373
2021-04-02,19000,20000,12300,3060,229000,321500,59500,57700,318500,954000,6360,87800,6570,13200,188500,56400,39350,23650,405500,42373
2021-04-05,19000,19750,12150,3070,232500,305000,62800,61400,334500,983000,6360,89000,6630,14800,187500,56900,39550,23700,406500,43686
2021-04-06,18900,19950,12650,3145,250000,296000,62300,61200,328500,983000,6430,90100,6630,14850,186000,56500,41000,24050,404500,43589
2021-04-07,19200,20300,12700,3265,261000,298500,62300,61200,329000,982000,6580,89800,6800,15750,183000,56600,41800,24800,413500,43784
2021-04-08,18650,20000,12600,3320,273500,304000,62300,61700,331500,984000,6600,89700,6760,16900,180000,56600,41800,24600,411000,45146
2021-04-09,18550,20300,12700,3210,272000,302000,64000,62600,328000,1004000,6620,88900,6750,17400,180500,56600,41800,24400,412000,45195
2021-04-12,18550,20000,12600,3230,280500,311000,64600,60700,329500,1015000,6630,88500,6800,18200,178500,56600,41350,24850,413000,44514
2021-04-13,18650,20300,13100,3250,274500,302000,62000,60400,327000,1037000,6540,88300,6750,19000,183500,58700,41100,24900,417500,44173
2021-04-14,18700,20200,13100,3315,276000,307500,62000,60600,338500,1000000,6470,87500,6720,19000,184000,59400,41100,25450,413000,44903
2021-04-15,18750,20000,13200,3290,272500,307000,60800,60500,346000,977000,6480,87700,6750,19850,184000,59500,41300,25700,418000,45146
2021-04-16,18450,20100,13150,3190,272000,308000,61300,67400,343500,988000,6420,88500,6620,19550,184500,59100,41600,26400,421500,45876
2021-04-19,18350,19950,13050,3195,282000,312500,61100,69200,354000,1011000,6500,89000,6680,19450,184500,58700,41200,25700,420000,46557
2021-04-20,18850,20100,13300,3305,286000,319500,63000,69300,355500,1055000,6530,90100,6750,19350,188500,59000,41950,24700,418500,48114
2021-04-21,18450,19700,13300,3250,293000,311000,64400,69000,351000,1082000,6540,88700,6810,20300,187000,57800,41150,24750,418000,48162
2021-04-22,18550,20000,13300,3325,316500,330500,63900,71100,353000,1074000,6600,88500,6850,20500,187000,58500,41300,24950,437000,47676
2021-04-23,18750,19800,13250,3480,325000,330500,64100,70400,355500,1124000,6680,87700,6930,23450,187000,58700,42350,24600,439000,48454
2021-04-26,19300,21000,13500,3480,325500,349000,66400,72300,362500,1143000,6770,88100,6960,23650,194500,63700,42600,24600,438000,50011
2021-04-27,19450,22300,13450,3570,319000,363000,63900,73500,377500,1096000,7050,88200,7170,25300,195500,65400,43600,23500,434500,50595
2021-04-28,19800,21550,13300,3615,315000,336500,61700,69500,372500,1055000,7180,88700,7330,25850,192000,67900,42600,23150,427000,51276
2021-04-29,19550,22250,13250,3460,325000,315500,62700,70300,373000,1078000,7040,91100,7320,26000,188000,68900,41800,23200,454500,52832
2021-04-30,19950,21000,13200,3495,313000,315000,60500,68000,364000,1043000,7300,92800,7670,23950,192000,70400,42650,22650,446000,49038
2021-05-03,19700,20900,13450,3395,297500,297000,62100,66500,368000,1044000,7230,92300,7570,21850,192500,68900,41450,23250,442500,48843
2021-05-04,19500,21750,13950,3320,304000,299000,62700,65500,376500,1055000,7250,89800,7470,22250,194000,69500,41700,23500,443500,49135
2021-05-06,20400,22550,14000,3590,322000,306500,63800,65900,395500,1110000,7500,92200,7900,23400,199000,76300,43300,23950,464000,50886
2021-05-07,20850,22300,14050,3690,317500,308000,64800,65900,398000,1090000,7550,92800,7880,24400,198500,75500,43500,24750,455500,52151
2021-05-10,20800,22350,14050,3710,341000,307000,64500,65300,407000,1148000,7690,95800,8020,25700,199000,75900,46450,25800,474000,52249
2021-05-11,21000,23000,14700,3760,368500,287500,63600,63500,409500,1175000,7830,96700,8290,26950,198000,77600,46900,26350,481500,52638
2021-05-12,20450,21950,14600,3840,353500,276500,61900,61500,399000,1165000,7770,93300,8080,26550,196000,76000,45100,28350,478500,50692
2021-05-13,21200,21250,14850,4215,335500,267500,59400,60800,383500,1200000,7890,91100,8160,23900,189000,75000,44000,26850,469500,50108
2021-05-14,21150,22000,14800,3950,340500,272000,60400,61400,380000,1208000,7900,91100,8100,23400,186000,73400,44400,26950,459000,50497
2021-05-17,17600,21500,14800,3810,331000,265000,58200,60700,367000,1207000,7890,90900,8050,23400,183500,74600,44900,26350,455000,51178
2021-05-18,17600,22550,15000,3855,335000,275000,59700,60700,385500,1198000,7930,92300,8080,25250,188000,75700,45500,29700,477500,52346
2021-05-20,17550,21700,14900,3910,336000,277000,58700,60000,365000,1164000,7870,90500,7960,24000,189000,72800,44500,31100,468000,51762
2021-05-21,17250,21400,14650,3765,336000,271000,59200,61700,360000,1174000,7550,88800,7720,24000,187000,71400,44450,30950,464000,51178
2021-05-24,18000,21200,15100,3875,334000,270500,58400,59800,355500,1168000,7700,89300,7900,23650,186500,71600,45100,30900,461500,51762
2021-05-25,18300,21100,14900,3910,328500,269000,59800,62000,358000,1169000,7730,90300,7820,23700,187500,71900,45750,32200,464500,50692
2021-05-26,18450,21100,14900,3940,311500,272000,60700,62900,349000,1215000,7770,91200,7880,22150,187000,70800,46100,30600,453000,51470
2021-05-27,18150,21000,14700,3875,312000,267000,60000,63200,360000,1190000,7700,89700,7860,22350,185500,69400,46400,31500,451500,54778
2021-05-28,17850,21500,14900,3920,311000,270500,60700,66500,357000,1252000,7720,89800,7950,22650,191500,69700,46400,31200,461000,54584
2021-05-31,17850,20700,15100,3850,307500,266500,62300,66300,355000,1249000,7690,93100,7950,22900,189000,70500,47450,33200,451500,55849
2021-06-01,18100,20800,15400,3855,314000,268500,64800,65900,350000,1239000,7700,91400,7990,23250,191500,75000,47200,32800,447500,55459
2021-06-02,18050,20550,15650,3865,325500,260000,64200,66700,353000,1251000,7700,92200,7980,22850,191500,76700,46900,31800,445500,55849
2021-06-03,17900,20650,15750,3790,320000,261000,63000,66200,346500,1272000,7670,92500,7930,22200,193500,76400,46850,31950,441000,54778
2021-06-04,17850,20550,15250,3840,314000,261000,62700,66400,347000,1290000,7700,90300,7990,22750,194000,76300,46450,34000,440000,54584
2021-06-07,17650,20950,15400,3810,314500,256000,62300,66400,339500,1300000,7700,89600,8000,21700,194000,75100,46500,35000,436500,54778
2021-06-08,17650,20950,15400,3830,312500,250000,63200,66300,341000,1299000,7700,89900,7960,21550,198000,73700,46300,34900,436000,56238
2021-06-09,17500,21500,15900,3780,307500,245000,63000,63700,333500,1296000,7600,89000,7770,21150,192500,73000,45600,36000,430000,55362
2021-06-10,17700,21050,15750,3730,304500,245000,62900,64000,334000,1299000,7490,89500,7680,21700,189500,72900,45200,34300,435500,54292
2021-06-11,17550,21250,15650,3705,317500,251500,64200,64700,349500,1291000,7470,89900,7610,22500,191000,72500,45150,33650,436500,54097
2021-06-14,17400,21450,15450,3735,317500,250000,63200,66600,344500,1277000,7320,89200,7530,22550,189500,72700,44750,33600,437500,54195
2021-06-15,17600,20750,15600,3715,309000,253500,63100,65600,342000,1269000,7450,88500,7580,22000,194500,72200,45450,33300,441000,52832
2021-06-16,18000,22000,15500,3925,307500,255500,67900,65600,345000,1250000,7590,88200,7730,22350,204500,72400,45600,33300,439000,52930
2021-06-17,17900,22100,15350,3855,307500,257000,67600,64700,341000,1224000,7570,87600,7760,21650,204500,71000,45150,34650,434500,53222
2021-06-18,18200,22400,15350,3760,306000,253000,66600,64500,340000,1207000,7370,86600,7600,21300,202500,69900,44700,35850,434000,53319
2021-06-21,18400,21600,15000,3665,299500,243000,67100,63300,335500,1180000,7220,86000,7410,20800,204500,70500,43750,34900,423500,53416
2021-06-22,18200,23450,15150,3805,312000,247000,71700,63300,341000,1198000,7270,87400,7530,22100,207500,71000,44250,34550,430000,53805
2021-06-23,18300,23100,15500,3715,311000,235500,72500,62700,338500,1183000,7190,86300,7440,21300,212500,70700,43750,34150,430500,52638
2021-06-24,18400,22800,15500,3715,310500,239500,72200,62200,350000,1166000,7260,86000,7560,22850,207500,71100,44000,34900,435000,52735
2021-06-25,19400,23750,15650,3840,333000,241500,73200,63600,352000,1175000,7370,89200,7860,22550,213000,72500,45100,37350,445000,54195
2021-06-28,19800,23550,15600,3870,335500,244500,78100,63800,354000,1178000,7460,88100,7870,23200,212000,72900,45750,35600,440000,56627
2021-06-29,20000,23200,15250,3760,338500,240500,78200,63500,347000,1171000,7470,88400,7760,22100,208500,70900,45000,36100,436500,56432
2021-06-30,20400,23300,15350,3755,343500,238000,80800,66000,348000,1166000,7530,87400,7730,22200,209000,70800,44950,35700,431500,56724
2021-07-01,20300,23650,14950,3720,333500,239000,80900,66900,345000,1167000,7450,86800,7650,22000,206000,69900,44350,35800,430000,56238
2021-07-02,20800,23500,15100,3755,338000,238500,80900,67600,344000,1156000,7520,86700,7740,22200,205500,71600,44300,35200,431500,58378
2021-07-05,20700,23400,14950,3715,338500,235500,79100,67800,345000,1152000,7470,85900,7690,21850,211000,71000,44600,34150,434500,58573
2021-07-06,20900,24250,15000,3730,333500,237000,79500,68200,342500,1151000,7420,86500,7700,21600,211000,70800,44450,34200,436500,58281
2021-07-07,20850,23800,14750,3655,328000,231500,80400,68700,339500,1138000,7350,83500,7530,21450,207000,68900,44100,33000,436000,57600
2021-07-08,21250,23400,14600,3520,318000,228500,78800,66400,339500,1109000,7340,81800,7490,21650,200500,67100,43900,33100,434000,56141
2021-07-09,20500,23650,14600,3525,312500,225500,78800,67000,338000,1081000,7180,81800,7350,21000,199000,66600,42850,32650,426500,55557
2021-07-12,20650,23500,14700,3550,311500,228000,78700,67900,344500,1107000,7300,82300,7520,21200,200500,68300,43050,32600,429000,56141
2021-07-13,20950,23900,14800,3585,312500,248500,80800,68600,345000,1113000,7320,83700,7590,21100,201000,69500,43600,33700,430000,56919
2021-07-14,20850,24000,14900,3465,310500,252000,84400,73300,341000,1115000,7260,83100,7520,20750,198000,69500,43300,33400,477500,56141
2021-07-15,21300,24500,14800,3455,318000,252500,84000,73400,346000,1110000,7220,83500,7560,21150,206000,70300,44550,33400,495000,56043
2021-07-16,22000,23300,14750,3520,324000,259500,80700,76800,341000,1089000,7240,83100,7580,21150,203000,69200,44350,33700,489000,56822
2021-07-19,21850,23400,14800,3430,313000,275500,80300,74500,334500,1076000,7230,82200,7500,20200,201500,67800,44200,32700,473000,56043
2021-07-20,21900,22850,14650,3405,309500,276500,79100,72300,330000,1077000,7130,81800,7400,19900,199000,67100,43850,32350,478500,55946
2021-07-21,22450,23450,14700,3410,313000,278500,80800,71800,330500,1055000,7140,81000,7390,19750,199500,68000,43500,33500,510000,55265
2021-07-22,22550,23650,15150,3500,320000,275000,81100,72200,346000,1064000,7270,82000,7590,20750,201000,69800,44100,33500,510000,55751
2021-07-23,22900,27200,14950,3435,336000,271000,81200,72700,353500,1081000,7350,81700,7550,21600,200000,69700,44550,32500,539000,53805
2021-07-26,22800,27600,14850,3405,322000,283000,81600,75200,354000,1094000,7300,80500,7470,20850,206000,68000,43950,32000,541000,52541
2021-07-27,23350,26250,14700,3425,322500,274500,81400,73900,364500,1099000,7390,81000,7500,21250,203000,68200,43900,32550,538000,53222
2021-07-28,23850,26200,14950,3430,329000,267000,80200,72600,367500,1107000,7700,81000,7670,21250,199000,68900,43900,32100,533000,53903
2021-07-29,24950,26500,15000,3445,352000,262000,81200,73100,359000,1114000,7700,81200,7700,20800,200500,69200,44250,32750,538000,53416
2021-07-30,25500,25850,14550,3395,355000,254500,80900,72500,366500,1122000,7740,80000,7750,21250,194500,68500,44250,33000,547000,53222
2021-08-02,24400,25550,14600,3400,352500,257000,79500,70200,360000,1106000,7710,79600,7660,20650,196000,68700,44150,33250,540000,52930
2021-08-03,24500,24800,14600,3365,343500,253000,79800,70700,341000,1088000,7590,79400,7640,20000,193500,68700,44100,32250,530000,53222
2021-08-04,25600,25100,14800,3470,349500,255000,79200,71700,346500,1097000,7670,81300,7800,20500,195500,69500,44900,32600,530000,53027
2021-08-05,25900,24700,14750,3525,333500,251000,78900,71300,344000,1104000,7620,81000,7690,20650,195500,68900,44550,32400,525000,52541
2021-08-06,25700,24550,14600,3495,328500,247500,78400,71100,341000,1110000,7650,80900,7780,20150,195000,69000,44650,31950,527000,53027
2021-08-09,25150,24500,14600,3465,323500,248500,78900,71100,337500,1106000,7680,80200,7830,19800,192000,67800,45000,31000,522000,52249
2021-08-10,25400,24050,14600,3470,323000,246500,78900,69500,337500,1099000,7680,79900,7840,19650,189500,67100,46000,30250,521000,51276
2021-08-11,25500,24000,14750,3540,325500,241500,79300,69200,345500,1109000,7740,80200,7870,19800,189000,69200,46650,30500,515000,51178
2021-08-12,25600,23800,14450,3490,323500,246000,81100,69700,338000,1092000,7920,79600,7910,19700,189500,68600,47200,30850,532000,51178
2021-08-13,25000,23850,14400,3500,320500,240500,78800,67800,341000,1079000,7880,80100,7820,19350,187500,67800,47000,29500,525000,50497
2021-08-17,25350,22550,14050,3385,310000,221500,78100,66200,329500,1096000,7840,80100,7730,18850,186500,66300,46350,28850,517000,49038
2021-08-18,25250,22500,14350,3370,311000,224000,78000,66900,329000,1101000,7850,80200,7750,19450,186000,66600,46550,28200,513000,50011
2021-08-19,24300,21450,13900,3240,293500,218000,73300,64600,313500,1067000,7660,77100,7530,18150,179000,63900,45000,26750,499500,47724
2021-08-20,23600,21000,13650,3155,287000,209000,71400,64100,308000,1019000,7490,75700,7340,18000,175500,63100,44750,25100,486000,47092
2021-08-23,24600,21100,13950,3245,290000,211000,72300,64700,309500,1022000,7640,77700,7390,18250,180000,63800,46050,26000,492000,47773
2021-08-24,25150,21500,14000,3365,332000,222000,76000,66500,320000,1034000,7920,79300,7600,19650,183000,65800,47300,26600,508000,49330
2021-08-25,25350,21650,14000,3440,363000,228000,77300,67800,326000,1054000,8080,79100,7740,19950,185000,65700,47550,27050,516000,50205
2021-08-26,25850,21850,14100,3450,364000,225500,76500,68000,321500,1056000,8230,79600,7780,19900,190500,64500,47800,27200,508000,50789
2021-08-27,25150,22200,14000,3415,358000,229000,83500,69900,315000,1087000,8300,79900,7910,19400,190000,64600,48950,27400,507000,50400
2021-08-30,24600,22300,13950,3335,360500,230000,86300,69900,332000,1098000,8200,80400,7740,20250,194000,65800,49650,27700,506000,51859
2021-08-31,26550,22750,14050,3335,360000,231500,87000,70100,337000,1105000,8290,80800,7760,20300,194000,65300,49450,27500,532000,54000
2021-09-01,29200,22650,14450,3360,385000,231500,86600,70500,337500,1096000,8260,81400,7880,20350,192500,65900,49500,27950,521000,54000
2021-09-02,29700,22100,14350,3370,398000,230000,83900,70500,342500,1099000,8200,81800,7880,20150,187000,64800,50300,27200,517000,54000
2021-09-03,29200,22350,14400,3400,385000,232000,84600,70900,348000,1092000,8190,81700,7880,19950,190000,65300,49100,27750,517000,55000
2021-09-06,29500,24200,14300,3365,442500,235000,86000,71900,349000,1103000,8250,81400,7850,19900,190000,65800,49200,27600,518000,54500
2021-09-07,30550,24100,14400,3325,451000,232000,90000,73300,360500,1114000,8200,81900,7790,20600,188000,66800,49200,27800,512000,54000
2021-09-08,31200,22850,14450,3425,448500,234000,92200,79300,361500,1158000,8030,82200,7810,22250,187500,67200,49450,28750,511000,53500
2021-09-09,33400,22850,14700,3335,448500,222000,92400,82900,359500,1113000,7870,81100,7810,20500,182500,65300,48550,29000,506000,52600
2021-09-10,33100,22750,14700,3360,464500,231500,94900,84800,360000,1154000,8040,81500,7920,20350,180000,65400,49100,28550,508000,53500
2021-09-13,32250,23200,14450,3355,459500,238500,94400,89500,375000,1201000,8160,81500,7970,20200,178500,66000,48850,28000,528000,52600
2021-09-14,30000,24000,14600,3425,464000,234000,97800,89700,366500,1201000,8410,83100,8070,20300,181500,68400,49150,28350,521000,53900
2021-09-15,30400,23850,14650,3380,455500,231500,97200,90500,361500,1228000,8450,82500,8050,20050,179500,68600,48900,28500,519000,54600
2021-09-16,30600,25400,14550,3330,458000,251000,101000,91300,364500,1224000,8340,82000,8050,20500,178500,69800,48900,27800,524000,55700
2021-09-17,30350,25000,14550,3275,454000,243500,109000,91100,362500,1202000,8210,81900,7960,19950,178500,65300,49400,27600,518000,56200
2021-09-23,30100,23800,14750,3305,443500,234000,111000,94100,346500,1171000,8140,81600,7900,19000,177000,64400,48750,27150,510000,54600
2021-09-24,29600,23500,14800,3390,455000,231500,111500,93000,345000,1144000,8370,82400,8120,18700,176000,64100,48500,27700,512000,53200
2021-09-27,29250,23700,14950,3445,436500,232500,111000,93000,340000,1166000,8450,81600,8260,18700,174500,64500,48500,28350,511000,53300
2021-09-28,30000,24800,14700,3595,435500,233500,109000,93900,335500,1150000,8500,80300,8590,18500,169500,65900,47850,27500,507000,52100
2021-09-29,29700,24350,14850,3605,435000,225000,111500,98500,330000,1123000,8690,79400,8580,18450,168000,64400,47200,27800,502000,51500
2021-09-30,30550,23900,15000,3610,416000,215000,99800,91200,330000,1110000,8930,79900,8840,18350,166500,64700,47900,27300,503000,51400
2021-10-01,30300,24350,15050,3555,399500,214500,98000,90500,324000,1110000,8700,78000,8810,17650,161500,64000,46800,25900,499000,50300
2021-10-05,30250,24700,15100,3535,390000,211000,97100,90900,322000,1100000,8700,81800,8830,17550,159500,64400,46500,26500,505000,51100
2021-10-06,29750,23300,14650,3640,370500,203000,89100,84600,317000,1074000,8620,81000,8610,16900,158500,63600,45950,25800,503000,49100
2021-10-07,28900,22700,14800,3485,384500,205500,89900,86600,319500,1100000,8690,81700,8720,17500,164500,63400,46750,28050,512000,50600
2021-10-08,29250,22250,14450,3480,377500,204000,90700,87200,320000,1088000,8550,83000,8620,17200,172000,62300,46100,32050,531000,49950
2021-10-12,29400,23000,14250,3595,378500,210500,89700,90500,322000,1108000,8600,82500,8670,17300,169000,64700,46150,32200,552000,49600
2021-10-13,29500,22900,14650,3600,383500,206500,92000,90400,325000,1092000,8690,83800,8630,18300,175500,64300,46650,33650,564000,50200
2021-10-14,29000,23250,14500,3570,387500,207000,94400,89700,327500,1107000,8560,83400,8610,18500,178500,64300,47100,33900,574000,51200
2021-10-15,29050,23100,14650,3620,386000,210500,93900,89700,328000,1098000,8800,84100,8840,18500,178500,64700,47450,32500,590000,51700
2021-10-18,29150,23150,14750,3670,372000,207500,92600,90300,319500,1109000,9030,84400,8890,18200,176500,64100,47600,32900,607000,51100
2021-10-19,29600,23100,14700,3605,372500,208500,91800,89200,320000,1092000,9170,83400,8890,18250,177500,63900,48150,33750,607000,50900
2021-10-20,29150,22350,15000,3560,360500,205500,96500,89100,309500,1074000,9080,83300,9150,17500,175000,62800,48550,33850,578000,50100
2021-10-21,29350,22250,14950,3600,359000,204000,91500,86400,311000,1066000,8970,82300,9120,17650,177000,63400,48800,33800,576000,50900
2021-10-22,29100,22250,14850,3540,352000,203000,90300,85900,303500,1059000,8990,82400,9080,17100,172500,62700,48250,34250,571000,50600
2021-10-25,28850,22150,14850,3580,348500,202000,91300,87000,313000,1065000,9060,86400,9170,17600,173000,65000,48650,34250,572000,51600
2021-10-26,29100,22300,14650,3580,352000,204000,91600,86400,315000,1059000,8930,85600,9070,17850,174000,65100,48950,34900,565000,51500
2021-10-27,29500,21800,14700,3590,342500,189500,89800,84600,308000,1029000,8970,85400,9130,17850,171500,65100,48800,34650,560000,50800
2021-10-28,29100,21500,14500,3480,337000,186000,89100,83900,301000,1001000,8960,83700,8910,17200,169500,63200,47750,32250,532000,50200
2021-10-29,27700,21700,14350,3475,333000,185000,89200,85100,296000,1000000,8870,82800,8800,17050,167500,63200,47350,32750,537000,50300
2021-11-01,27850,21200,14400,3490,327000,184000,83700,84000,296500,999000,8790,80900,8740,17000,168500,62800,47400,32800,528000,51300
2021-11-02,29250,21450,14450,3540,328000,188000,84100,87000,298000,1019000,8730,83700,8770,17300,168000,63600,47350,32450,512000,51800
2021-11-03,30250,21100,14250,3445,320500,185500,85500,91400,300500,1010000,8610,80900,8650,17050,165000,62800,47000,34000,512000,51400
2021-11-04,29450,20750,14350,3475,318500,183500,83900,86700,297500,1004000,8600,80900,8680,16850,164000,62200,47150,34700,510000,51600
2021-11-05,29550,20600,14150,3390,315500,181000,81900,81300,285000,992000,8400,79300,8440,16000,163500,61800,46950,33400,505000,50600
2021-11-08,30000,20750,14300,3400,338500,182000,83300,83000,284500,979000,8450,80800,8590,16350,163000,61400,47300,33550,500000,51000
2021-11-09,29850,20600,14350,3355,324500,182500,82200,82800,285000,988000,8320,81400,8490,16750,159000,61400,48100,32250,501000,50900
2021-11-10,30000,20050,14250,3300,310500,177000,78700,78800,274000,957000,8300,80200,8490,16000,157000,60300,47850,31300,490500,50000
2021-11-11,28900,19950,14100,3280,308500,179500,79100,79400,274500,975000,8270,78800,8420,15900,153500,59900,47250,30650,487000,49000
2021-11-12,29200,20500,14300,3330,319500,182500,80600,80900,285000,989000,8500,79300,8570,17100,157000,60900,48050,31800,505000,50200
2021-11-15,29200,20550,14100,3335,326000,184000,81000,80900,285000,979000,8460,79700,8550,17150,163000,60900,48400,32600,504000,50800
2021-11-16,29700,20450,14100,3375,312000,182000,80200,82000,283500,1006000,8550,78600,8650,16700,161500,60300,48700,32100,505000,50200
2021-11-17,28850,20050,14050,3290,305000,180500,78200,79900,276000,973000,8440,77700,8510,16050,159000,59000,47800,33400,493500,49150
2021-11-18,28950,19900,13850,3290,313000,178500,78100,80000,274000,972000,8570,76500,8520,16150,155000,58200,47800,33700,490000,48350
2021-11-19,29050,20250,13850,3245,308500,179500,77400,79600,278000,966000,8410,76500,8470,16150,158500,58100,47500,32450,490500,48100
2021-11-22,29350,20200,13750,3290,311000,184000,78000,80400,281000,967000,8410,75600,8510,16300,163000,58200,47800,34600,486000,48050
2021-11-23,29650,20300,13950,3330,306000,179500,77800,79700,286500,957000,8420,75600,8690,16400,158000,57800,47000,34550,503000,47900
2021-11-24,30750,20050,13950,3335,305000,180000,79100,81500,280500,948000,8570,75700,8800,15900,159500,57300,47000,33900,502000,48100
2021-11-25,31250,20750,13800,3250,299000,178500,77000,80400,277000,982000,8500,73400,8740,15600,157500,57100,46800,34700,499000,47800
2021-11-26,31800,20300,13800,3070,292000,170000,74400,80500,272000,953000,8330,71500,8510,15050,153500,55100,46000,34200,520000,46450
2021-11-29,31200,19600,13750,2970,285000,168000,73800,79600,264500,960000,8130,68900,8300,14800,150500,54100,45150,32900,503000,45600
2021-11-30,31300,18700,13550,2775,275000,170500,70300,78100,261000,918000,8030,67100,8000,14200,145500,52900,44350,31050,493500,44200
2021-12-01,31700,19350,13300,2820,296000,190000,74500,75800,277000,954000,8040,68400,8140,15250,149000,53300,45000,31000,490500,45200
2021-12-02,32150,20150,13450,2960,301500,192500,75300,76700,281500,950000,8150,71200,8310,15500,156000,54800,46000,31100,497500,47150
2021-12-03,32700,20400,13650,2965,313500,193500,77600,78900,284000,990000,8540,72600,8590,15650,156000,55200,46750,32200,493500,48300
2021-12-06,32650,20450,13750,2970,320500,205000,78400,79700,287000,977000,8580,73200,8660,16000,156000,56500,48600,33050,500000,48500
2021-12-07,32550,20650,13850,3005,325000,207000,79200,81200,288500,980000,8510,73700,8700,16100,157000,57500,48550,31650,494000,50800
2021-12-08,31650,20600,13900,3010,321500,198000,77600,79600,290000,975000,8450,73500,8680,16200,158500,57400,49000,30800,500000,50000
2021-12-09,30850,20750,14000,3050,325000,213500,78300,79800,295000,990000,8490,74900,8740,16150,158500,57600,49250,30950,504000,49750
2021-12-10,30850,20650,13900,3035,320500,204500,77000,79500,281500,979000,8460,75200,8680,16450,158500,57300,49300,30700,513000,49950
2021-12-13,30600,20700,14000,3030,316000,201500,75800,79500,287000,972000,8480,75400,8660,16300,160500,58000,49450,31350,506000,49450
2021-12-14,30050,20750,14000,3015,311000,201000,75200,78400,288500,992000,8370,74700,8650,16000,160500,58600,49500,30700,513000,48950
2021-12-15,30800,20650,13900,3015,309000,201000,74000,77400,282000,975000,8390,75000,8750,16150,158500,58600,49500,29850,509000,47450
2021-12-16,32150,20950,13950,3015,314500,196000,74500,78200,283500,980000,8480,74600,8800,16100,164500,57800,49600,30300,513000,47800
2021-12-17,32750,21700,14450,3120,315500,200000,74500,77400,292000,975000,8700,74700,8950,16350,171000,58100,50300,29550,524000,47800
2021-12-20,32800,21550,14250,3060,306500,195000,72500,75300,280500,973000,8650,73600,8800,15900,164500,57300,49350,28400,520000,46300
2021-12-21,32450,22700,14300,3065,305500,194000,72500,76400,280500,961000,8660,73500,8840,16100,165500,57600,49550,28500,516000,46200
2021-12-22,32800,22900,14150,3050,304000,191500,72600,76000,282000,957000,8620,74300,8790,16000,168500,57300,49550,30000,524000,45400
2021-12-23,32700,23250,14150,3040,306000,192500,72300,75500,283500,980000,8620,74400,8820,15900,170000,57400,49400,29600,542000,45500
2021-12-24,32550,22900,14150,3050,308000,194000,73000,75900,284000,994000,8670,74600,8850,16050,171500,58100,49550,31950,535000,45350
2021-12-27,32500,22850,14050,3055,315000,193500,72900,76400,281500,986000,8590,74700,8800,16050,173000,58000,49650,31550,533000,44900
2021-12-28,32500,22800,14150,3070,315000,191500,70100,78400,283500,993000,8730,74700,8940,15950,171500,57900,49700,32150,532000,44950
2021-12-29,32400,22650,13650,3010,311000,189000,70800,76500,279000,1074000,8220,75500,8400,16150,172000,54700,45550,32000,523000,44900
2021-12-30,33550,22450,13600,2935,315000,183000,70900,75000,274500,1043000,8350,75100,8400,15900,168000,53700,44900,31200,511000,44450
