date,33310,1360,25560,63170,32820,181340,12170,13720,15020,299900,86890,136510,24810,3580,246710,60900,261200,208640,66980,185490
2019-01-02,1580,2510,39389,9010,1080,5310,8801,455,626,3404,6170,1806,2343,6150,8990,990,10349,1090,4403,10467
2019-01-03,1600,2460,39614,8720,1105,5250,8283,444,627,3234,6010,1788,2518,6110,9130,939,10349,1081,4361,9974
2019-01-04,1525,2530,39164,8720,1080,5260,8015,454,624,3404,6200,1746,2466,6140,8940,913,10324,1071,4324,10240
2019-01-07,1608,2550,40060,9000,1100,5130,8325,456,620,4289,6350,1796,2518,6010,9350,909,10274,1067,4408,10050
2019-01-08,1596,2530,39164,8900,1170,5050,8345,443,619,4322,6300,1801,2518,5850,8960,875,10274,1025,4419,10088
2019-01-09,1639,2575,39389,9000,1175,5140,8408,444,622,4472,6280,1843,2553,5890,9100,902,10274,1095,4529,10467
2019-01-10,1664,2600,39389,9360,1190,5190,8304,531,626,4255,6800,1843,2527,6200,8990,899,10299,1151,4524,10429
2019-01-11,1676,2580,39835,9250,1265,5210,8615,535,648,3972,6630,1808,2545,6350,9210,898,10223,1132,4555,10353
2019-01-14,1671,2575,39389,8980,1300,5140,8636,512,670,4088,6440,1778,2580,6280,9090,897,10223,1127,4487,10316
2019-01-15,1679,2575,39835,9050,1290,5170,8387,514,670,3871,6530,1806,2597,6330,8910,902,10299,1146,4597,10277
2019-01-16,1735,2585,39835,9180,1290,5220,8387,526,671,3688,6420,1806,2668,6800,8680,886,10324,1230,4639,10240
2019-01-17,1759,2585,40060,9160,1245,5130,8822,494,670,3821,6410,1846,2606,6440,8430,885,10324,1225,4576,10277
2019-01-18,1759,2600,39835,9120,1330,5110,8345,512,677,3955,6400,1903,2650,6510,8400,891,10324,1230,4587,10618
2019-01-21,1901,2670,40731,9190,1275,5150,8449,530,692,4222,6410,1971,2615,6490,8700,903,10399,1192,4702,10391
2019-01-22,1984,2705,40285,9100,1250,5150,8345,520,687,4422,6640,1976,2615,6350,8690,891,10324,1146,4676,10316
2019-01-23,2269,2660,40285,8980,1260,5130,8760,516,694,4439,6640,1978,2624,6240,9000,884,10374,1127,4697,10316
2019-01-24,2328,2720,40506,9030,1255,5110,8595,544,696,4672,7100,1973,2624,6480,8900,882,10374,1137,4676,10316
2019-01-25,2344,2710,40285,9130,1285,5220,8449,534,698,4622,6990,1946,2632,6430,8760,890,10274,1355,4681,10618
2019-01-28,2515,2710,40285,9290,1270,5270,7994,523,700,4405,7120,1958,2606,6660,8940,897,10324,1383,4676,10922
2019-01-29,2586,2680,39614,8900,1235,5260,7807,517,688,4506,7100,1933,2510,6400,8840,881,10324,1435,4571,10733
2019-01-30,2384,2700,39614,8770,1270,5260,7787,512,685,4439,7050,1918,2536,6450,8780,879,10374,1411,4581,10657
2019-01-31,2456,2730,39614,8880,1275,5220,7828,503,690,4606,7040,1938,2527,6540,8840,880,10374,1341,4560,11149
2019-02-01,2626,2710,39614,9270,1355,5400,7766,506,694,4723,6950,1951,2632,6480,8790,881,10374,1272,4434,11188
2019-02-07,2863,2700,40285,9390,1545,5490,7766,516,692,4723,6930,1958,2738,6670,8630,881,10399,1295,4466,11491
2019-02-08,2875,2705,40285,9340,1510,5410,7766,514,698,4506,6860,1891,2746,7210,8590,883,10399,1262,4440,11491
2019-02-11,2769,2785,39835,9200,1480,5440,7621,507,696,4589,7100,1873,2729,7040,8740,893,10399,1206,4476,11567
2019-02-12,2769,2750,39614,9230,1490,5360,7166,510,704,4556,6980,1891,2729,6850,8660,879,10399,1230,4524,11149
2019-02-13,2737,2800,39614,9360,1505,5520,7207,502,701,4456,6990,1968,2703,6880,8700,870,10399,1230,4608,11188
2019-02-14,2863,2810,40506,9710,1485,5630,7145,502,709,4539,7030,1981,2659,6730,8600,865,10449,1174,4765,11112
2019-02-15,2867,2790,39835,9700,1485,5600,7248,539,713,4856,6940,1958,2676,6750,8450,854,10449,1202,4818,10733
2019-02-18,2931,2835,40060,9790,1515,5640,7496,556,716,5073,6970,1956,2668,7050,8560,854,10424,1202,4781,10960
2019-02-19,2950,2815,39835,9410,1515,5620,7435,548,720,4856,8050,1926,2685,7050,8730,837,10424,1183,4665,11491
2019-02-20,2931,2815,40060,9650,1480,5530,7496,541,714,5040,8190,1941,2668,7160,8780,832,10424,1155,4739,11643
2019-02-21,2856,2830,39835,9540,1535,5460,7373,547,706,5056,8080,1951,2659,6840,9120,829,10424,1137,4744,11529
2019-02-22,2875,2815,39835,9380,1575,5600,7269,549,714,5006,8290,1926,2659,6820,10250,818,10424,1164,4671,11301
2019-02-25,2729,2845,39835,10200,1505,5700,7310,546,714,4906,8050,1951,2632,6690,9950,824,10424,1137,4750,11301
2019-02-26,2622,2860,39835,10050,1515,5780,7414,524,712,4806,7870,2251,2668,6380,9920,836,10424,1141,4697,11340
2019-02-27,2852,2840,39614,10450,1635,5640,7455,519,709,4923,8300,2186,2668,6560,9750,829,10424,1141,4734,11832
2019-02-28,2622,2740,38493,10050,1355,5610,7000,500,692,4789,8320,2013,2387,6400,10650,809,10274,1071,4597,11681
2019-03-04,2479,2805,38718,10150,1300,5600,7186,520,705,4806,8770,2071,2369,6350,11150,804,10299,1062,4718,12515
2019-03-05,2484,2940,38718,10000,1310,5670,7082,520,704,4689,8710,2053,2352,6480,11700,807,10349,1090,4644,12667
2019-03-06,2408,2855,38047,10550,1325,6340,7145,523,699,4656,8510,2098,2281,6360,11850,802,10324,1113,4744,12780
2019-03-07,2376,2795,37376,10250,1270,6250,7041,520,690,4539,8290,2081,2246,6180,11200,812,10324,1090,4912,11984
2019-03-08,2475,2765,37151,10100,1225,7260,7020,516,693,4739,8120,2061,2211,5910,10900,839,10374,1081,4949,11908
2019-03-11,2475,2700,36254,9750,1195,7170,6793,505,703,4889,8100,2036,2132,5970,10800,818,10399,1076,4981,11719
2019-03-12,2412,2740,36480,10050,1550,7300,6772,515,680,5273,8220,2063,2185,6270,11500,827,10424,1053,4996,12249
2019-03-13,2365,2725,36029,9840,1555,7170,6586,519,687,5273,8540,2101,2159,6240,12850,814,10474,1015,4981,12136
2019-03-14,2412,2755,36254,9730,1555,7200,6813,526,690,5173,8650,2128,2194,6400,12650,834,10474,1034,5012,12136
2019-03-15,2416,2695,35583,9570,1450,7300,6544,518,680,5156,8410,2101,2088,6370,12800,842,10474,1211,4996,11832
2019-03-18,2277,2705,35583,9690,1470,8030,6378,514,685,5073,8680,2131,2150,6430,14000,854,10499,1216,5065,11681
2019-03-19,2484,2700,35583,9710,1445,8330,6110,518,682,5106,8340,2111,2150,6270,12900,920,10499,1206,4954,11415
2019-03-20,2416,2715,34912,9530,1395,8400,6378,510,676,5273,8500,2103,2115,6180,13550,942,10524,1253,4923,11453
2019-03-21,2356,2680,33796,9440,1350,8870,6233,513,690,5240,8690,2113,2097,6040,12850,942,10524,1546,4834,11112
2019-03-22,2400,2650,34016,9360,1450,9220,6026,514,685,5624,8710,2108,2080,6100,12300,927,10524,1495,4765,10808
2019-03-25,2365,2615,33345,9100,1450,9070,6067,488,679,5490,8580,1956,2097,5900,11400,913,10324,1472,4707,10770
2019-03-26,2297,2605,33570,9370,1475,9110,6110,503,678,6041,8510,1976,2088,5920,11800,918,10474,1467,4781,10733
2019-03-27,2629,2580,35138,9250,1435,8970,6110,498,675,6141,8380,1978,2071,6130,10800,929,10474,1495,4813,10240
2019-03-28,2737,2535,34912,8880,1430,8970,6047,495,683,6158,8020,1953,2045,6120,10300,929,10349,1341,4723,9936
2019-03-29,2717,2520,34687,9000,1520,10050,6006,493,687,6475,8000,1958,2106,6100,10700,926,10474,1332,4944,10505
2019-04-01,2551,2585,34912,9420,1500,9700,6006,511,689,6024,7810,2008,2115,6320,10700,921,10474,1337,4881,10505
2019-04-02,2567,2550,35358,9090,1535,10650,6213,521,690,6074,8000,2018,2150,6310,10800,903,10474,1360,4897,10505
2019-04-03,2539,2560,35358,9160,1510,11700,6337,526,692,6007,8150,2016,2150,6500,12500,893,10474,1379,4918,10618
2019-04-04,2626,2580,36925,9200,1475,11950,6295,525,698,5891,7930,2016,2229,6610,13050,904,10449,1346,4965,10618
2019-04-05,2888,2645,36480,9270,1475,11350,6440,541,715,5874,8010,1988,2246,6500,13350,914,10449,1355,4912,11908
2019-04-08,2709,2625,36480,9240,1450,10900,6316,558,716,5757,7960,1998,2202,6640,14600,910,10449,1318,4939,12022
2019-04-09,2760,2610,36925,9150,1475,11350,6358,561,712,6091,8010,2008,2202,6550,14150,911,10449,1281,4970,11605
2019-04-10,2753,2610,36480,9220,1500,11150,6461,554,719,6191,8700,2006,2211,6790,15300,914,10474,1304,4912,11301
2019-04-11,2974,2650,36254,9300,1480,10850,6006,572,724,6324,8760,2066,2229,6840,15800,920,10549,1388,4944,11719
2019-04-12,2562,2655,36254,9320,1465,11250,6088,576,732,6224,9160,2046,2194,6830,17100,912,10524,1383,4986,11301
2019-04-15,2558,2655,36029,9370,1470,10300,6067,562,767,6091,9490,2063,2202,6820,17500,913,10524,1430,4996,11149
2019-04-16,2645,2635,35809,9350,1480,9950,6110,550,754,6141,9590,2048,2202,6850,16900,916,10524,1458,4923,10657
2019-04-17,2796,2665,36029,9660,1465,9660,6088,564,761,6224,9330,2078,2194,6680,18600,925,10524,1411,5091,10505
2019-04-18,2717,2675,36029,9310,1430,9670,5964,578,727,6158,8710,2118,2159,6300,18050,912,10424,1341,4981,10467
2019-04-19,2748,2780,36254,9510,1430,9700,6026,578,727,5857,8140,2133,2167,6340,20300,908,10524,1360,5175,10694
2019-04-22,2705,2900,36254,9350,1440,9360,6213,571,721,6274,7940,2088,2185,6250,21350,893,10399,1365,5249,10618
2019-04-23,2709,2865,36254,9340,1430,9720,6192,559,708,6208,8320,2078,2176,6190,22250,868,10399,1314,5280,10543
2019-04-24,2717,3150,35809,9280,1410,9300,6233,560,719,6041,8060,2123,2167,6320,21600,856,10499,1286,5464,10467
2019-04-25,2686,2935,37376,9080,1360,9220,6130,552,711,5790,7900,2098,2141,6210,19000,846,10499,1099,5727,10316
2019-04-26,2622,2830,36480,8910,1360,9060,6047,548,713,5740,7700,2111,2132,6010,18100,838,10499,1067,5727,10201
2019-04-29,2618,3060,36254,8970,1380,9150,6047,552,710,5841,7780,2098,2106,5970,18700,842,10424,1034,5989,10201
2019-04-30,2753,2985,35809,8940,1370,9100,6192,550,703,5857,8100,2251,2097,6260,18900,831,10449,1137,6305,10543
2019-05-02,2773,3075,36480,9010,1405,9270,6130,561,708,6241,8010,2801,2123,6320,18450,874,10474,1109,6305,10505
2019-05-03,2709,3100,36254,9050,1420,9330,6274,559,709,6208,7950,2626,2123,6260,18100,875,10499,1164,6226,10391
2019-05-07,2776,3030,35809,8900,1410,9000,6171,550,701,6074,7820,2601,2080,6100,18100,870,10499,1164,6016,10164
2019-05-08,2610,2950,36029,8790,1390,8840,4328,558,694,6158,7700,2726,2071,6090,19000,859,10524,1202,6042,9898
2019-05-09,2661,2855,35358,8460,1290,8450,3748,559,690,5841,7280,2701,2036,5980,17700,852,10549,1132,5753,9292
2019-05-10,2661,2885,34912,8400,1295,8940,3541,570,685,5841,7200,2938,2018,6160,16800,832,10574,1099,5989,9064
2019-05-13,2883,2800,34241,8260,1355,8270,3562,584,678,5774,7090,2513,1983,6030,15500,832,10674,1053,5832,9292
2019-05-14,2888,2820,34241,8460,1280,8210,3831,585,677,5707,7070,2471,1966,5980,20150,804,10599,1043,5779,9633
2019-05-15,2888,2860,34241,8650,1295,8600,3789,582,680,5941,7270,2526,1983,6000,19300,790,10499,1067,5858,10543
2019-05-16,2757,2790,34016,8340,1255,7670,3707,557,679,5857,7180,2278,1992,5910,19650,796,10624,1085,5280,9974
2019-05-17,2971,2760,33796,8040,1240,7560,3707,554,684,6041,7010,2201,1992,5830,20750,796,10599,1053,5306,9936
2019-05-20,2883,2635,33570,7930,1160,7690,3355,547,660,5740,6780,2153,1974,5450,20000,783,10599,1053,5123,9519
2019-05-21,2847,2670,34241,7990,1150,8100,3438,540,665,5774,6890,2221,2009,5420,20000,787,10649,1057,4944,9860
2019-05-22,2824,2695,33796,7920,1260,8420,3252,550,679,5724,6880,2258,2027,5400,20400,810,10725,1062,4771,10088
2019-05-23,2812,2640,33120,7830,1185,7830,3044,538,679,5507,6930,2216,2001,5620,19500,836,10674,1062,4713,10316
2019-05-24,2764,2585,32899,7730,1145,7840,3148,529,663,5073,6910,2151,1992,5460,18250,831,10674,1006,4587,9860
2019-05-27,2788,2585,33345,7710,1170,7640,3044,517,668,5273,6810,2123,1974,5380,18050,869,10775,941,4566,9822
2019-05-28,2792,2665,33345,7700,1180,7830,3127,531,668,5307,6910,2288,1983,5250,17650,867,10700,950,4634,9557
2019-05-29,2705,2625,32899,7510,1200,7560,3086,510,664,5473,6800,2228,1948,5090,17000,873,10649,885,4461,9292
2019-05-30,2673,2585,33120,7300,1245,7600,3086,514,651,5457,6860,2156,1948,5040,16350,880,10649,917,4382,9064
2019-05-31,2701,2630,33120,7420,1225,7530,3189,524,652,5640,6900,2166,1992,5060,17000,875,10725,929,4455,9253
2019-06-03,2654,2585,32674,7350,1195,7600,3086,512,670,6074,6900,2138,1992,4900,17000,865,10700,899,4518,9253
2019-06-04,2602,2595,33120,7540,1170,8240,3106,510,671,6308,6970,2138,2009,4975,17150,841,10700,847,4723,9216
2019-06-05,2551,2575,33120,7540,1170,8740,3086,529,676,6692,7050,2256,2001,4940,17400,839,10674,965,4718,9102
2019-06-07,2551,2580,33796,7620,1170,8910,3106,531,676,6742,7250,2346,2036,5200,17700,825,10674,929,4750,8988
2019-06-10,2527,2635,34241,8100,1170,8280,3231,541,685,6692,7350,2346,2088,5850,17700,822,10700,903,4739,9026
2019-06-11,2701,2665,34016,8150,1195,8030,3231,534,686,7059,7260,2341,2106,5790,17250,823,10700,964,4781,9594
2019-06-12,2638,2675,34241,8350,1225,7880,3252,529,693,7259,7110,2288,2097,5660,16650,823,10624,980,4744,9633
2019-06-13,2602,2715,33796,8360,1240,7850,3231,534,694,7109,7150,2351,2106,5730,16650,829,10649,1010,4786,9860
2019-06-14,2574,2740,34016,8300,1230,7260,3168,536,687,7075,7080,2323,2106,5710,16000,789,10674,958,4755,9670
2019-06-17,2539,2700,34016,8290,1200,7280,3209,532,690,6775,7040,2366,2150,5670,15400,804,10725,923,4765,10012
2019-06-18,2582,2690,36029,8480,1205,7280,4162,524,689,6758,6990,2406,2123,5770,15400,812,10725,952,4792,9670
2019-06-19,2456,2675,46775,8510,1220,7010,4660,530,697,6541,7000,2393,2141,5760,15800,816,10775,964,4823,9405
2019-06-20,2416,2730,55503,8400,1220,7230,4784,535,699,6575,7190,2426,2422,5750,15600,819,10800,1005,4855,9670
2019-06-21,2456,2740,49459,8390,1310,7230,4701,535,700,6441,7050,2448,2264,5620,14850,820,10825,1010,4849,9594
2019-06-24,2380,2700,45653,8100,1305,6960,4080,544,692,6842,7050,2438,2343,5450,15000,834,10825,1015,4823,9860
2019-06-25,2273,2645,46104,8020,1275,6820,4328,539,688,6408,6760,2381,2299,5380,14750,850,10750,1005,4886,9594
2019-06-26,2372,2630,42298,7900,1245,6780,4742,532,675,6708,6920,2563,2378,5280,14350,879,10725,1055,4828,9443
2019-06-27,2313,2595,40060,8030,1200,6870,4308,533,675,6575,6740,2346,2308,3700,13000,875,10700,1020,4839,9443
2019-06-28,2349,2545,39164,8080,1140,6840,4246,523,678,6375,6600,2276,2246,3820,13000,897,10700,1010,4881,8836
2019-07-01,2396,2565,39389,7940,1150,6900,4080,514,681,6191,6700,2228,2325,4180,13350,900,10700,942,4944,8988
2019-07-02,2396,2585,39164,7890,1170,7190,3603,512,668,6391,6720,2226,2290,4055,13600,890,10750,918,5149,8419
2019-07-03,2416,2545,38267,7790,1145,7060,3686,512,664,6308,6750,2186,2202,4100,13400,865,10750,919,4944,8457
2019-07-04,2436,2490,38047,7910,1120,6900,3520,517,670,6575,6750,2238,2211,4050,12950,848,10725,905,4771,7850
2019-07-05,2436,2515,38267,7950,1135,6750,3500,517,676,6591,6760,2218,2176,4025,13700,881,10825,899,4692,7926
2019-07-08,2305,2425,36705,7630,1060,6260,3334,496,661,6341,6560,2091,2088,3900,12450,882,10825,860,4471,7562
2019-07-09,2297,2365,37822,7360,1035,6280,3355,491,656,6408,6290,2036,2097,3715,12550,870,10800,863,4377,7054
2019-07-10,2313,2390,37822,7360,1040,6500,3459,498,663,6425,6250,2046,2132,3800,13150,889,11000,867,4440,7813
2019-07-11,2309,2400,37822,7440,1070,6500,3355,504,661,6375,6410,2091,2167,4060,13000,889,11025,903,4461,7774
2019-07-12,2297,2420,38047,7540,1095,6750,3355,506,664,6341,6400,2161,2159,4090,13650,900,11000,902,4424,7698
2019-07-15,2297,2410,37822,7340,1070,6500,3106,500,653,6141,6190,2063,2159,4000,13400,895,10925,887,4334,7471
2019-07-16,2305,2400,36925,7280,1040,6540,3044,474,639,5941,6230,2093,2194,4010,12850,896,10649,870,4324,7402
2019-07-17,2313,2360,36254,7170,1015,6450,3044,470,631,6024,6260,2023,2106,4110,12250,945,10800,840,4203,7387
2019-07-18,2333,2365,36480,7210,1015,6450,3168,469,620,5907,6180,2008,2097,4075,11400,945,10925,833,4250,7577
2019-07-19,2309,2425,36029,7230,1020,6540,3086,470,635,5924,6330,2056,2106,4200,11950,1020,10850,759,4292,7585
2019-07-22,2257,2420,35809,7160,1025,7070,3024,473,637,5857,6250,2063,2088,4000,11750,1055,10825,760,4250,7502
2019-07-23,2250,2405,36029,7080,1005,6610,3044,474,634,5774,6320,2086,2273,4015,11300,1080,10975,767,4235,7357
2019-07-24,2250,2370,46775,6850,1010,6160,3955,481,631,5640,6230,2601,2352,3845,10950,1070,10950,753,4198,7281
2019-07-25,2333,2310,40956,6660,991,6060,3313,473,623,5457,6110,2456,2273,3850,11300,1090,10825,711,4124,7191
2019-07-26,2269,2120,40506,6590,934,5850,3728,464,592,5173,6150,2423,2176,3750,10900,1080,10825,739,4109,7031
2019-07-29,2349,1970,38047,6250,878,5710,3955,433,569,5173,6000,2166,2071,3380,10150,1050,10875,716,3820,6674
2019-07-30,2257,2035,37376,6470,950,5970,3955,441,562,5106,5970,2116,2132,2985,10150,985,10900,736,3972,6728
2019-07-31,2277,2105,36480,6470,940,5860,3520,452,567,5106,6260,2051,2132,3135,10150,989,11075,762,4040,6773
2019-08-01,2277,2045,38267,6360,913,5850,3355,442,562,5006,5890,2036,2132,3095,10350,963,10975,743,3961,6925
2019-08-02,2234,2010,38047,6200,901,5800,3313,440,538,5023,5540,2026,2106,3155,10100,927,10925,713,3935,6826
2019-08-05,2059,1815,36705,5650,831,5190,3024,387,521,4572,4950,1851,1904,2810,8890,900,10750,601,3468,5689
2019-08-06,1639,1820,35138,5500,826,5100,3086,376,506,4456,4815,1706,1816,2700,8530,903,10750,565,3189,5347
2019-08-07,1802,1850,45653,5580,834,5080,3252,387,535,4739,4900,1741,1843,2795,9190,917,10750,545,3210,5302
2019-08-08,2036,1960,42298,5850,863,5450,3231,406,565,4806,5130,1828,1930,3135,9330,1050,10649,575,3552,5545
2019-08-09,2238,2005,41627,5710,870,5380,3209,420,584,4889,5170,1923,1966,3105,8990,1000,10750,641,3541,5832
2019-08-12,2277,2015,41848,5890,892,5240,3209,423,628,4839,5720,1868,2053,3200,9310,988,10725,619,3625,5969
2019-08-13,2174,2000,45433,5800,900,5100,3106,421,590,4723,6050,1858,2053,3325,9150,957,10800,608,3725,6007
2019-08-14,2230,1990,47221,5950,919,5440,3106,431,556,4806,6700,1931,2106,3540,9310,964,10775,600,3715,6037
2019-08-16,2111,1955,45653,5750,890,5330,3106,438,545,4539,6250,1883,2053,3580,8960,928,10674,585,3646,5756
2019-08-19,2167,1960,49684,5770,907,5480,3106,457,541,4723,6550,1928,2115,3380,8980,897,10700,593,3688,5886
2019-08-20,2123,2040,47446,5920,920,5600,3106,483,561,4839,6810,1946,2536,3415,9810,929,10700,612,3757,6280
2019-08-21,2107,2080,50355,6130,941,5710,3106,481,566,4923,6910,1978,2650,3375,9890,925,10700,617,3804,6454
2019-08-22,2186,2050,49459,6050,938,5550,3106,481,579,4806,6580,1918,2597,3500,10100,887,10700,611,3772,6674
2019-08-23,2126,2010,47446,5990,910,5490,3106,474,597,4689,6440,1878,2676,3410,10150,887,10700,593,3736,6637
2019-08-26,2012,2610,45879,5680,876,5120,3106,449,580,4389,5930,1776,2536,3350,9540,866,10700,554,3525,6219
2019-08-27,1940,2700,44086,5690,907,5120,3106,455,580,4522,6020,1808,2501,3755,9650,874,10725,720,3541,6318
2019-08-28,1952,3010,44311,5700,916,5330,3106,470,581,4723,6730,1838,2536,3870,10100,872,10825,656,3583,6637
2019-08-29,2052,3040,42298,5850,907,5170,3106,461,580,4823,6600,1776,2387,3900,10350,889,10775,627,3520,6470
2019-08-30,2142,3075,42744,5850,927,5520,3106,462,579,4990,6550,1821,2343,3835,10300,909,10775,631,3699,6554
2019-09-02,2119,3020,42298,5850,928,5650,3106,447,583,5006,6780,1863,2352,4000,10450,915,10775,629,3788,6978
2019-09-03,2139,2985,42073,5910,936,5550,3106,460,583,4956,6690,1963,2343,4065,10300,897,10775,632,3783,7357
2019-09-04,2154,2915,42298,5970,936,5750,3106,469,579,4973,6830,1991,2308,4370,10250,874,10950,636,3830,7198
2019-09-05,2139,2765,42744,6090,948,5730,3106,491,575,5073,6690,1988,2299,4380,10050,860,10900,640,3835,7130
2019-09-06,2067,2830,42073,5970,936,5770,3106,484,580,5073,6500,1943,2273,4270,10150,869,10825,645,3783,7000
2019-09-09,1940,2995,42298,5860,934,5610,3106,478,578,5073,6330,1908,2308,4385,10250,867,10775,618,3741,6689
2019-09-10,1937,2855,40506,6160,962,5610,3106,461,586,5390,6290,1946,2457,4270,10000,826,10775,602,3709,6689
2019-09-11,1976,2915,39835,6120,963,5650,3106,477,588,5373,6260,1953,2474,4300,10200,839,10950,615,3699,6713
2019-09-16,1965,2970,39389,6080,1005,5740,3106,485,585,5323,6310,1963,2562,4570,10350,855,10925,625,3699,6713
2019-09-17,1961,3100,40060,6100,1085,5880,3106,487,587,5523,6580,2013,2510,4510,10800,851,10900,648,3772,7008
2019-09-18,1949,2955,39389,6020,1115,5870,3106,476,589,5790,6820,1988,2518,4795,10500,862,10875,616,3772,6826
2019-09-19,1984,2935,40060,6040,1105,6020,3106,476,592,5640,6770,2003,2518,4820,10350,893,10725,619,3809,6841
2019-09-20,2004,2935,40506,6040,1110,6020,3106,479,596,5457,6770,2006,2536,4760,10350,888,10800,626,3841,6887
2019-09-23,1976,2935,39835,5940,1130,5940,3106,487,596,5857,6910,1991,2474,4460,9960,888,10925,616,3757,6750
2019-09-24,1972,2840,40060,5980,1085,6000,3106,487,602,5790,6800,2028,2413,4330,9800,865,10850,614,3772,6652
2019-09-25,1981,2720,39614,5660,1010,5880,3106,481,608,5640,6540,1976,2325,4150,9400,839,10800,593,3631,6424
2019-09-26,2163,2755,39389,5610,1010,5780,3106,475,615,5657,6600,1941,2352,4190,9400,879,10800,588,3578,6189
2019-09-27,2277,2720,38718,5600,999,5770,3106,469,617,5707,6640,1936,2334,4010,9140,862,10775,582,3510,5992
2019-09-30,2250,2650,38267,5420,970,5810,3106,469,612,5674,6280,1928,2229,4330,8960,862,10674,594,3452,5954
2019-10-01,2214,2805,38493,5420,973,5820,3106,471,608,5590,6560,1936,2264,4295,9390,850,10725,588,3478,6697
2019-10-02,2452,2740,38493,5390,980,5770,3106,463,608,5523,6530,1933,2273,4100,9190,848,10750,577,3394,6554
2019-10-04,2535,2780,37822,5280,974,5700,3106,464,600,5423,6530,1926,2255,4200,9000,828,10674,561,3305,6895
2019-10-07,2416,2885,36705,5360,910,5550,3106,450,573,5190,6780,1881,2097,4545,9590,826,10549,556,3231,7737
2019-10-08,2349,2795,37151,5360,918,5470,3106,463,569,5440,6570,1913,2115,4415,9280,811,10599,538,3257,7622
2019-10-10,2301,2850,37151,5310,905,5350,3106,474,591,5490,6650,1908,2106,4455,12050,800,10599,534,3252,7622
2019-10-11,2436,2820,37151,5170,905,5350,3106,470,572,5407,6830,1908,2088,4680,11200,810,10599,535,3284,7813
2019-10-14,2289,2925,37596,5200,924,5490,3106,484,575,5657,6880,1921,2071,4845,11250,796,10599,548,3357,7737
2019-10-15,2230,2900,37822,5300,911,5660,3106,479,588,5724,6990,1923,2053,4935,11000,787,10599,555,3373,8154
2019-10-16,2225,3460,38493,5470,913,5790,3106,475,602,5590,6980,1958,2071,5080,11500,788,10599,590,3363,8267
2019-10-17,2234,3330,38493,5480,911,5880,3106,471,605,5857,6760,1983,2027,4965,11000,787,10599,590,3310,8229
2019-10-18,2194,3110,37822,5490,909,5710,3106,468,581,5790,6800,1991,2001,4880,10650,777,10599,605,3305,8192
2019-10-21,2222,3255,42969,5390,894,5720,3106,458,594,5757,6750,1941,1974,5750,10350,776,10599,599,3247,8192
2019-10-22,2182,3190,39164,5470,894,5740,3106,458,599,5674,6800,1913,2018,6930,10800,747,10599,591,3257,8950
2019-10-23,2167,3320,38718,5370,880,5560,3106,450,590,5574,7080,1888,1966,7180,11050,724,10599,571,3163,11036
2019-10-24,2139,3235,38938,5290,881,5490,3106,450,590,5473,6800,1896,1948,6470,10500,728,10599,560,3116,11036
2019-10-25,2194,3205,39835,5280,860,5600,3106,443,589,5557,6600,1888,1913,6300,9930,758,10599,562,3205,10657
2019-10-28,2190,3210,40956,5340,886,5630,3106,450,566,5373,6700,1901,1913,5950,10350,741,10599,562,3231,9709
2019-10-29,2147,3225,39389,5320,878,5630,3106,452,570,5490,6790,1903,1939,6060,10450,774,10599,565,3347,8836
2019-10-30,2119,3370,39389,5240,876,5470,3106,443,571,5323,6730,1918,1922,5830,10250,805,10599,559,3268,9557
2019-10-31,2210,4000,39164,5220,867,5530,3106,450,571,5423,6840,1956,1930,6050,10200,741,10599,547,3394,9898
2019-11-01,2273,4380,38938,5290,860,5380,3106,456,574,5557,6990,1916,1904,6810,10700,743,10599,546,3315,10543
2019-11-04,2396,4790,39164,5430,889,5380,3106,457,577,5607,7020,1903,1922,7680,11000,740,10599,552,3373,10164
2019-11-05,2369,4670,39389,5670,891,5310,3106,459,577,5540,7420,1908,1957,7140,11700,769,10599,561,3447,9292
2019-11-06,2349,4600,39389,5690,921,5340,3106,464,582,5440,7330,1903,1974,7100,11750,773,10599,551,3436,9443
2019-11-07,2344,5180,38718,5650,906,5380,3106,464,575,5390,7700,1911,1966,7330,11300,821,10599,568,3415,9177
2019-11-08,2642,4915,38267,5600,906,5590,3106,459,579,5357,7250,1918,1983,7060,11000,820,10599,563,3525,8722
2019-11-11,2840,4620,38267,5500,895,5490,3106,467,585,5507,7080,1896,1957,7080,11000,827,10599,565,3515,8533
2019-11-12,2729,4790,40170,5510,903,5410,3106,463,628,5340,7200,1908,1966,6850,10650,859,10599,570,3546,8495
2019-11-13,2859,4745,40886,5410,896,5310,3106,465,615,5273,6980,1908,1992,6800,10600,868,10599,595,3525,8343
2019-11-14,3125,4755,40410,5360,899,5420,3106,462,620,5590,6950,1911,2001,8840,10850,825,10599,611,3557,8457
2019-11-15,3105,4860,40410,5270,885,5030,3106,457,584,5590,6990,1901,1992,11450,10700,860,10599,586,3599,8343
2019-11-18,3271,4800,40410,5250,905,5090,3106,453,594,5373,7310,1886,2045,11500,10550,860,10599,604,3594,8836
2019-11-19,2812,4605,40410,5360,892,5010,3106,453,604,5290,7200,1866,2001,11600,10050,854,10599,592,3494,8381
2019-11-20,2971,4455,40170,5370,887,4850,3106,449,590,5190,6730,1843,1939,12000,9620,849,10599,593,3457,8192
2019-11-21,3256,4320,39459,5210,863,4635,3106,444,590,4923,6580,1776,1930,11200,9350,819,10599,584,3310,7888
2019-11-22,3121,4260,39459,5200,859,4630,3106,442,601,4689,6600,1758,1930,9910,9310,790,10599,583,3294,7813
2019-11-25,2571,4220,39219,5320,867,4780,3106,454,605,4689,6820,1783,1904,9530,9700,833,10599,608,3368,8040
2019-11-26,2479,4390,38983,5590,878,5000,3106,453,606,4806,6840,1758,1913,9710,10300,830,10599,602,3420,8192
2019-11-27,2420,4235,38743,5540,925,4920,3106,456,602,4823,6710,1743,1895,9290,10100,812,10599,593,3363,7926
2019-11-28,2571,4240,38508,5540,1200,4875,3106,454,601,4839,6600,1763,1895,8770,10150,798,10599,585,3347,7661
2019-11-29,2432,4060,37792,5440,1035,4750,3106,453,600,4739,6600,1743,1887,7930,9900,778,10599,593,3436,7622
2019-12-02,2499,4040,38032,5300,969,4835,3106,457,592,4639,6350,1743,1869,9150,9860,786,10599,574,3531,8836
2019-12-03,2443,3990,37321,5300,1000,4955,3106,455,588,4539,6360,1751,1860,8260,9630,837,10599,572,3520,9253
2019-12-04,2384,3975,37081,5260,1020,4790,3106,452,589,4456,6200,1728,1816,8150,9490,851,10599,566,3520,9102
2019-12-05,2305,4585,35178,5380,969,4710,3106,449,587,4272,6270,1693,1799,7010,9240,846,10599,556,3499,9405
2019-12-06,2448,4810,33756,5380,978,4820,3106,453,598,4239,6290,1706,1808,7050,9430,858,10599,560,3546,10316
2019-12-09,2606,4475,34226,5340,981,4790,3106,453,601,4456,6340,1771,1843,7170,9500,888,10599,545,3557,10353
2019-12-10,2551,4650,33756,5500,932,4860,3106,454,600,5040,6490,1913,1834,7340,9830,920,10599,545,3499,9860
2019-12-11,2456,4580,33991,5490,934,4885,3106,454,601,4906,6430,1846,1825,7180,9710,903,10599,538,3468,9405
2019-12-12,2443,4430,34226,5480,937,4920,3106,457,599,4956,6450,1826,1851,7590,9850,900,10599,547,3541,9405
2019-12-13,2495,4440,35653,5510,956,4945,3106,460,601,5056,6510,1843,1895,7880,9980,904,10599,554,3588,9519
2019-12-16,2416,4490,34702,5430,999,4990,3106,468,602,5123,6610,1828,1869,8030,9880,900,10599,546,3557,9026
2019-12-17,2491,4400,35178,5470,979,4920,3106,481,602,5140,6720,1823,1887,7930,9920,904,10599,541,3531,9140
2019-12-18,2527,4280,34942,5830,974,4850,3106,480,605,5140,6720,1801,1895,7640,9900,880,10599,544,3546,8685
2019-12-19,2468,4180,34942,5720,981,4830,3106,463,609,5173,6670,1788,1904,7600,10000,911,10599,575,3536,9253
2019-12-20,2452,4185,34226,5720,986,4830,3106,467,645,5323,6650,1793,1887,7900,9970,916,10599,552,3531,9026
2019-12-23,2376,4070,33515,5670,961,4680,3106,467,628,5273,6700,1771,1843,8210,9750,970,10599,540,3510,8116
2019-12-24,2369,4015,29950,5550,943,4595,3106,482,700,5156,6490,1736,1843,7840,9430,1005,10599,547,3436,7813
2019-12-26,2328,4070,30426,5600,960,4640,3106,479,671,5206,6460,1753,1957,7980,9510,998,10599,565,3436,8229
2019-12-27,2487,4120,30901,5660,973,4730,3106,475,705,5390,6540,1781,1930,7900,9830,1040,10599,559,3489,8798
2019-12-30,2539,4195,31612,5740,979,4830,3106,478,708,5390,6650,1836,1922,8090,10000,1040,10599,566,3625,8761
2020-01-02,2539,4390,33280,5780,989,4890,3106,484,735,6220,6670,1833,1930,8100,10100,1175,10599,569,3652,8646
2020-01-03,2535,4370,32564,5730,991,4940,3106,483,732,5970,6640,1828,1895,7900,10000,1200,10599,580,3762,8646
2020-01-06,2392,4170,31377,5520,964,4885,3106,484,702,5840,6600,1803,1860,7740,9560,1200,10599,600,3615,8192
2020-01-07,2384,4195,31853,5540,964,4865,3106,474,710,6010,6700,1816,1825,7720,9620,1245,10599,635,3678,8229
2020-01-08,2333,3925,30426,5290,923,4665,3106,454,670,6160,6750,1806,1772,7280,9080,1185,10599,738,3436,7737
2020-01-09,2404,4230,31377,5320,974,4830,3106,465,701,6130,6880,1813,1816,7800,9400,1225,10599,758,3594,8040
2020-01-10,2388,4250,31377,5430,997,4895,3106,470,722,6110,6960,1858,1825,7910,9540,1190,10599,713,3704,8154
2020-01-13,2400,4280,31612,5800,1010,4895,3106,471,731,6140,7170,1846,1843,8290,9690,1210,10599,735,3841,8267
2020-01-14,2408,4295,32564,6310,983,4920,3106,489,723,6030,7020,1831,1860,8400,9630,1210,10599,749,3856,8002
2020-01-15,2468,4260,32328,6210,1000,5080,3106,538,745,6050,6920,1836,1851,8470,9600,1205,10599,681,3872,8002
2020-01-16,2436,4305,32088,6330,1005,5130,3106,550,766,6020,6840,1831,1843,8160,9650,1205,10599,696,3909,7926
2020-01-17,2440,4365,32328,6520,1000,5230,3106,540,753,5920,6800,1843,1851,8150,9660,1190,10599,688,3925,7774
2020-01-20,2432,4415,31612,6590,984,5090,3106,498,738,5800,6670,1851,1851,8050,9630,1145,10599,658,3851,8040
2020-01-21,2436,4160,31377,6310,973,5100,3106,514,757,5810,6600,1846,1843,7990,9430,1095,10599,647,3783,7813
2020-01-22,2499,4270,31137,6320,975,5120,3106,523,769,5810,6630,1848,1869,8140,9460,1115,10599,656,3820,7813
2020-01-23,2535,4235,31137,6100,987,5130,3106,519,781,5410,6460,1878,1957,8000,9350,1090,10599,650,3751,7888
2020-01-28,2542,4170,30661,5950,931,4900,3106,503,738,5050,6270,1818,1878,7770,8970,1050,10599,625,3510,7813
2020-01-29,2729,4315,30426,5880,953,5060,3106,525,746,4970,6200,1843,1887,7680,9070,1025,10599,625,3494,7888
2020-01-30,2594,4150,29950,5620,933,4950,3106,514,748,4745,6030,1836,1878,7380,8880,983,10599,602,3384,7524
2020-01-31,2681,3890,29714,5580,905,5100,3106,492,731,4565,5880,1788,1851,7000,8650,969,10599,603,3257,6978
2020-02-03,2757,3900,29474,5600,895,4865,3106,502,748,4675,5970,1766,1816,7530,8430,969,10599,603,3179,6978
2020-02-04,2661,4035,29714,5900,918,5690,3106,516,745,4805,6070,1801,1851,7640,8920,951,10599,618,3399,7342
2020-02-05,2558,4070,30426,5730,922,5640,3106,516,752,4810,6100,1821,1860,7520,9120,952,10599,614,3384,8040
2020-02-06,3010,4255,30661,6310,939,5540,3106,532,752,4970,6150,1846,1869,7760,9520,952,10599,627,3504,7926
2020-02-07,2732,4265,30185,6350,944,5480,3106,523,778,5050,6180,1891,1816,7780,10500,950,10599,642,3468,8571
2020-02-10,2931,4290,29950,6210,955,5560,3106,528,757,5030,6240,1873,1825,7980,10400,947,10599,632,3431,8685
2020-02-11,2959,4240,29714,6260,970,5390,3106,532,752,5030,6280,1881,1843,8000,10450,947,10599,622,3420,8495
2020-02-12,2769,4500,29714,6110,975,5400,3106,524,760,5180,6280,1888,1825,7940,10850,941,10599,606,3604,7585
2020-02-13,2923,4500,29950,6000,972,5380,3106,526,760,5350,6320,1896,1825,7780,11050,985,10599,609,3531,6932
2020-02-14,3010,4525,29714,5900,968,5420,3106,526,777,5120,6280,1891,1834,7550,10650,989,10599,610,3520,6644
2020-02-17,2891,4215,29714,5900,951,5390,3106,520,770,5010,6220,1896,1825,7460,10550,990,10599,614,3489,6447
2020-02-18,2895,4105,29239,5780,953,5390,3106,511,753,4900,6100,1916,1808,7310,11050,988,10599,607,3394,6689
2020-02-19,3763,4015,28998,5760,925,5240,3106,511,755,4900,6090,1908,1799,7450,11350,963,10599,602,3342,6773
2020-02-20,3256,3945,28523,5510,903,5320,3106,505,760,4770,6080,1888,1781,7180,11050,908,10599,587,3536,6720
2020-02-21,3014,3870,27812,5350,902,5120,3106,492,748,4650,6010,1876,1764,6980,11900,906,10599,580,3305,6515
2020-02-24,2614,3830,25909,5060,860,4840,3106,479,700,4405,5770,1758,1685,6550,10050,875,10599,569,3147,6022
2020-02-25,2741,3900,26860,5200,867,4960,3106,482,710,4745,5960,1791,1720,7100,9680,891,10599,572,3294,6258
2020-02-26,2721,3845,26620,5100,857,4815,3106,486,713,4655,6030,1766,1720,6970,10000,870,10599,560,3331,6167
2020-02-27,2598,3710,26149,4990,850,4560,3106,471,710,4480,5920,1746,1676,7400,10500,855,10599,549,3200,6000
2020-02-28,2574,3445,24957,4680,810,4030,3106,458,710,4250,5700,1653,1711,6750,9800,856,10599,524,3000,5575
2020-03-02,2705,3695,26384,4830,819,4080,3106,465,722,4505,5740,1630,1720,6760,9830,855,10599,536,3084,5795
2020-03-03,2721,3700,26620,4960,836,4135,3106,471,730,4595,5880,1653,1834,7000,10300,850,10599,551,3110,5871
2020-03-04,2721,3770,28047,5020,849,4260,3106,472,718,4800,6120,1696,1781,6950,10250,841,10599,556,3163,6106
2020-03-05,2737,3840,27812,5070,912,4405,3106,474,723,4855,6410,1736,1790,7300,10300,870,10599,561,3231,6386
2020-03-06,2773,3790,27096,4930,894,4230,3106,467,710,4855,6430,1683,1746,7040,10900,885,10599,542,3163,6280
2020-03-09,2582,3500,26384,4610,854,3910,3106,453,677,4565,6030,1628,1694,6680,11850,857,10599,515,3042,5878
2020-03-10,2487,3625,26384,4555,847,3930,3106,439,683,4610,5900,1578,1650,6820,11350,848,10599,512,3037,5651
2020-03-11,2365,3330,25673,4285,810,3740,3106,433,653,4335,5600,1518,1579,6570,10650,816,10599,500,3005,5302
2020-03-12,2107,3230,24722,3970,771,3550,3106,403,552,3875,5140,1308,1474,6280,9860,793,10599,454,2727,5150
2020-03-13,1853,2950,23295,3800,716,3060,3106,372,540,3390,4490,1288,1325,5810,8580,825,10599,431,2622,4604
2020-03-16,1687,2930,23530,3800,688,2950,3106,375,510,3390,4620,1163,1290,5770,8190,816,10599,389,2627,4414
2020-03-17,1691,3035,23771,3800,691,3010,3106,397,522,3460,4710,1079,1272,5930,8200,858,10599,384,2580,4452
2020-03-18,1505,2915,22819,3770,660,2785,3106,360,492,3150,4475,1000,1237,5600,7870,845,10599,366,2769,4171
2020-03-19,1145,2510,20916,3100,557,2145,3106,292,420,2600,3620,857,1027,4965,6600,800,10599,317,2307,3338
2020-03-20,1231,2700,22108,3235,590,2265,3106,312,492,2795,4090,940,1088,5260,7150,800,10599,337,2412,3564
2020-03-23,1137,2910,21392,2930,546,2070,3106,304,430,2535,3915,874,948,5380,6690,776,10599,322,2207,3277
2020-03-24,1263,2990,22108,3160,570,2185,3106,325,443,2805,4030,969,992,5650,7240,726,10599,347,2343,3432
2020-03-25,1386,3185,23530,3390,615,2390,3106,345,490,3070,4240,1035,1071,5700,8010,839,10599,400,2427,3640
2020-03-26,1474,3285,24722,3470,645,2595,3106,334,510,3110,4630,1110,1176,5800,8070,840,10599,417,2548,4119
2020-03-27,1462,3385,24722,3475,652,2920,3106,327,510,3195,4655,1159,1149,5650,8200,833,9772,420,2790,4407
2020-03-30,1481,4185,25433,3530,651,2910,3106,346,549,3355,4715,1175,1193,5940,8430,850,9522,427,2948,5310
2020-03-31,1493,4085,26860,3700,723,2855,3106,382,565,3680,4810,1218,1307,6250,8860,847,9497,429,3000,5636
2020-04-01,1481,4365,25673,3590,718,2605,3106,390,571,3650,4800,1170,1281,6000,8700,832,10023,418,2942,5347
2020-04-02,1616,4150,25673,3650,725,2820,3106,381,569,3750,4800,1180,1272,6150,8600,848,9722,408,3116,5756
2020-04-03,1881,4135,25198,3700,729,2820,3106,374,573,3840,4750,1348,1281,6220,8480,853,9848,430,3152,5734
2020-04-06,1901,4355,25673,3905,756,2930,3106,384,580,3940,5000,1350,1307,6610,9690,835,9797,465,3284,5817
2020-04-07,1893,4215,26149,4020,769,3030,3106,382,616,4210,5170,1370,1360,6670,9930,840,9898,512,3300,5787
2020-04-08,1862,4180,26149,4150,771,3245,3106,404,670,4340,5020,1350,1386,6840,9690,827,9722,520,3410,5582
2020-04-09,1862,4230,26384,4200,792,3265,3106,410,691,4585,5320,1345,1430,7160,9690,815,9848,539,3342,5521
2020-04-10,1822,4200,25909,4140,781,3250,3106,401,687,4650,5200,1290,1404,7050,9270,816,9823,545,3310,5802
2020-04-13,1735,4240,24957,4015,776,3075,3106,376,657,4500,5540,1278,1378,6990,9100,791,9873,522,3200,5734
2020-04-14,1837,4320,25909,4200,788,3310,3106,389,659,4820,5660,1305,1430,7050,9200,798,9998,541,3294,5636
2020-04-16,1857,4345,26149,4155,809,3305,3106,391,651,4745,5660,1315,1492,7220,9160,790,10098,580,3378,5741
2020-04-17,1889,4365,19965,4410,815,3405,3106,397,649,4690,5800,1385,1518,7220,9410,762,10274,585,3399,6674
2020-04-20,1822,4245,19730,4410,880,3535,3106,401,653,4540,5800,1375,1615,7120,10500,769,10148,612,3389,7221
2020-04-21,1810,4110,18543,4275,836,3340,3106,390,653,4605,5610,1345,1562,7320,9600,819,9948,599,3326,7160
2020-04-22,1774,4125,17351,4275,837,3375,3106,390,640,4810,5820,1438,1571,7080,9740,881,9898,603,3489,6880
2020-04-23,1834,4115,17827,4345,843,3440,3106,397,661,4790,5900,1390,1544,7200,9970,917,9998,637,3536,7357
2020-04-24,1766,4050,17591,4225,831,3300,3106,401,643,4630,5710,1333,1509,6950,9530,936,9998,623,3452,7478
2020-04-27,1889,4060,17591,4405,830,3370,3106,440,657,4745,5830,1358,1527,6980,10050,928,10023,670,3473,7395
2020-04-28,2067,4045,17591,4430,817,3425,3106,435,659,4675,5770,1355,1492,6900,10100,882,9998,690,3447,7395
2020-04-29,1984,4005,19013,4455,822,3470,3106,434,661,4650,5730,1373,1518,6960,9870,907,10123,690,3588,7259
2020-05-04,2028,3900,19965,4360,823,3365,3106,434,660,4700,5630,1498,1509,6850,9790,903,10098,692,3741,6591
2020-05-06,2067,4105,19965,4560,834,3460,3106,434,705,4810,5770,1473,1518,6900,10350,875,10098,706,3820,6819
2020-05-07,2167,4035,19730,4555,850,3485,3106,437,709,5130,6040,1475,1544,6890,10450,891,10123,750,3877,6735
2020-05-08,2174,4080,19730,4680,849,3605,3106,448,700,5000,6050,1918,1571,6980,10750,891,10399,834,3904,6887
2020-05-11,2126,4225,19013,4630,832,3565,3106,459,675,5240,6040,2493,1536,7150,10700,890,10274,806,3841,6887
2020-05-12,2131,4120,19013,4470,815,3460,3106,450,664,5170,5960,2601,1518,6930,11750,891,10123,769,3930,6826
2020-05-13,2115,4100,19013,4470,805,3420,3106,447,662,5090,5960,2688,1527,6910,13300,893,10299,799,3988,6865
2020-05-14,2163,4150,19965,4300,817,3480,3106,434,636,4920,5890,2438,1492,6730,14200,896,10223,759,3993,6789
2020-05-15,2154,4230,19254,4145,813,3400,3106,444,654,4920,6290,2336,1500,6520,13800,887,10098,753,3982,6629
2020-05-18,2225,4185,19730,4220,810,3380,3106,445,653,4895,6670,2501,1474,6450,13250,1020,10123,697,3930,6402
2020-05-19,2285,4155,19489,4270,820,3450,3106,451,668,5020,6860,2436,1492,6470,12800,1090,10198,738,3877,6599
2020-05-20,2293,4105,19254,4370,832,3580,3106,455,678,4975,6910,2376,1509,6700,13300,1010,10123,751,3972,6713
2020-05-21,2289,4095,19489,4440,830,3550,3106,454,680,5200,6820,2496,1509,6670,13150,1010,10223,717,3967,6667
2020-05-22,2412,4040,19489,4360,814,3435,3106,445,663,5070,6810,2423,1500,6530,12700,959,10148,700,3872,6667
2020-05-25,2614,4070,19489,4330,815,3510,3106,445,692,5070,6720,2461,1492,6520,13050,972,10173,707,3856,6674
2020-05-26,2693,4090,19254,4425,836,3615,3106,448,680,5380,6770,2496,1527,6530,12900,965,10123,710,3856,6546
2020-05-27,2654,4045,19489,4400,841,3665,3106,450,684,5310,6540,2513,1509,6410,12100,986,10123,700,3851,6493
2020-05-28,2558,3955,19254,4290,823,3575,3106,416,663,5000,6390,2398,1492,6200,11900,1000,10098,710,3736,6167
2020-05-29,2614,3900,19013,4400,818,3560,3106,431,673,4950,6660,2328,1483,6520,11850,988,10123,750,3715,6136
2020-06-01,2757,3940,19254,4520,822,3595,3106,430,674,5000,6730,2411,1500,6920,11850,1020,10249,801,3767,6250
2020-06-02,2713,4000,19254,4510,832,3600,3106,439,669,5170,6830,2476,1518,6820,12650,1010,10524,880,3809,6432
2020-06-03,2760,3940,19730,4615,838,3740,3106,446,678,5220,6630,2426,1527,6840,11700,1200,10449,916,3783,6273
2020-06-04,2899,3920,19730,4710,837,3670,3106,438,684,5180,6590,2433,1509,6670,11600,1240,11176,925,3730,6447
2020-06-05,2978,3980,19489,4715,844,3650,3106,437,713,5100,6650,2401,1527,6970,11900,1130,12529,910,3709,6447
2020-06-08,3161,4040,19489,4650,837,3670,3106,430,745,5130,6700,2438,1544,6780,12600,1000,12203,918,3725,6614
2020-06-09,3240,4080,19013,4550,823,3620,3106,425,751,5520,7100,2376,1571,6770,12500,1005,12679,935,3667,6674
2020-06-10,3204,4105,19013,4500,822,3625,3106,426,788,5400,7110,2391,1527,6790,13200,1035,13807,944,3657,7441
2020-06-11,3168,4100,18778,4495,819,3435,3106,423,760,5180,7450,2366,1509,6680,12950,1040,13581,914,3541,7737
2020-06-12,3168,4000,18778,4300,800,3330,3106,408,729,5120,8030,2301,1483,6540,12450,1075,13606,914,3525,8609
2020-06-15,2971,3790,18778,4010,768,2835,3106,382,678,4720,7510,2076,1360,6240,11900,1005,12403,826,3194,7206
2020-06-16,3224,3970,18778,4135,782,3095,3106,399,688,4865,7900,2161,1448,6450,13250,1000,12980,900,3342,8229
2020-06-17,3644,4200,18778,4140,753,3095,3106,393,695,4820,7420,2176,1422,6360,12850,973,12729,860,3257,7850
2020-06-18,3715,4085,18778,4155,759,3095,3106,406,730,4735,7270,2221,1422,6220,12900,941,13030,888,3252,7448
2020-06-19,4183,4040,18778,4095,765,3095,3106,410,730,4905,7600,2306,1448,6210,12800,1020,13681,873,3231,7289
2020-06-22,4198,3995,18778,4070,747,3140,3106,407,733,4875,7440,2306,1413,6200,12700,1065,15561,869,3173,7228
2020-06-23,4468,3890,18778,4065,740,3015,3106,407,712,4970,7300,2246,1386,6320,12750,1045,13782,885,3152,7039
2020-06-24,4459,3920,18778,4065,743,3180,3106,401,710,4960,7310,2361,1413,6240,12600,1100,14483,884,3331,7888
2020-06-25,4293,3860,18778,4020,722,3090,3106,397,697,4825,7200,2301,1378,6100,12100,1210,14684,869,3279,9026
2020-06-26,4079,3815,18778,4010,707,3085,3106,404,707,4825,6900,2261,1369,6080,12200,1200,14458,860,3242,9253
2020-06-29,3628,3700,18778,3950,687,3010,3106,400,700,4570,6440,2126,1343,5890,11800,1165,14208,796,3147,9329
2020-06-30,3517,3710,18778,4050,710,3125,3106,405,696,4680,6440,2126,1351,5880,11600,1195,13857,757,3389,8229
2020-07-01,3600,3650,18778,4140,707,3070,3106,399,697,4560,6150,2123,1351,5700,10950,1150,12479,769,3263,7774
2020-07-02,3588,3730,18528,4210,722,3100,3106,402,714,4670,6230,2136,1369,5800,11150,1135,12779,794,3231,8040
2020-07-03,3655,3700,18478,4270,732,3095,3106,402,721,4735,6500,2211,1360,5850,11200,1110,10624,797,3315,8343
2020-07-06,3572,3760,18027,4330,743,3025,3106,408,717,4700,6550,2258,1360,5750,11250,1090,10574,795,3263,8002
2020-07-07,3437,3895,17401,4260,730,3120,3106,414,719,4560,6440,2243,1360,5640,11300,1055,10750,785,3236,7888
2020-07-08,3453,3925,17526,4255,730,3145,3106,435,702,4580,6290,2248,1360,5470,11350,999,10524,773,3200,7661
2020-07-09,3430,3855,17426,4205,725,3185,3106,447,705,4435,6350,2198,1351,5520,11350,1090,10349,772,3200,7577
2020-07-10,3366,3825,17201,4180,722,3090,3106,473,697,4470,6190,2186,1307,5330,11450,1080,9973,719,3221,7888
2020-07-13,3541,3820,16775,4145,722,3065,3106,500,695,4570,6140,2228,1325,5150,11400,1085,10023,717,3231,7926
2020-07-14,3667,3835,16725,4115,722,3065,3106,520,700,4570,7000,2238,1325,5330,12500,1130,9873,768,3210,7737
2020-07-15,3731,3900,17426,4295,725,3100,3106,545,710,4565,7410,2223,1334,5500,12400,1095,9923,676,3210,7964
2020-07-16,3699,3820,17226,4250,735,3060,3106,546,710,4545,6890,2213,1334,5400,12350,1045,10299,692,3231,8419
2020-07-17,3743,3810,17276,4220,730,3150,3106,534,707,4555,6880,2256,1343,5390,12300,1030,10399,684,3247,8229
2020-07-20,3723,3790,17176,4170,750,3165,3106,563,721,4495,7080,2158,1325,5270,12550,1010,10299,650,3342,7926
2020-07-21,3834,3920,17451,4255,775,3110,3106,597,724,4580,7220,2176,1325,5330,12400,990,10249,650,3494,7850
2020-07-22,4151,3940,17376,4365,760,3170,3106,597,733,4595,7300,2223,1369,5230,12450,945,10299,634,3389,8267
2020-07-23,4229,4130,17025,4325,751,3105,3106,593,735,4510,7690,2113,1343,5070,12600,869,10023,645,3289,8381
2020-07-24,4270,4755,16675,4215,741,3005,3106,590,735,4425,7690,2128,1316,5180,12900,928,9998,625,3210,9102
2020-07-27,4309,4405,16650,4200,740,3085,3106,591,769,4415,7150,2613,1316,5180,12750,720,10048,631,3263,9936
2020-07-28,4317,4250,16650,4270,736,3130,3106,545,772,4750,7040,2403,1334,5150,13200,704,9998,620,3242,9974
2020-07-29,4167,4445,16425,4210,767,3150,3106,577,769,4785,7200,2438,1316,5090,13300,661,10023,673,3221,9974
2020-07-30,4111,4290,16425,4170,754,3180,3106,657,769,4690,7090,2351,1334,5000,13250,654,9998,731,3242,9216
2020-07-31,4055,4250,16349,4105,742,3110,3106,740,764,4720,7040,2326,1307,5080,13050,696,9998,703,3205,9140
2020-08-03,4261,4220,15949,4030,737,3100,3106,730,769,4760,7600,2301,1299,4960,12900,677,10048,705,3152,9102
2020-08-04,4158,4415,15699,4075,741,3130,3106,799,795,4660,7610,2303,1307,5040,13050,667,10073,710,3158,10201
2020-08-05,4151,4420,16099,4100,739,3115,3106,826,794,4655,8190,2276,1290,5090,14400,734,10048,700,3142,12591
2020-08-06,4198,4380,16074,4110,740,3240,3106,854,777,4665,8080,2231,1290,5080,14450,729,9948,701,3158,12288
2020-08-07,3917,4295,15824,4200,737,3235,3106,856,770,4550,8310,2203,1272,5010,14800,710,9647,699,3084,11415
2020-08-10,3620,4230,15623,4155,728,3370,3106,856,768,4500,8700,2263,1246,4950,14500,680,9296,701,3068,11377
2020-08-11,3738,4225,15699,4185,729,3735,3106,854,761,4510,8850,2216,1264,4980,15300,681,9346,690,3095,11681
2020-08-12,3536,4055,15498,4140,715,3680,3106,920,766,4415,8630,2153,1246,4865,14650,690,9171,682,3074,10164
2020-08-13,3584,4130,15699,4400,738,3750,3106,983,777,4505,8600,2226,1272,6000,14600,681,9121,692,3121,9860
2020-08-14,3489,4025,15498,4530,728,3690,3106,981,760,4420,8440,2161,1246,5210,14000,680,9447,679,3074,10467
2020-08-18,3164,3935,14622,4400,742,3340,3106,880,736,4155,8000,1983,1158,5020,13200,665,8920,648,2874,10126
2020-08-19,3307,4060,14797,4290,732,3550,3106,885,716,4145,8490,1986,1167,5160,13850,645,8946,677,2884,9746
2020-08-20,3235,3750,13821,4100,708,3445,3106,816,661,3870,8160,1828,1106,5020,12850,625,8294,645,2680,9292
2020-08-21,3426,3735,13846,4070,713,3555,3106,882,670,4065,7890,1871,1132,5020,12800,636,8469,660,2669,9102
2020-08-24,3382,3695,14372,4160,706,3655,3106,858,677,4270,7770,1891,1132,5070,13500,645,8494,646,2638,9405
2020-08-25,3572,3830,15724,4205,713,4075,3106,836,680,4355,7830,1991,1158,5170,13650,700,8695,684,2858,10088
2020-08-26,3683,4005,15498,4385,713,3805,3106,869,671,4300,8590,1973,1141,5070,13500,689,8645,682,2774,10543
2020-08-27,3648,3860,15223,4355,699,3565,3106,866,662,4330,8800,1933,1123,5080,13950,701,8469,671,2685,10846
2020-08-28,3933,3870,15598,4310,705,3550,3106,921,663,4340,10150,1943,1141,5100,13950,700,8319,668,2753,10467
2020-08-31,3976,3955,15648,4360,717,3455,3106,1006,693,4390,10500,1938,1158,5210,13500,701,8294,690,2764,10012
2020-09-01,4198,4020,15548,4420,707,3530,3106,998,713,4340,10350,1971,1176,5280,13650,695,8369,721,2743,9898
2020-09-02,4222,4140,15673,4350,716,3530,3106,1026,720,4280,10450,1996,1220,5550,13500,705,8344,719,2800,10240
2020-09-03,4055,4260,15724,4410,721,3420,3106,1028,724,4390,10600,1978,1220,5490,13550,698,8895,790,2811,10391
2020-09-04,4135,4325,15448,4360,759,3330,3106,1024,717,4395,10700,1956,1211,5400,13250,707,8745,849,2774,10012
2020-09-07,4103,4210,15924,4390,986,3425,3106,1126,715,4495,10550,1996,1255,5600,13400,869,9046,922,2800,10884
2020-09-08,3984,4160,16074,4360,980,3360,3106,1084,716,4550,10200,2021,1237,5500,13850,840,8895,1195,2785,10429
2020-09-09,5172,4110,16074,4350,1010,3290,3106,1132,713,4475,10200,2021,1228,5470,14650,845,8870,1125,2758,10050
2020-09-10,5220,4100,16149,4900,1015,3465,3106,1126,713,4595,10500,2036,1255,5500,14650,899,8870,1085,2779,10201
2020-09-11,6780,4145,17601,5560,987,3430,3106,1144,715,4590,10800,2108,1264,5430,14450,915,8745,1010,2842,10543
2020-09-14,6876,4075,18503,5300,966,3480,3106,1174,713,4595,11000,2738,1290,5650,14100,915,8870,1085,2853,10618
2020-09-15,7398,4110,18302,5390,984,3475,3106,1152,706,4600,10650,2626,1316,6250,14150,921,8895,1035,2890,10733
2020-09-16,6947,4045,17526,5280,975,3450,3106,1080,707,4620,10800,2713,1307,6420,14500,996,10474,1060,2879,10694
2020-09-17,7509,3950,17051,5390,936,3520,3106,1088,707,4550,10500,2366,1281,6520,14000,1000,10023,1060,2806,11377
2020-09-18,7287,3915,16925,5890,915,3810,3106,1094,703,4645,10550,2293,1255,6570,13350,1020,9722,1050,2869,10922
2020-09-21,8713,3920,16750,5600,895,3740,3106,1070,685,4440,9110,2123,1325,6560,13500,1015,9221,1005,2769,10240
2020-09-22,8951,3825,15849,5250,860,4275,3106,1108,668,4260,8220,2141,1272,6080,13550,1015,8845,967,2680,9709
2020-09-23,9228,3840,15799,5170,841,4020,3106,1182,667,4300,7840,2086,1307,6100,14000,990,9021,804,2664,9709
2020-09-24,8317,3700,15148,4795,1090,4050,3106,1246,638,4170,7110,1941,1281,5730,13350,933,8645,832,2596,8761
2020-09-25,7921,3700,15248,4750,1415,4050,3106,1370,635,4195,7380,1963,1281,5700,13450,900,8595,1080,2585,9253
2020-09-28,8119,3765,16049,4975,1345,4700,3106,1412,630,4300,7620,2033,1316,6470,13600,1020,8695,1400,2632,9405
2020-09-29,10535,3865,16525,5040,1485,4510,3106,1394,631,4275,7550,2071,1299,6580,13950,1005,8720,1440,2680,9405
2020-10-05,10772,3870,16675,5100,1490,4395,3106,1356,634,4380,7830,2101,1369,6420,14150,1000,8870,1615,2711,9784
2020-10-06,10139,3890,17126,5090,1390,4325,3106,1380,630,4500,8150,2096,1343,6410,14250,1000,8845,1660,2716,9784
2020-10-07,10337,3900,17000,5080,1330,4350,3106,1556,629,4465,8200,2151,1325,6250,14350,1045,9096,1710,2732,9670
2020-10-08,10495,3900,16750,5050,1410,4530,3106,1530,634,4485,8050,2133,1299,6280,14900,1050,9196,1745,2748,9443
2020-10-12,10852,3845,16700,5370,1380,4660,3106,1454,691,4560,7850,2156,1281,6350,14800,1100,9346,1745,2737,9594
2020-10-13,11803,3815,17126,5290,1320,4685,3106,1408,668,4535,7640,2171,1255,6290,14750,1120,9121,1685,2711,9633
2020-10-14,13346,3815,16800,5050,1350,4480,3106,1384,661,4440,7330,2121,1272,6120,14350,1145,9046,1580,2690,9405
2020-10-15,12792,3775,15799,5010,1340,4530,3106,1438,656,4360,7650,2096,1255,5820,14050,1180,8946,1460,2632,9216
2020-10-16,13070,3700,15548,4905,1325,4330,3106,1396,635,4375,7900,2031,1246,5910,13750,1150,8770,1465,2596,8912
2020-10-19,12198,3720,15774,5010,1330,4235,3106,1286,647,4280,7510,2031,1246,5850,13350,1160,8745,1515,2559,8419
2020-10-20,10456,3690,15548,4860,1340,4120,3106,1302,642,4285,7360,2026,1228,6070,13150,1150,8720,1515,2548,8343
2020-10-21,11327,3720,15673,4870,1295,4285,3106,1278,621,4325,7340,2021,1228,6110,13650,1145,8770,1470,2585,8646
2020-10-22,11208,3700,15323,4775,1205,4145,3106,1258,620,4270,7110,1963,1228,6040,13200,1100,8845,1450,2554,8192
2020-10-23,10377,3680,15198,4705,1160,4400,3106,1258,624,4255,7200,1966,1220,5900,13000,1100,8670,1460,2559,8154
2020-10-26,9585,3510,14997,4590,1195,4110,3106,1258,609,4120,6900,1841,1220,5650,11950,1135,8494,1210,2511,7737
2020-10-27,9782,3430,14822,4560,1125,3900,3106,1224,601,4110,6850,1841,1211,5650,11500,1150,8444,1215,2506,7585
2020-10-28,9703,3450,15048,4700,1165,4255,3106,1240,596,4160,7000,1896,1211,5660,11900,1175,8545,1300,2559,7964
2020-10-29,9386,3560,14922,4555,1140,4255,3106,1318,609,4170,7120,1883,1193,5680,11750,1155,8545,1255,2543,8002
2020-10-30,9624,3535,14747,4485,1150,3950,3106,1390,597,4100,6950,1863,1228,5600,11800,1115,8394,1215,2511,7661
2020-11-02,10020,3540,15073,4675,1150,4315,3106,1396,599,4085,6890,1888,1220,5570,11800,1030,8419,1210,2517,8002
2020-11-03,10060,3570,15398,4725,1170,4160,3106,1400,608,4115,7100,1933,1237,5690,12150,1050,8545,1235,2559,8154
2020-11-04,9861,3585,15348,5080,1135,4000,3106,1380,614,4130,7040,1968,1246,5640,12050,1010,8545,1340,2548,8874
2020-11-05,9782,3655,15423,5020,1270,4070,3106,1424,619,4180,7210,1963,1228,5630,12050,1080,8570,1370,2569,8950
2020-11-06,9743,3620,15323,5090,1270,3960,3106,1410,612,4175,6950,1941,1246,5540,12300,1060,8720,1370,2559,8381
2020-11-09,11486,3660,15573,5140,1300,4030,3106,1506,613,4200,7280,2008,1351,5530,12300,1085,8845,1395,2638,8495
2020-11-10,10772,3650,15598,5200,1270,4025,3106,1450,611,4320,7070,2018,1307,5450,12300,1050,8996,1430,2627,8495
2020-11-11,10891,3630,15548,5400,1215,4200,3106,1428,607,4270,6960,2036,1316,5380,11950,1015,8996,1600,2664,8154
2020-11-12,10852,3820,15673,5360,1250,4420,3106,1426,612,4330,7200,2008,1360,5370,12200,1030,8845,1645,2722,8078
2020-11-13,10297,3795,15548,5150,1225,4275,3106,1486,613,4285,7100,2063,1351,5330,12300,1085,8670,1650,2685,8116
2020-11-16,10456,3745,15774,5100,1210,4255,3106,1480,610,4290,7060,2076,1334,5390,12300,1070,8645,1625,2643,8533
2020-11-17,9941,3700,15699,5150,1200,4210,3106,1482,610,4360,7070,2013,1299,5320,13500,1055,8494,1570,2653,8685
2020-11-18,9544,3740,15623,5150,1215,4255,3106,1500,619,4380,7370,1983,1307,5280,14500,1085,8520,1545,2648,8798
2020-11-19,9703,3750,15548,5150,1575,4300,3106,1518,628,4280,7400,2046,1307,5280,14850,1055,8895,1440,2669,9026
2020-11-20,9902,3860,15874,5340,1615,4545,3106,1692,621,4330,7660,2076,1325,5390,14550,1060,8820,1585,2711,9557
2020-11-23,9822,3810,16074,5450,1515,4480,3106,1610,623,4300,7490,2031,1334,5500,18900,1040,9346,1485,2706,9253
2020-11-24,10852,3780,16525,5470,1635,4330,3106,1680,620,4320,7560,2026,1360,5450,19100,1050,9422,1500,2785,12022
2020-11-25,10337,3740,16525,5340,1570,4220,3106,1650,617,4330,7260,1978,1369,5280,19200,1020,8946,1500,2711,11225
2020-11-26,10694,3775,16550,5340,1540,4370,3106,1542,614,4325,7370,1976,1334,5220,18650,1025,9021,1475,2716,10998
2020-11-27,11010,3785,16249,5350,1530,4355,3106,1562,614,4435,7420,2001,1325,5230,20500,1000,9146,1545,2769,10353
2020-11-30,10970,3865,16174,5260,1460,4485,3106,1652,613,4380,7230,1971,1316,5210,21000,1010,8895,1560,2769,10088
2020-12-01,11129,3835,16224,5360,1500,5280,3106,1804,606,4305,7230,1948,1307,5200,21450,997,8946,1525,2737,10770
2020-12-02,11089,3870,16400,6080,1470,5910,3106,1850,615,4310,7200,1976,1307,5320,21150,1005,9046,1480,2758,10657
2020-12-03,11367,3825,16625,6500,1505,5250,3106,1844,620,4440,7230,1963,1307,5260,20350,1090,9021,1495,2821,10429
2020-12-04,11248,3735,16024,6930,1465,5620,3106,1748,622,4350,7160,1931,1325,5220,20700,1105,9071,1455,2732,10657
2020-12-07,11762,3810,15774,7730,1430,5320,3106,1680,615,4380,7080,1908,1720,5580,22600,1125,9146,1400,2716,10164
2020-12-08,12079,3925,15724,8070,1455,5710,3106,1770,610,4400,7010,1878,1615,5330,19450,1110,9321,1385,2701,10391
2020-12-09,12554,4310,15648,8280,1525,5730,3106,1782,615,4635,7000,1918,1860,5380,18150,1155,9346,1370,3011,10618
2020-12-10,12357,4390,15473,8330,1485,6110,3106,1748,617,4740,6950,1913,1974,5380,18150,1150,9447,1395,3058,10543
2020-12-11,12554,4485,15749,7960,1460,6060,3106,1778,624,5030,6990,1903,1860,5380,18000,1175,9271,1400,3058,10846
2020-12-14,13346,4730,15523,7630,1470,5830,3106,1760,622,5040,7030,1898,1966,5790,17600,1165,9071,1340,3126,10733
2020-12-15,12832,5050,15423,7980,1450,5730,3106,1748,620,5010,7000,1913,2018,5880,16800,1135,9246,1395,3189,10429
2020-12-16,10891,5150,15673,7830,1445,5890,3106,1750,624,5100,7060,1916,2018,5680,16950,1125,9447,1470,3089,10277
2020-12-17,11327,5020,15949,7600,1415,7160,3106,1730,750,5260,7060,1906,1930,5640,17700,1120,9246,1455,2984,9898
2020-12-18,11050,4910,15749,7750,1425,6730,3106,1716,720,5450,7020,1893,1851,5520,17450,1135,9171,1410,3158,9898
2020-12-21,9585,4910,17526,7890,1360,6910,3106,1698,710,5630,7140,1866,1939,5470,16950,1075,8996,1350,3783,9860
2020-12-22,8871,4615,16425,7700,1310,6550,3106,1648,670,5480,7040,1836,1913,5380,16900,1035,8820,1300,3715,9481
2020-12-23,8040,4430,16299,7340,1300,6210,3106,1606,650,5490,6950,1826,1860,5310,17150,1060,8820,1315,3546,9102
2020-12-24,8871,4430,16124,7350,1320,6060,3106,1608,677,5600,6910,1851,1851,5320,16000,1035,9046,1285,3657,9026
2020-12-28,9188,5580,15323,7060,1235,6160,3106,1554,674,5500,6880,1808,1746,5310,15750,1005,8870,1240,3930,8912
2020-12-29,11564,6120,15523,7520,1285,6500,3106,1682,685,5680,7190,1808,1755,5320,16250,1040,9121,1330,3846,9405
2020-12-30,11486,6050,15223,7440,1315,6690,3106,1750,677,6320,7190,1841,1720,5400,16850,1040,9096,1345,3783,9670
2021-01-04,11644,6370,15573,7110,1345,6500,3106,1898,678,6170,7200,1921,1737,5390,17000,1045,9071,1435,4046,9329
2021-01-05,11803,8280,15598,7110,1360,6820,3106,1872,685,6570,7500,1896,1772,5430,17450,1055,9071,1390,4702,9633
2021-01-06,11327,10750,15473,7600,1365,8080,3106,1998,685,6600,7670,1893,1781,5380,17700,1040,9071,1355,4634,10088
2021-01-07,11129,11750,15673,7810,1345,7020,3106,1950,701,6610,7630,1888,1772,5360,17500,1040,9096,1320,5112,9898
2021-01-08,11010,11650,15699,7690,1305,7690,3106,1954,699,6580,7370,1916,1720,5370,16700,1035,8971,1350,5280,9405
2021-01-11,10535,9800,15298,7190,1300,8350,3106,1936,705,6450,7130,1903,1623,5230,15900,1030,8695,1430,5249,8798
2021-01-12,11050,9670,15323,7210,1300,8000,3106,1950,720,7160,7060,1873,1658,5260,15850,1080,8645,1435,5333,8646
2021-01-13,11287,9120,15673,7390,1315,8460,3106,2250,724,7280,7090,1873,1694,5250,16500,1065,8695,1415,5138,8836
2021-01-14,11327,9100,16149,7240,1280,8580,3106,2300,776,7030,7210,1893,1694,5350,16900,1040,8720,1405,4865,8798
2021-01-15,10970,9450,16099,7200,1270,8200,3106,2340,769,7290,7060,1851,1641,5310,16300,1055,8670,1415,4834,8381
2021-01-18,9663,8800,15774,7150,1220,7510,3106,2030,709,7260,6990,1826,1641,5280,15800,1040,8545,1405,4686,7964
2021-01-19,9941,8850,15799,7160,1265,8000,3106,2260,714,7900,7050,1858,1667,5330,15650,1040,8595,1500,4781,8154
2021-01-20,10139,8850,16299,7350,1280,8330,3106,2230,709,8700,7000,1863,1711,5320,15900,1065,8620,1455,4844,8419
2021-01-21,10178,9440,16274,8680,1275,8250,3106,2290,716,8620,7080,1883,1667,5270,15750,1065,8570,1450,4960,8950
2021-01-22,10099,10150,15999,8350,1240,8320,3106,2290,712,9000,7080,1918,1641,5220,15600,1045,8520,1430,5201,9633
2021-01-25,9902,9950,16324,8100,1255,9060,3106,2220,723,9460,7360,1931,1641,5230,16750,1030,8595,1465,5411,10050
2021-01-26,9902,9670,16925,8150,1225,9210,3106,2120,714,9860,7210,1916,1562,5130,16500,1005,8469,1445,5622,9481
2021-01-27,9941,9070,16600,7930,1195,8900,3106,2080,740,10100,7320,1926,1562,5040,17350,1005,8394,1420,5622,9216
2021-01-28,9822,8470,16099,7720,1150,9410,3106,2180,740,9880,7420,1853,1483,5020,17000,993,8520,1405,5753,8761
2021-01-29,9544,7920,15623,7210,1105,9850,3106,2080,714,9050,7030,1836,1422,4900,17800,816,8394,1395,5963,8305
2021-02-01,9624,8320,15623,7330,1130,9780,3106,2070,735,9250,7000,1833,1448,5100,17100,829,8369,1380,5989,8912
2021-02-02,10297,8370,15623,7460,1165,9620,3106,2010,739,9810,7100,1846,1422,5080,16700,815,8369,1300,6200,9329
2021-02-03,10139,8770,15623,7460,1160,9880,3106,2180,744,9540,7010,1831,1439,5050,16050,806,8494,1350,6357,9064
2021-02-04,9902,8910,15623,7260,1165,9880,3106,2170,755,9420,6990,1821,1641,5010,16200,728,8469,1465,6226,8950
2021-02-05,10139,8660,16375,7320,1275,10250,3106,2130,772,9210,7220,1818,1500,4980,16250,779,8545,1520,6068,8798
2021-02-08,10060,8260,15974,7230,1305,13300,3106,2110,772,8770,7300,1813,1808,4985,16550,742,8494,1495,6016,8950
2021-02-09,10020,8250,15849,7200,1250,14800,3106,2240,758,8890,8410,1801,1764,4980,16850,906,8545,1450,5989,9102
2021-02-10,10377,8430,15849,7600,1240,15700,3106,2310,768,8850,10900,1778,1825,5030,17100,1050,8595,1580,5963,9140
2021-02-15,10694,8520,16600,7720,1285,15850,3106,2590,840,8510,14150,1758,2369,5110,17650,1100,8545,2050,6016,9102
2021-02-16,10377,8150,16500,7800,1300,16150,3106,2730,897,8740,14200,1658,3080,4100,16850,1380,8770,1985,6042,8798
2021-02-17,10218,8210,17000,7870,1375,16450,3106,2690,1165,8610,12300,1633,4001,4000,17300,1440,11401,1835,6226,8646
2021-02-18,10337,7880,16675,7890,1355,16700,3106,2720,932,8380,11400,1686,2808,3905,17000,1455,10674,1695,6515,8609
2021-02-19,11169,8140,16475,7930,1320,16700,3106,2580,951,8230,11800,1653,2808,4110,16550,1740,10850,1660,6594,9102
2021-02-22,11327,8100,16950,7880,1285,17100,3106,2790,990,7880,10350,1618,2825,4075,16300,1895,11702,1685,6567,9253
2021-02-23,11248,7880,15874,8800,1265,16050,3106,2740,978,7770,9600,1595,2562,3995,16450,2005,11702,1795,6672,9102
2021-02-24,10772,7540,15498,8050,1240,14000,3106,2680,925,7700,8230,1548,2606,3985,16050,2015,12028,1670,6567,8798
2021-02-25,10970,7740,15899,9460,1250,14700,3106,2740,1075,8080,8330,1563,2510,3980,17200,2175,12654,1700,6410,8798
2021-02-26,11050,7200,15749,9250,1195,15400,3106,2830,1020,8210,8130,1495,1764,4015,18200,2230,12278,1600,6436,8761
2021-03-02,11367,6950,15974,9150,1190,15550,3106,2900,1040,8400,9560,1520,2290,4080,18600,2195,11577,1560,6462,9292
2021-03-03,11287,7040,16575,9040,1190,15600,3106,2960,1350,8880,9070,1530,2053,4040,18450,1980,11401,1540,6436,9709
2021-03-04,11050,6600,16024,9200,1245,15650,3106,2970,1330,9250,10250,1500,2159,4040,18900,1400,11551,1560,7250,9481
2021-03-05,10970,6610,16024,9130,1250,15900,3106,2970,1280,9270,10350,1473,2150,4090,19200,1505,11802,1610,7250,9670
2021-03-08,10733,6330,16249,10900,1235,16950,3106,2880,1200,9200,11600,1440,2580,3990,19350,1680,10950,1550,7250,9140
2021-03-09,10337,6390,15849,11600,1210,17300,3106,2760,1180,9210,10000,1383,2281,4010,19550,1950,10925,1545,7250,9026
2021-03-10,10337,6130,15699,11050,1270,16950,3106,2720,1480,9120,9950,1393,2299,4350,19600,1885,10549,1510,7250,9329
2021-03-11,10178,6250,15899,11750,1280,16650,3106,2670,1325,9070,9350,1445,2273,4315,19600,1945,10850,1515,7250,11681
2021-03-12,11010,6360,16024,12350,1345,17550,3106,2720,1330,9170,10100,1473,2299,4555,20800,1935,10875,1640,7250,10467
2021-03-15,10733,6370,16475,12400,1345,21150,3106,2590,1290,9400,10150,1485,2255,5160,21500,1820,11000,1575,7250,10505
2021-03-16,10694,6530,16099,12900,1325,20200,3106,2520,1275,10300,10950,1493,2264,5470,25000,1865,11201,1720,7250,10884
2021-03-17,10931,6470,16600,13650,1365,20100,3106,2520,1300,9800,10350,1473,2238,6000,26000,1850,11100,1695,7250,14145
2021-03-18,11723,6480,16575,13900,1340,21950,3106,2640,1255,9670,10450,1525,2220,6480,26350,1810,10950,1700,7250,13501
2021-03-19,11881,6450,16675,13700,1340,22200,3106,2830,1240,9780,9990,1560,2176,6600,29000,1835,11025,1695,7250,13539
2021-03-22,12396,6310,16600,14100,1320,22400,3106,2860,1150,10450,10000,1548,2053,6500,30600,1955,11501,1745,7250,13160
2021-03-23,12198,6310,16324,15600,1305,22800,3106,2890,1175,10250,9460,1508,1966,6570,35950,2225,11100,2000,7250,12173
2021-03-24,12119,6200,16400,15150,1325,23100,3106,2780,1210,10700,9300,1510,1957,5750,35800,2220,11426,2265,7250,13501
2021-03-25,12079,6140,16249,16200,1295,21300,3106,2700,1295,10800,9570,1500,1860,5850,38900,2365,11100,2940,7250,13767
2021-03-26,12159,6080,16074,15450,1305,21800,3106,2720,1245,11400,10000,1543,2018,5860,36150,2390,11075,2950,6350,12743
2021-03-29,12317,6210,15774,14750,1290,22200,3106,2650,1280,12100,13000,1558,2132,5940,34950,2565,10624,3275,5250,12895
2021-03-30,11961,6120,16024,17200,1295,21500,3106,2760,1285,13950,13250,1568,2062,6880,33250,2565,10574,3190,5825,12439
2021-03-31,11723,5830,16199,17200,1330,21200,3106,2750,1520,12850,14450,1560,2053,7700,37650,2560,10574,3320,5800,12970
2021-04-01,11921,5860,16425,18200,1315,19400,3106,2880,1570,12550,13800,1568,1974,9070,48500,2550,10173,4200,5725,13577
2021-04-02,11445,5760,16299,17650,1325,19150,3106,2880,1845,12650,13950,1560,2018,9220,47050,2470,10148,4095,5775,13311
2021-04-05,11367,5810,16375,15000,1320,19850,3106,2980,1990,13200,12750,1550,1974,9170,52900,2440,10274,3390,5575,13084
2021-04-06,12673,5590,16925,15300,1310,19500,3106,2920,1850,12800,12000,1548,1913,8700,53000,2620,10098,3610,5575,14070
2021-04-07,12634,5610,16500,15550,1395,19200,3106,2950,1860,12300,11900,1550,2027,8110,45550,2530,10173,3655,5875,14145
2021-04-08,15129,5640,16700,15550,1360,19200,3106,2860,2025,12600,13350,1553,2009,7340,45600,2570,10048,3490,6375,16118
2021-04-09,14654,5940,16725,15450,1390,19050,3106,2880,2010,12900,13500,1543,1992,8400,45400,2525,10023,3590,6475,15700
2021-04-12,14891,5830,16700,16000,1400,20400,3106,2710,2030,13400,14200,1623,1983,9040,45550,2490,10098,3595,6475,18886
2021-04-13,15169,6080,16700,14950,1475,22200,3106,2720,1920,12900,15750,1635,2334,9130,44650,2490,10900,3540,6325,15548
2021-04-14,13901,6030,16700,14750,1525,22400,3106,2700,1740,12950,14600,1658,2123,9810,44750,2625,10900,3725,6325,17824
2021-04-15,16000,6000,16700,14250,1485,22400,3106,2600,1730,13350,18950,1713,2132,10200,43550,2565,10900,3490,6200,22261
2021-04-16,19327,6230,16700,14800,1425,22400,3106,2660,1820,12950,18400,1658,2080,10800,46550,2695,10900,3750,6100,22944
2021-04-19,19090,6060,16700,14800,1400,22600,3106,2610,2035,12650,18500,1696,2088,10900,45100,2755,10900,3900,6025,21996
2021-04-20,21189,6070,16700,15350,1435,24350,3106,2610,2040,12650,18900,1701,2088,9950,45400,2970,10900,4095,5875,21958
2021-04-21,21466,5970,16700,15850,1420,24350,3106,2570,2040,12100,19100,1673,2150,12900,44050,2945,10900,4600,6000,21541
2021-04-22,22614,6000,16700,16400,1430,23900,3106,2700,2115,12400,22450,1655,2703,13300,43400,2900,10900,4510,5950,20517
2021-04-23,25228,5950,16700,16100,1415,24150,3106,2850,2745,12000,21350,1663,3247,14900,43350,2855,10900,4000,5850,21617
2021-04-26,23525,6060,16700,16400,1425,24200,3106,3460,2450,11800,22250,1678,2343,19350,42300,2835,10900,3425,5750,19000
2021-04-27,20872,5920,16700,16200,1415,23550,3106,3470,2525,11800,21700,1663,2729,19900,40650,2870,10900,3315,5450,16687
2021-04-28,20277,5770,16700,14950,1345,24000,3106,4090,2350,12050,21450,1620,2466,20450,40300,2810,10900,3115,5550,17369
2021-04-29,23604,5760,16700,14950,1320,25900,3106,4200,2375,11500,20050,1590,2220,20450,40300,2900,10900,3070,6025,16307
2021-04-30,21347,5610,15450,14200,1330,25850,3106,4280,2400,11750,19600,1568,2220,21600,39750,2920,10900,2985,6175,16459
2021-05-03,20000,5480,14800,15150,1345,25500,3664,4790,2275,11750,18950,1575,2220,19950,37950,2820,10900,2730,6025,15776
2021-05-04,22178,5440,15000,16000,1310,26550,3177,4820,2330,11350,18150,1555,2220,16950,38400,2855,10900,2710,5800,15624
2021-05-06,21862,5440,15150,15450,1350,26500,2811,5560,2150,11350,17850,1543,2220,13200,37750,2920,10450,2600,5800,14715
2021-05-07,22020,7070,14950,15550,1365,27800,2722,5250,2325,11200,16950,1560,2220,13150,38900,2945,10650,2580,5775,15548
2021-05-10,22139,8100,15000,16300,1355,29700,2811,5380,2295,11300,17300,1558,2220,13700,36950,2865,10850,2420,5725,20214
2021-05-11,22178,8190,14950,15700,1330,33000,2844,5240,2230,11050,16200,1558,2220,13200,36150,2850,11400,2370,5725,21389
2021-05-12,22178,8410,14800,15350,1305,34350,2746,5240,2430,10850,16300,1523,2220,13750,35050,2880,11750,2470,5750,23513
2021-05-13,22535,8260,14500,14900,1295,38200,2717,5170,2660,10350,16650,1493,2220,15600,36050,2950,11800,2670,5625,22721
2021-05-14,22773,8430,15000,15150,1295,39900,2717,5540,3290,10700,15900,1505,2220,18050,35500,2890,12050,2650,5625,28474
2021-05-17,22575,8470,15350,15750,1255,43050,2642,5330,3365,10950,15750,1495,2220,13800,33500,2850,11550,2485,5600,32434
2021-05-18,22059,8690,15350,15800,1265,41250,2633,5870,3730,10900,16000,1510,2220,14350,37950,2785,11650,2405,5600,30350
2021-05-20,21624,8280,15450,16250,1300,42950,2553,6640,3730,11100,15700,1548,2220,13200,36450,2650,11850,2285,5575,29183
2021-05-21,22931,8000,15450,15850,1445,41000,2610,6170,3730,11050,15550,1525,2220,11700,35100,2550,11650,2270,5525,29349
2021-05-24,26139,8420,15200,15250,1380,42650,2478,6300,3590,11600,14250,1585,2010,12550,33350,2610,11950,2250,5325,26556
2021-05-25,24001,8400,16250,15500,1430,41000,2521,5960,3675,11600,14850,1655,1895,12550,33350,2615,12450,2180,5300,30892
2021-05-26,24951,8450,16800,15350,1470,39050,2464,5770,4180,12100,15600,1731,2460,13300,32100,2570,13100,2245,5425,28849
2021-05-27,26773,8590,18700,16200,1460,39050,2872,5530,4080,12200,15250,1748,2665,12800,32500,2455,14000,2245,5400,27807
2021-05-28,26892,11150,19050,16500,1415,39300,2924,5770,4100,11900,15300,1776,2560,12250,32800,2505,13900,2310,5600,27974
2021-05-31,22139,11250,18900,16200,1475,39150,2910,6120,3920,11650,14850,2308,2475,11850,30950,2455,13700,2180,5750,27974
2021-06-01,21070,10250,18300,16200,1435,39000,2994,6010,4000,11850,14850,2988,2435,11900,31650,2365,13650,2250,6250,27015
2021-06-02,19090,10450,17850,16100,1490,38000,2966,5710,4090,11800,14350,3876,2360,14200,29300,2290,13950,2280,6250,27098
2021-06-03,19248,10650,18000,16000,1490,39650,2994,5460,4170,11750,14650,5039,2450,14250,29650,2300,14350,2365,6250,27223
2021-06-04,17782,10450,18250,15750,1790,38200,2886,5460,4090,11550,16250,6002,2490,14000,29700,2205,14200,2435,6350,27723
2021-06-07,17822,9510,18700,15300,2325,38150,2835,5160,3910,12200,16250,6002,2575,12700,28000,2315,13900,2370,6425,28682
2021-06-08,16832,8710,18450,15050,2505,37050,2760,5620,3730,11950,15800,7802,2415,13450,31650,2355,13650,2265,6200,27307
2021-06-09,16872,8640,19300,15100,2510,33000,2675,5520,3505,12600,16400,10141,2410,14100,33050,2280,13950,2295,6100,27098
2021-06-10,16753,8460,19950,15700,2145,28400,2610,5300,4140,12450,16350,10141,2345,13400,38600,2235,14300,2445,5875,27807
2021-06-11,16356,8200,19800,15450,2110,29250,2727,5070,3650,12450,16050,8678,2325,14050,40700,2200,14450,2365,6125,28766
2021-06-14,16872,8230,18900,15700,2095,29900,2717,5050,3720,12550,15550,8965,2310,12650,39450,2180,14100,2410,6200,29599
2021-06-15,17387,9120,20600,16850,2100,28650,2731,5100,3760,12350,15000,11653,2345,12500,41000,2150,14200,2480,6125,27181
2021-06-16,17307,8720,23900,17750,2240,28000,2741,5080,3840,12200,14850,11991,2360,12900,38800,2260,13850,2440,6225,26431
2021-06-17,17307,8780,21350,17300,2155,24000,2727,4910,4170,12200,14550,11829,2315,12600,39350,2215,14600,2460,6225,26556
2021-06-18,17307,8720,20850,18400,2270,23100,2614,4690,4215,12100,14750,11203,2290,12650,40050,2240,15350,2700,6175,26264
2021-06-21,17782,8680,20300,18650,2290,22500,2558,4550,4160,11600,14450,10178,2300,12650,43500,2175,15150,2715,6075,27348
2021-06-22,17189,8900,20050,18300,2345,22700,2624,4550,4255,12050,15100,10053,2305,13650,43350,2300,15000,2610,5925,28099
2021-06-23,16634,8780,19250,19200,2245,24150,2628,4550,4220,13400,16150,9390,2270,14750,46100,2265,15000,2560,5800,29975
2021-06-24,16673,8890,18800,17600,2245,24400,2535,4550,4600,12700,15800,9640,2200,13600,43000,2220,14550,2615,5925,31475
2021-06-25,16594,8790,19000,16950,2295,26500,2600,4550,5130,12600,16100,10303,2185,13800,41100,2245,14700,2630,5900,30600
2021-06-28,16555,8810,19450,17100,2250,25500,2657,4550,5990,13550,16500,10378,2265,15450,41250,2185,14250,2690,5800,39750
2021-06-29,16753,8720,19000,16650,2350,25800,2647,4550,7200,13900,16200,10416,2205,16900,42850,2085,14250,2715,5750,39150
2021-06-30,16634,8720,18950,16650,2345,25100,2647,4550,6650,13850,16400,10178,2295,16950,43550,1945,14200,2735,5675,39700
2021-07-01,16594,8870,19150,17300,2335,25500,2713,4550,6860,14250,16500,11666,2425,16100,47000,1900,14000,2905,5450,42200
2021-07-02,17109,8800,18900,17350,2365,25600,2689,4550,6570,14700,16150,10003,2395,16350,50700,1910,14000,2910,5550,43400
2021-07-05,17743,8820,18900,18250,2730,24500,2708,4550,5830,14650,16100,9653,2320,17150,48900,1855,13850,3010,5550,41600
2021-07-06,17545,8750,19050,18600,2820,24150,2605,4550,5810,15000,15550,9678,2325,16900,49800,1900,13650,3220,5675,40650
2021-07-07,15921,8590,19000,18400,2855,23000,2605,4550,5630,15000,15650,9565,2315,16700,48800,1890,13600,3290,5550,42200
2021-07-08,15842,7470,18900,18050,2735,22500,2568,4550,5430,15000,15200,9340,2260,16500,44750,1830,13550,3425,5500,44900
2021-07-09,16261,7300,18400,17850,2860,22250,2530,4550,4970,14850,15400,9553,2320,17300,45550,1925,13300,3495,5525,44400
2021-07-12,16261,7470,18950,18350,2795,23800,2582,4550,4625,16500,15050,9640,2320,17750,43400,1900,13250,3620,5625,43750
2021-07-13,16261,7410,18850,18950,2780,24200,2582,4550,4425,17000,14900,9778,2305,16850,42750,1985,13300,3530,5550,41000
2021-07-14,16219,7410,19000,20150,2780,23950,2605,4550,4400,16600,14550,10028,2285,17400,43800,1955,13450,3260,5475,43350
2021-07-15,16345,7330,18900,20700,3115,23950,2558,4550,4560,16800,14750,9403,2370,17850,43950,1900,13800,3710,5525,43300
2021-07-16,16303,7320,18500,20050,2950,22400,2530,4550,4260,18300,14500,9515,2320,18300,45050,1865,13650,3575,5400,42550
2021-07-19,16093,7310,18250,19250,3045,21750,2516,4550,4065,18800,14450,9528,2350,19800,46650,1845,13200,3570,5275,42550
2021-07-20,15967,7200,18350,19300,3055,21000,2549,4550,4160,19050,14300,9503,2505,20550,46650,1890,13250,3520,5325,44900
2021-07-21,15632,7270,18150,19450,2930,19850,2493,4550,3925,19350,13900,9103,2440,25600,58000,1880,13250,3360,5250,43000
2021-07-22,15590,7240,18200,19600,2825,23550,2446,4550,4290,17700,13550,8528,2395,25250,58000,1980,13700,3325,5325,44500
2021-07-23,15423,7230,16150,20150,2775,22700,2422,4550,4470,18050,13350,9028,2395,28450,54200,2165,13800,3405,5150,45400
2021-07-26,14878,7240,15700,19900,2545,24800,2371,4550,4120,19350,13350,10203,2300,28750,52000,2255,13700,3370,5025,44000
2021-07-27,15004,7370,15750,21200,2530,25750,2333,4550,4295,18700,13250,10253,2375,21350,51300,2230,13750,3410,4830,44050
2021-07-28,16596,7260,15700,20300,2510,25050,2286,4900,4085,18100,12850,9978,2330,27750,52200,2205,13600,3335,5300,40000
2021-07-29,15087,7400,15900,20650,2420,24000,2240,4380,3995,17600,12950,9878,2320,27100,56300,2270,14200,3360,5350,36900
2021-07-30,14501,7290,15550,21100,2500,23300,2263,4200,4050,16300,12400,10478,2285,27550,56800,2240,13700,3295,5300,35800
2021-08-02,14123,7400,15450,21100,2505,23350,2404,4650,3850,16200,13100,9990,2285,26750,66300,2155,13750,3245,5100,36400
2021-08-03,14207,7410,15350,20100,2455,22050,2315,4665,3750,16650,12750,9728,2230,25450,67000,2210,13500,3080,5075,40000
2021-08-04,14291,7490,15450,20150,2520,22000,2324,4475,3660,17850,13150,9740,2275,26500,66700,2215,13900,3100,5325,41950
2021-08-05,14291,7550,15500,19700,2520,21600,2375,4950,3730,17850,13400,9828,2280,30700,71200,2200,14100,3100,5450,40400
2021-08-06,13956,7450,15200,18900,2495,21350,2352,4855,3660,17600,13250,9890,2270,31750,71900,2240,13900,3110,5475,41650
2021-08-09,13369,7330,14750,20400,2350,21900,2268,4575,3475,17400,12800,9690,2230,32250,68900,2115,13350,3175,5700,40050
2021-08-10,13495,7340,14600,20000,2390,21900,2230,4350,3415,16550,13550,9028,2265,33450,69300,2020,13500,3265,5800,38550
2021-08-11,13621,7350,14350,19750,2275,21150,2174,4275,3475,16550,13800,8853,2250,33350,72600,1955,14350,3445,5800,39000
2021-08-12,13453,7340,14300,19450,2275,20600,2249,4185,3565,17000,13550,8865,2235,31950,84300,1945,14550,3795,5800,38050
2021-08-13,13956,7150,14050,19400,2225,20050,2165,4105,3700,16650,13200,8903,2190,32150,88300,1975,14350,3525,5825,39050
2021-08-17,12908,6870,13450,18900,2095,17000,2146,4055,4035,15450,12650,8903,2105,31100,79900,1950,13750,3315,5725,39700
2021-08-18,13201,6930,14400,18900,2155,17500,2076,4015,4265,15800,12650,8928,2105,26500,79300,1930,13750,3505,5400,38900
2021-08-19,13746,6890,14300,17800,2030,16700,2047,3760,4150,16250,12200,8478,2050,24950,77000,1920,12700,3520,5250,39350
2021-08-20,13704,6540,13850,17800,2035,18000,1972,3835,4490,14800,15000,8127,2145,24350,75500,1895,12300,3410,5225,43000
2021-08-23,13411,6900,14150,19000,2040,19950,1972,3990,4355,14700,14200,8990,2115,27450,84300,1890,12000,3475,5425,44500
2021-08-24,14459,7160,14300,19000,2135,20350,1883,4040,4225,15250,14800,8628,2125,27950,80700,1970,13000,3480,5375,43250
2021-08-25,15758,7410,14200,18550,2150,22700,1926,3870,4100,15550,15300,7702,2150,27250,87100,2075,12950,3500,5925,42050
2021-08-26,15129,7190,14150,18600,2105,22700,1949,3740,4135,16200,15150,7852,2150,27100,85500,1985,13100,2830,5725,43500
2021-08-27,14333,7290,14150,18000,2110,22250,2005,3570,4610,16100,14900,7452,2150,26550,82300,1990,13200,2655,5650,44250
2021-08-30,13160,7320,14350,18000,2150,22450,1926,3375,4565,15750,14650,6815,2160,30700,72000,1995,12300,2450,5625,50300
2021-08-31,12782,7270,14100,18100,2130,21900,2019,3465,4810,16050,14350,6589,2160,29000,72000,1980,12150,2590,5425,49400
2021-09-01,12028,7420,14800,17900,2215,21500,1972,3480,4810,16300,14800,6589,2180,29100,72000,1940,12000,2600,5425,46850
2021-09-02,12112,7330,14900,17850,2350,21000,1935,3455,4850,15850,14950,6302,2160,29450,74000,1890,12050,2645,5300,44400
2021-09-03,12824,7370,14750,18000,2285,19400,2094,3430,4290,15900,14900,6252,2150,28800,73000,1900,11900,2645,5400,44850
2021-09-06,13076,7320,14950,17600,2330,21400,2029,3590,4475,16050,15150,6339,2120,30450,72500,1865,11900,2615,5300,43000
2021-09-07,13327,7240,14850,17150,2335,22250,2052,3495,4365,15850,15750,6114,2100,30900,66300,1890,11950,2570,5350,41950
2021-09-08,13369,7060,14500,17950,2265,21700,1987,3580,4430,15500,15500,6002,2045,29750,63800,1840,11450,2485,5110,39750
2021-09-09,12992,7140,14400,18700,2270,21850,1982,3590,4995,15750,15400,6039,2010,31000,62700,1810,11300,2490,5020,41200
2021-09-10,12950,7110,14500,19300,2255,21300,1949,3465,5250,15600,16350,6277,2010,30100,63800,1825,11350,2435,5140,41150
2021-09-13,14850,6910,14400,18550,2160,20900,1912,3430,4655,15550,15950,6539,1990,30600,61500,1800,11450,2335,5140,43200
2021-09-14,14500,6990,14400,19400,2175,20850,1921,3470,4425,15600,16300,7552,1995,29900,61400,1760,11500,2490,5060,44000
2021-09-15,13850,6990,14350,19300,2185,21000,1921,3475,4270,16300,16200,8515,2015,31400,64000,1695,11600,2495,5030,44850
2021-09-16,13800,7050,14250,19150,2280,20800,1907,3635,4130,16150,16350,7827,2005,31850,68100,1750,11250,2455,4970,43550
2021-09-17,14000,7150,14250,19300,2245,21000,1902,3565,4200,16300,15750,7702,1970,34400,74200,1785,11300,2555,4935,44450
2021-09-23,13700,6980,13900,19250,2235,21650,1921,3385,3800,16800,14100,7127,1930,35000,67800,1740,11150,2455,4865,46250
2021-09-24,13450,7030,14250,19500,2175,21750,1935,3280,4125,16650,13650,6940,1965,34050,64800,1675,11250,2520,4820,45850
2021-09-27,13250,7010,14450,19050,2180,22800,1965,3540,4430,17150,13850,7777,2070,31800,62500,1585,10900,2490,4765,44200
2021-09-28,13050,6890,13900,18200,2200,23850,1950,3330,4165,16850,13200,7077,1985,29600,61500,1450,10600,2350,5020,43350
2021-09-29,13400,6680,13850,18000,2115,24100,1890,2875,4140,16550,13850,7240,1960,30750,61100,1325,10500,2395,5010,42400
2021-09-30,13000,6720,13950,17600,2065,23650,1900,2805,4090,17050,13500,7665,1970,29250,61000,1280,10300,2425,4960,39700
2021-10-01,13050,6400,13550,17100,1970,23850,1920,3375,3900,18500,13250,7627,1995,28000,61700,1260,10000,2345,4845,39200
2021-10-05,13050,6090,12800,16850,1940,23100,1885,3850,3540,18400,12000,7015,1900,26500,57000,1130,10100,2300,4360,32450
2021-10-06,12650,5840,12500,16300,1810,21600,1985,3495,3295,18200,11000,6427,1805,23650,52400,1315,9940,2145,4095,29050
2021-10-07,12200,6060,12950,17250,1875,21500,2280,3815,3420,19600,11650,7015,1845,24450,61200,1420,9980,2310,4190,32350
2021-10-08,12500,6110,13250,16950,1880,20550,2190,3670,3645,19050,12150,7902,1835,27000,60000,1410,10050,2385,4190,31100
2021-10-12,12150,5990,12750,16800,1880,20250,1990,3815,3340,19000,11550,7902,1750,24950,55400,1415,9860,2275,4180,30100
2021-10-13,12100,5950,13100,17050,2020,20100,2080,3755,3590,19700,11400,7677,1750,22950,54800,1395,9810,2290,4160,23500
2021-10-14,12750,6080,13300,18250,2070,20700,2110,3915,3550,20050,11500,7890,1815,25650,60000,1345,10150,2395,4190,24500
2021-10-15,12600,6160,13450,19150,2190,20050,2150,3855,3580,22300,11550,7927,1865,26350,57500,1330,10500,2460,4235,25950
2021-10-18,12850,6080,13550,22100,2185,20900,2180,3750,3530,22750,11250,8140,1835,25500,58300,1250,10500,2410,4240,24500
2021-10-19,13550,6100,13600,24000,2205,20650,2025,3700,3555,23000,10950,8115,1840,26450,62800,1260,10500,2490,4245,24650
2021-10-20,13300,6050,13550,24600,2150,20450,2310,3565,3620,24150,10700,7677,1810,24500,64600,1225,10500,2505,4420,24800
2021-10-21,13400,5960,13500,24500,2215,20100,2190,3540,3500,24200,11200,8327,1855,23500,63800,1240,10400,2540,5000,22800
2021-10-22,12750,6000,13500,28200,2190,19550,2105,3660,3410,25900,10750,8152,1790,23200,57200,1270,10400,2560,5050,23450
2021-10-25,12750,6000,13750,27450,2350,19900,2035,3485,3525,24100,12550,7877,1830,22000,57600,1250,10550,2620,4850,23050
2021-10-26,12250,6070,14100,27900,2370,19600,2140,3380,3555,24900,12450,8403,1860,21250,58100,1240,10550,2600,4855,24400
2021-10-27,11400,6030,14250,28900,2320,19050,2175,3280,3440,27200,12450,8390,1850,19000,59200,1230,10600,2755,4780,23850
2021-10-28,11100,5950,13850,27500,2215,19200,2825,3250,3345,26900,11750,10900,1825,18950,59000,1210,10400,2695,4805,24950
2021-10-29,9890,5840,13800,27900,2195,18850,3310,3240,3280,27250,11750,14150,1790,18500,59800,1190,10400,2790,4775,23300
2021-11-01,10000,5820,14100,33850,2150,19100,2850,3340,3630,28950,11950,16650,1800,19100,62000,1190,10200,2795,4670,24250
2021-11-02,11150,5930,14250,34200,2245,19300,2935,3475,3850,28900,12050,19250,1815,19200,66200,1180,9980,2745,4705,24900
2021-11-03,11200,5210,14250,31150,2175,18900,2840,3515,3890,28900,11850,22250,1785,18450,69000,1150,9950,2790,4590,25200
2021-11-04,10900,5210,13950,30300,2155,19000,2760,3360,3780,31900,12200,28900,1775,18750,69000,1120,9840,2705,4460,24000
2021-11-05,11050,5220,13950,31000,2265,18600,2635,3365,3880,32150,12000,28900,1720,18950,67500,1120,9740,2605,4440,23800
2021-11-08,10500,5280,13600,34800,2245,19750,2645,3330,4145,33950,11550,37550,1670,16450,66000,1105,9750,2645,4330,19300
2021-11-09,10800,5190,13900,35850,2280,22850,2825,3235,4040,38750,11050,37550,1630,15600,61800,1130,9690,2580,4350,19700
2021-11-10,10900,5050,13900,31500,2185,24550,2665,3230,3780,39200,10800,48800,1610,15950,58600,1065,9420,2505,4245,19950
2021-11-11,10800,4945,13900,31450,2105,24600,2670,3205,3825,41400,10100,63400,1540,15850,58500,1005,9350,2565,4245,17050
2021-11-12,11000,5130,13900,30900,2120,24350,2670,3100,3895,41000,10300,49950,1580,16000,57400,1025,9510,2595,4270,18500
2021-11-15,10600,5240,14500,31100,2055,23550,2460,3040,3770,41550,10650,38600,1635,17250,61100,1035,9700,2430,4410,20150
2021-11-16,10800,5400,13950,33600,2030,23500,2335,3020,3500,46200,10400,41650,1625,18850,58200,1020,9590,2500,4430,20150
2021-11-17,10750,5280,13300,37600,1925,23900,2170,3000,3350,49450,10050,37300,1695,19050,57500,1020,9430,2530,4335,18650
2021-11-18,10950,5140,13250,37150,1930,24350,2595,3590,3570,50100,9600,33550,1635,18100,56700,1095,9270,2540,5150,18650
2021-11-19,10950,5050,13150,35400,1865,24400,1945,4500,3380,47250,9900,34800,1690,19450,58800,1055,9370,2535,5200,18650
2021-11-22,10650,5090,13750,31400,1875,22000,1830,4640,3530,40600,9570,32200,1645,18600,57000,1020,9670,2420,5050,18600
2021-11-23,10950,5020,13500,31450,1850,20400,1860,4815,3600,42700,9600,33450,1610,18500,56600,1005,9430,2375,5120,18300
2021-11-24,10750,5000,13400,32950,1855,22300,1780,4605,3580,41000,9670,30950,1590,18200,56000,1000,9330,2380,4985,18300
2021-11-25,11200,4945,13250,35550,1835,23300,1645,4800,3435,43000,9580,28750,1555,18550,55900,1000,9140,2320,5010,18900
2021-11-26,11000,4920,13050,34350,1820,23300,1535,4315,3320,42300,9710,27200,1535,17350,55900,988,9060,2340,4895,18450
2021-11-29,10900,4845,12700,33250,1705,22700,1460,3935,3070,46750,11150,22950,1675,18300,54900,916,8740,2300,4935,19900
2021-11-30,10500,4720,13350,34200,1590,22500,1355,3750,2845,49200,10300,16100,1580,19450,54000,900,8260,2280,4785,17900
2021-12-01,10350,4795,12800,32400,1670,22850,1395,4055,2955,49250,9980,14650,1555,19750,54600,879,8500,2455,4860,18300
2021-12-02,10850,4940,13000,29700,1700,21700,1435,4410,3100,45500,9800,19000,1580,19900,54700,888,8790,2390,4895,20300
2021-12-03,11400,5040,13550,30950,1705,22150,1515,4440,3090,45900,9950,19650,1625,21450,56200,923,8910,2425,4935,19700
2021-12-06,11600,5030,13350,29250,1715,21150,1450,4700,2995,42950,9620,20000,1605,20500,56200,980,9000,2380,4790,18450
2021-12-07,11450,5100,13450,28750,1715,20850,1405,4505,3010,41750,9630,18400,1610,20450,58300,969,9110,2355,4765,18300
2021-12-08,11750,5090,13400,28950,1695,20250,1400,4150,2975,40850,9640,19350,1640,20150,58100,1120,9060,2345,4770,18250
2021-12-09,11600,5180,13300,29750,1730,20400,1405,4105,3110,40900,9890,19500,1660,21300,59000,1080,9260,2345,4815,18900
2021-12-10,11400,5190,13250,31400,1705,20150,1405,4460,3005,39700,9920,19600,1670,21100,56500,1120,9070,2335,4835,18500
2021-12-13,11950,5110,13350,30200,1705,20100,1420,4300,2975,38400,9640,19000,1675,19550,54300,1075,9040,2320,4750,17800
2021-12-14,11900,5170,13050,29800,1685,20750,1385,4040,2870,38650,9610,20500,1655,18900,52100,1055,8900,2315,4555,23100
2021-12-15,11650,5200,13000,28900,1680,19800,1380,4000,2935,37300,9660,20600,1660,18400,50200,1025,8800,2295,4555,22450
2021-12-16,11500,5040,13050,28550,1695,20000,1350,3940,2895,37300,9620,20100,1650,17550,47250,1035,9000,2340,4550,22800
2021-12-17,11650,5020,12900,28350,1680,20000,1345,3970,2855,37200,9730,20400,1650,17100,49850,1060,8950,2515,4550,21700
2021-12-20,11450,4930,12700,28800,1645,19600,1325,3690,2730,36500,8860,26500,1585,22150,49850,1050,8730,2330,4485,21400
2021-12-21,11550,4850,12650,30600,1625,19000,1320,3575,2745,38250,8270,27300,1580,22400,49150,1060,8590,2270,4405,20000
2021-12-22,10750,4840,12800,31950,1645,18800,1305,3450,2750,38250,8390,27000,1590,22700,47500,1050,8580,2220,4380,20000
2021-12-23,10550,4865,13150,31250,1615,18200,1325,3275,2850,39200,8290,26550,1580,20750,47000,1015,8590,2170,4350,18900
2021-12-24,10350,4850,13650,31550,1630,17400,1320,3305,2870,45000,8260,24700,1570,21250,47150,1025,8670,2220,4420,18200
2021-12-27,10800,4910,13650,32300,1615,16300,1300,3020,2800,39850,8480,24100,1565,18950,47300,993,8870,2160,4525,18050
2021-12-28,10450,4850,13750,34700,1635,16450,1310,3240,2700,39650,8430,24750,1515,17150,47050,959,8740,2170,4420,17100
2021-12-29,11400,4950,13500,35350,1670,16950,1345,3550,2855,39600,8580,25100,1550,20750,51800,963,8850,2215,4505,18950
2021-12-30,11750,4925,14050,34200,1655,15750,1370,3305,3110,39800,8790,25300,1545,21800,50200,980,8900,2280,4630,19100
