date,25900,6400,35900,2790,35420,3090,20150,1440,81660,213420,8930,86900,41510,66970,34020,68760,207940,206650,11000,7390
2019-01-02,19550,210500,29050,67744,118000,17400,39400,961,51100,13400,73803,495220,51100,32265,7229,55269,374000,5531,2308,10599
2019-01-03,19350,203000,28300,68841,122000,16950,37900,952,49750,13500,71536,468718,50400,32079,7322,54088,376500,5367,2264,10408
2019-01-04,19300,201000,30250,66646,125500,17350,37450,966,49050,12900,73898,487066,52200,31476,7391,56266,381000,5704,2316,10169
2019-01-07,19700,217000,31350,67145,131500,17550,39650,995,48100,13450,73615,483243,53600,33006,7498,56357,388000,5723,2331,9978
2019-01-08,19750,218500,31500,65249,130000,17650,38750,1014,48100,13250,73426,473475,52200,32357,7589,55176,386000,5743,2409,9930
2019-01-09,19950,226500,31550,66347,133000,18100,39900,1042,47000,13550,73426,483753,51200,33562,7689,55449,387000,5733,2450,10026
2019-01-10,19600,227000,31500,65848,131000,18000,40050,1028,47100,13650,73520,485367,51100,33702,7689,55449,388000,5685,2404,10026
2019-01-11,20000,231000,30900,66347,131000,17900,39700,1018,48450,14500,71630,480610,49950,34258,7804,55812,395500,5666,2414,10073
2019-01-14,19800,232000,30900,68741,127000,17550,39000,1023,46800,14900,70874,477298,50100,33378,8033,54632,403000,5666,2396,9978
2019-01-15,19650,236500,32950,68043,132500,17550,40300,1033,47700,15050,70117,496326,50800,34073,8071,53725,404000,5617,2412,10169
2019-01-16,19500,240000,33150,66846,132500,18000,40300,1056,48500,14800,68983,508897,49500,33794,7957,52909,399000,5685,2414,10217
2019-01-17,19550,232000,31800,65249,136000,17800,37950,1056,47250,14400,69645,501251,47200,31152,8224,51729,386000,5637,2436,11744
2019-01-18,19550,232500,31650,63753,137500,18300,37800,1061,48200,14800,71441,504904,47550,31106,8262,54270,400000,5772,2447,11028
2019-01-21,19700,236500,28800,64252,131000,17750,37550,1066,49000,14650,70495,474920,46300,29901,8416,53271,397000,5704,2452,11363
2019-01-22,19350,229000,29300,64352,130000,17800,38150,1061,49350,14300,70307,465745,47100,29807,8416,53815,404000,5781,2476,11219
2019-01-23,19050,230500,27600,64651,132500,17500,38350,1056,48700,14550,69645,438479,44400,29669,8530,53635,399000,5781,2525,11172
2019-01-24,19200,225500,27850,65649,129500,17800,38500,1071,47950,14900,69173,442556,44350,29715,8416,55176,401500,5974,2557,11792
2019-01-25,19150,232500,28000,66347,130000,17700,41350,1066,46500,15050,70213,447652,45500,32728,8492,55540,403000,5993,2728,11792
2019-01-28,19000,232000,27650,65549,132000,17750,41750,1052,47400,15900,69835,444935,45450,32265,8607,56175,402000,5878,3093,13559
2019-01-29,18900,229000,27650,65549,136000,18000,41250,1037,47100,16200,68606,445953,45000,31476,8644,55812,392000,5588,2964,13033
2019-01-30,19150,228000,27700,65748,136000,17750,40500,1056,47450,17350,68323,441537,46500,31940,8644,56538,388000,5608,2830,13129
2019-01-31,19150,223500,28700,68342,136000,18300,40550,1066,47600,17100,69268,440007,48050,31662,8684,57083,399000,5694,2824,13033
2019-02-01,18950,227000,28250,67943,133500,18850,41200,1123,47100,17050,69456,445868,47050,32171,8530,56538,388500,6138,2766,13893
2019-02-07,19000,240000,28800,65748,129000,20000,43350,1128,48900,18800,69550,456061,47000,33748,8874,56630,378500,6359,2760,13988
2019-02-08,18900,238500,28550,62655,126000,19950,42950,1113,45000,19150,70401,452153,46450,33284,8644,56447,378500,6407,2734,13941
2019-02-11,19100,236500,29200,63753,125500,20100,42600,1090,44250,18550,73048,455381,47750,33378,8492,56992,378500,6485,2696,14036
2019-02-12,19300,236500,29600,62755,123500,20100,42950,1090,44300,18300,71913,450201,46450,32728,8377,56630,377000,6407,2664,13750
2019-02-13,19400,238500,29500,62855,125000,20050,42800,1137,45850,18350,73048,454448,46750,33146,7995,56810,379500,6340,2734,13941
2019-02-14,19450,240500,29200,63653,127500,20050,43800,1137,48550,18700,74181,460394,46400,33562,7206,56810,382000,6321,2680,13750
2019-02-15,19300,236000,29850,64651,127500,20000,42700,1118,47500,18350,72763,448756,47350,32219,7215,56447,380000,6070,2657,13320
2019-02-18,19450,245000,29900,66247,127000,19650,43750,1142,48950,18800,73048,458610,46800,32774,6947,57174,379000,6167,2691,13463
2019-02-19,19650,247500,29400,66147,126500,20000,44500,1118,49750,18700,74843,450031,46550,34351,7061,57536,384500,6109,2666,13559
2019-02-20,20150,248000,29600,73231,127000,19800,43450,1123,49000,18900,75882,454448,48100,34351,6993,56810,388000,6205,2637,13511
2019-02-21,20000,243500,30150,73331,129000,19600,43800,1113,52000,17850,76543,467445,49900,33702,7008,55359,381000,6070,2653,13415
2019-02-22,19900,241000,29800,75027,127000,19500,42050,1113,52400,18000,75693,451900,48150,32079,6389,54996,376500,5955,2637,12986
2019-02-25,19950,245500,29800,75825,126000,19850,42550,1128,52300,20050,75504,444170,48150,33006,6342,54451,370000,5983,2635,13559
2019-02-26,19800,240500,29400,74528,131500,20000,41550,1133,54900,19800,75693,445953,47250,32357,6396,54905,369000,6195,2648,13368
2019-02-27,19900,239000,29000,74528,129500,20000,41750,1128,56600,19750,76543,454024,47100,32311,6457,55086,372000,6205,2632,13415
2019-02-28,19600,237500,28500,73131,133000,20000,40750,1080,55600,18900,76828,463792,46500,31569,6335,54996,376000,6263,2543,13081
2019-03-04,19900,238500,28650,71934,138000,19750,40950,1080,57600,19050,78056,480865,48000,31569,6350,57627,376500,6600,2637,13845
2019-03-05,19950,230500,28700,72932,135500,19700,39350,1085,57800,18850,78340,489020,46850,31060,6204,57991,382000,6591,2724,14179
2019-03-06,19650,232500,30000,71535,137500,20000,39500,1080,60300,19250,78623,476957,46950,31244,6173,56538,378000,6841,2728,13893
2019-03-07,19200,224500,29350,72034,138500,19400,38400,1075,63000,19450,78717,472965,44900,31384,6136,55269,375000,6600,2669,13463
2019-03-08,19100,220500,30100,72233,133000,19350,39200,1066,62000,18500,77111,466935,45300,31152,6021,55994,373500,6571,2680,13750
2019-03-11,18600,217500,31200,69839,133500,19300,39300,1080,62400,18400,75788,468463,40550,31106,5967,55359,367500,6436,2627,13702
2019-03-12,19300,215500,29950,68143,130500,20050,39450,1090,64500,19700,75788,496495,39050,30828,6036,57809,370000,6639,2635,13893
2019-03-13,19050,218000,30000,69540,130500,20500,39450,1094,66500,19500,76261,496495,39900,31060,5967,57627,367000,6639,2643,13511
2019-03-14,19100,212000,29050,70138,131000,20600,40250,1109,64800,18750,75788,481970,39200,30966,6083,55903,356000,6456,2707,13893
2019-03-15,19150,211500,28150,73630,130500,20600,40100,1085,65400,19000,76922,483753,37900,31198,6204,54905,341000,6475,2657,13320
2019-03-18,19300,209500,28550,74628,132000,20350,39700,1085,67200,18500,75316,490973,39500,30596,6150,54724,339500,6658,2666,13415
2019-03-19,19150,210000,28900,73730,130500,20200,39500,1071,65400,17950,74087,470502,39200,30364,6159,54541,350000,6591,2671,13177
2019-03-20,18900,208000,29300,73032,128500,20500,39150,1071,70200,18050,74560,458524,38950,29622,6150,54632,351500,6725,2669,13415
2019-03-21,18650,218000,29200,71435,128000,20150,41550,1056,71000,18150,73142,459800,38200,31523,6060,54360,348500,6745,2592,13511
2019-03-22,18950,214500,29450,71036,127000,20150,40800,1061,73200,17950,73048,463877,38750,31152,6021,54088,338500,6716,2595,13224
2019-03-25,18550,209000,29400,69141,126000,20200,38900,1033,71400,18000,72386,456572,38050,29669,6074,52726,336000,6504,2492,12652
2019-03-26,18450,209500,29950,70537,126500,20450,39000,1033,73800,17450,73709,478741,39150,29715,6304,52091,336000,6552,2466,12652
2019-03-27,18400,210000,29750,69639,123000,20050,38900,1014,74700,17000,72197,468124,38400,29020,6038,49914,324500,6552,2439,12126
2019-03-28,18250,211500,29800,68342,122000,20000,36950,1004,74500,16950,71347,463027,38650,26934,5869,49641,320000,6552,2364,12031
2019-03-29,18400,214500,30800,69440,124000,19850,37100,1009,78000,17700,73142,495900,39400,26562,5931,50276,319500,6465,2385,11983
2019-04-01,18700,216500,30600,71136,124000,19800,37400,1042,78400,18050,73236,507029,39350,27026,6286,50730,327500,6465,2420,12270
2019-04-02,18600,217500,32300,69939,124500,20650,37350,1042,75800,17800,72386,522488,40100,26934,6312,52091,349000,6571,2417,12317
2019-04-03,18850,219500,32500,70637,122000,20450,38200,1056,72400,18200,74087,522403,40850,27212,6411,52454,351000,6533,2458,12556
2019-04-04,19050,220000,32450,71236,122500,20000,37950,1056,73800,18100,73048,530727,40600,27165,6411,52181,345500,6533,2479,12461
2019-04-05,18950,218000,32500,70837,123000,19650,37500,1061,73600,18350,71819,510085,40500,26887,6534,51910,344000,6456,2527,12270
2019-04-08,18950,218500,32050,70737,121500,19800,38050,1071,75500,18050,71536,508642,40850,27999,6473,52454,345500,6571,2519,12317
2019-04-09,18850,220000,31950,71834,121500,19900,38400,1080,75000,19350,70968,507113,40100,28463,6473,53090,356500,6542,2527,12270
2019-04-10,18950,220500,31400,71335,122000,20150,37950,1094,77100,19000,72386,517391,40300,27907,6384,52454,363500,7024,2557,12365
2019-04-11,19100,226500,31550,71036,121500,20350,38400,1099,78300,19000,72008,534294,41000,28463,6508,52909,365000,7188,2627,12556
2019-04-12,19400,229000,31500,76424,119500,20300,39100,1104,80200,18900,72481,529028,41150,28926,6517,52999,365500,7149,2627,12413
2019-04-15,19200,228000,31350,81712,119500,20650,38950,1099,80200,18600,71441,523167,41400,28834,6561,52364,367500,7149,2610,12365
2019-04-16,19050,228000,31500,79217,119500,20750,38750,1094,82000,18350,70968,528094,41850,29529,6561,52909,366500,7014,2554,12652
2019-04-17,19050,230500,31250,81512,119500,20800,38600,1099,77800,18300,71252,518325,41900,29437,6366,52545,369000,6880,2627,12365
2019-04-18,19100,227500,30550,78918,118000,20350,38550,971,75000,17000,70023,507792,41200,28648,6109,51003,360000,6841,2677,11935
2019-04-19,18500,229500,30900,81213,118000,20600,39150,999,76300,17000,70213,532086,41000,29020,6153,53635,370500,6841,2627,11888
2019-04-22,18200,233000,31550,80614,118000,21350,38950,956,76600,16400,70591,521722,41450,29158,6189,54632,376000,6812,2613,11553
2019-04-23,18250,230000,30850,81512,120500,21300,39000,952,79100,16900,69645,521638,41300,29205,6259,54632,370500,6880,2575,11744
2019-04-24,18150,228500,30550,80614,121000,21300,38050,952,80200,16800,68983,490209,41000,28139,6117,54088,362000,6899,2635,11697
2019-04-25,17950,230000,29800,79018,120500,20750,37350,943,79700,16300,68700,489190,40400,28139,6091,53180,338500,6764,2597,11744
2019-04-26,17800,229000,29350,80415,118000,20850,36950,939,79500,15700,68417,485707,40100,27490,6233,53090,345500,6571,2512,11888
2019-04-29,17850,234000,29300,80315,120000,21600,37600,949,80900,17000,70117,490209,40350,27675,6136,54270,347500,6735,2530,11888
2019-04-30,18250,236500,29800,75027,119500,21650,37300,941,82400,17150,71063,474920,41350,27767,6198,53907,340000,6754,2557,12174
2019-05-02,18400,238000,29800,76623,122000,21350,38000,949,80500,17350,71724,471522,41500,28648,6596,53815,337000,6976,2608,12413
2019-05-03,18300,239000,29750,79217,124000,21650,38400,944,81000,18000,71347,468463,42400,28648,6215,52999,334000,7178,2664,12413
2019-05-07,17850,239000,29100,77022,124000,21350,37450,931,81300,17550,70023,465406,41550,27721,5976,53362,323000,7294,2624,12365
2019-05-08,17800,239000,28900,76224,123500,21150,36250,952,79000,15800,69362,457675,40600,27072,6020,52636,298000,8151,2546,11744
2019-05-09,17600,222000,27200,72333,119000,21000,33400,931,76500,15100,66243,438308,38200,25265,5834,51365,299500,7612,2417,11076
2019-05-10,17500,221500,27550,73231,122500,20050,33250,940,78200,15500,66338,438394,38950,25357,5746,49914,298000,7564,2444,11172
2019-05-13,17400,219000,27250,69739,122500,18300,32500,922,77900,15250,65109,442387,39050,23179,5444,47645,285000,7602,2356,11219
2019-05-14,17150,213500,27750,69041,122000,18900,33100,896,76900,15200,65771,442810,40900,22854,5550,47463,306500,7862,2369,11267
2019-05-15,17450,221000,28900,70837,120000,18950,34350,890,77800,15250,67473,438308,41400,25033,5683,49369,310000,7862,2396,11410
2019-05-16,17250,216000,28650,70637,119000,18200,33350,851,81000,14400,66433,446803,41500,23967,5594,49096,299500,8045,2653,10981
2019-05-17,17350,215000,27650,69639,121000,17800,32300,843,85300,14450,66055,415459,40850,23689,5613,48915,303500,7805,2508,10933
2019-05-20,16900,208000,27600,69041,118500,17550,31250,838,85800,14350,64637,399575,41000,22483,5471,47373,293500,7371,2407,10408
2019-05-21,16900,210000,26850,67644,114500,17800,31800,848,83100,14300,64259,392864,40050,22390,5399,45648,294000,7159,2431,10408
2019-05-22,16700,213000,26250,67943,113000,17750,32050,851,85300,14150,64070,378423,39350,22669,5346,46464,304000,7535,2452,10408
2019-05-23,16350,215000,25500,66746,113000,17750,31950,837,83600,13850,64070,381652,38800,22622,5329,45466,299000,7419,2479,9883
2019-05-24,16000,215500,25350,64152,113500,17350,32050,798,83600,13400,65109,374347,38200,22576,5329,45375,295000,7226,2431,9930
2019-05-27,16000,216000,25500,65249,110500,17250,32900,790,82000,13800,65299,371542,37600,22808,5426,44378,291000,7072,2412,9739
2019-05-28,15900,208500,25700,65050,108500,18150,32950,796,80700,14550,65299,375025,37650,23179,5533,46374,294000,7255,2425,10981
2019-05-29,15800,203500,25050,64551,109500,17300,32100,771,80300,14750,64826,365257,37650,22947,5302,45331,289500,7198,2321,10217
2019-05-30,18050,213500,25900,63254,112000,17300,34850,763,77700,14650,64637,373752,42250,23411,5550,45331,283500,7361,2310,10264
2019-05-31,18300,218500,25500,64651,111500,18050,34750,755,78000,14400,65109,380717,42800,24106,5541,46374,300000,7544,2484,10121
2019-06-03,17900,225000,25550,64651,115000,18000,36600,741,75400,14500,64920,410532,43250,24616,5506,46737,300500,7516,2425,10217
2019-06-04,18400,228500,26000,63055,111000,17900,36950,743,74200,15250,64448,400594,43600,25960,5674,46737,314500,7477,2651,10312
2019-06-05,18300,225000,26200,63154,110500,17450,36500,739,74700,15550,63881,369505,45350,25172,5586,46828,312000,7496,2543,10264
2019-06-07,18500,230000,26300,63853,111000,18100,36950,740,78500,15550,63787,367890,47800,25589,5594,46737,305500,7506,2562,10694
2019-06-10,18350,235000,26300,63354,114000,18100,36600,737,78700,15650,64543,372477,47950,24755,5604,46919,305500,7458,2570,10646
2019-06-11,18600,237000,26750,63952,113000,18000,36200,742,80400,15750,65488,374261,46800,24430,5772,47735,307000,7332,2605,10694
2019-06-12,17850,234000,26400,63454,114000,18050,35450,734,80900,15700,66433,365852,45750,24060,5834,47825,308000,7082,2643,10646
2019-06-13,17200,238500,26000,64252,113000,18250,36650,735,81000,16150,67944,361010,46750,24616,5888,47554,316500,7024,2610,10551
2019-06-14,16750,236500,25450,61458,111500,17800,35800,724,84600,15850,66621,361859,45800,24106,5878,46737,313000,6841,2560,10551
2019-06-17,17050,236000,25550,63154,110500,17000,35600,710,84200,15700,65299,356762,45500,23874,5852,46919,309000,6745,2525,10646
2019-06-18,17150,233500,25450,63653,109000,17000,36050,726,82100,15650,65015,354894,44900,23503,5808,46646,314000,6610,2525,8183
2019-06-19,17450,234500,25650,63553,110000,16950,35950,714,82600,16250,66621,356933,44200,23874,5941,46919,315000,6706,2536,8001
2019-06-20,17500,237500,25650,63354,111500,17400,36600,723,81500,17400,67282,369334,44950,24848,5976,47191,317000,6947,2597,8059
2019-06-21,17400,233000,25150,62356,113000,16900,36400,721,81600,16650,65865,374601,44600,24848,6020,46737,317000,6976,2557,8336
2019-06-24,17900,229500,23900,62755,113500,17250,35800,713,79700,17450,65109,368571,43100,24801,5825,46102,321500,6841,2476,8040
2019-06-25,17850,229000,24150,63254,114500,17100,37150,693,80000,16850,65015,366872,41850,25357,5763,46011,313000,7024,2428,7782
2019-06-26,17500,229000,23950,61358,115500,17100,36350,682,77200,17050,66433,376639,41250,24523,5763,45648,313500,7053,2431,7782
2019-06-27,17550,237500,24200,61758,115000,16900,36850,674,76000,16750,65961,381481,41300,24940,5852,44650,315000,7005,2428,8374
2019-06-28,17400,236500,23900,62157,114000,17050,37350,675,76700,16700,64448,382246,41600,25357,5497,43605,320000,7178,2385,8135
2019-07-01,17700,238000,23050,62755,114500,16850,39050,678,76900,17000,65961,386239,40250,26053,5586,44740,321000,6899,2385,8240
2019-07-02,17600,234500,23150,62157,115000,17350,39150,680,78300,17300,64070,383775,40500,25265,5577,43742,324000,6841,2387,8297
2019-07-03,17450,233000,22550,61758,117500,16850,40150,677,76400,17400,63975,382076,40000,26609,5515,43515,318000,6918,2373,8632
2019-07-04,17550,239000,23150,62655,118000,16500,40400,658,76600,17950,46257,370014,39650,27212,5471,42517,313500,6995,2378,8431
2019-07-05,17800,238500,24000,66447,121000,16850,39150,665,75100,17200,47249,380208,39800,26794,5533,43561,314000,7014,2382,8699
2019-07-08,17300,234000,22600,63154,118500,16350,38500,657,73600,15950,46210,360755,38500,24755,5471,42380,316500,6745,2300,8718
2019-07-09,17500,227500,21900,62755,115500,16100,37750,641,71300,15400,45784,361010,37800,24198,5329,38524,303500,6513,2296,8660
2019-07-10,18400,231500,23050,62655,115500,16200,37900,652,72400,15900,45218,359566,38450,25125,5302,38433,299500,6639,2294,8670
2019-07-11,17900,231000,22950,63154,117000,16600,38900,651,71500,16250,46540,352515,38350,26840,5479,39295,301500,6533,2326,8880
2019-07-12,18000,238000,22500,62256,117000,16450,40400,661,72500,16250,46304,352261,38200,28880,5515,38978,301500,6831,2329,9090
2019-07-15,18950,239000,22000,62256,118000,16450,41000,660,69600,17100,45879,340454,38250,29390,5408,37708,296500,6658,2382,8947
2019-07-16,18650,241000,21600,63354,120000,16400,40150,684,69600,17100,45784,356848,37550,30642,5479,37708,295500,6918,2382,8956
2019-07-17,19150,241000,20700,57867,119000,16400,40300,675,68400,16400,45029,357952,36400,30410,5382,36890,287000,6928,2359,9090
2019-07-18,19200,242000,20750,57966,120500,16150,40400,668,69900,17800,45218,350477,35900,30271,5373,36119,286000,6928,2447,8790
2019-07-19,19850,242000,21200,58665,122500,16650,40500,667,69700,17800,45501,355913,36750,31523,5550,36936,287500,6937,2423,8790
2019-07-22,19650,241500,20800,58864,121000,16700,40200,662,70200,17700,45643,353364,35400,29993,5550,37072,290000,6889,2353,8790
2019-07-23,20200,242500,20650,59762,122500,16550,39650,655,69000,18200,46304,349628,35500,29390,5577,36663,289000,6841,2343,8870
2019-07-24,20050,239000,20600,59862,123500,16150,39850,646,67800,18350,45690,352430,35950,29298,5630,36300,281000,6754,2294,8850
2019-07-25,19650,233000,20650,59962,134000,16150,38150,630,67600,17450,45643,354214,35150,28463,5418,36119,270500,6610,2316,8650
2019-07-26,19300,232000,21400,58266,141000,15750,37950,616,66600,17650,44461,355489,35650,27999,5674,36437,275500,6427,2248,8310
2019-07-29,17900,229000,19850,58166,138500,15600,36650,572,64600,17100,43565,353875,33800,26099,5444,34849,273000,6263,2123,7990
2019-07-30,17900,237000,19900,58166,138500,15750,36600,585,67000,17650,43469,353960,34750,26562,5346,33260,276500,6321,2144,8310
2019-07-31,18450,249000,20350,57368,138000,15550,37600,584,67500,17150,44367,354979,35400,26470,5399,32579,280000,6359,2133,8740
2019-08-01,18000,248500,21000,55372,140500,16000,36650,576,67200,17200,43989,354299,32550,25450,5320,31899,278000,6379,2123,8740
2019-08-02,18100,251500,20200,56270,142000,15850,36700,572,65100,17850,42477,333234,32400,25913,5151,31309,278500,6215,2088,8550
2019-08-05,17550,243000,17750,53876,138000,14800,35600,530,63700,17050,39311,269696,29650,23549,4611,27588,258500,5444,1924,7850
2019-08-06,16900,236000,17650,51481,138500,14500,34300,522,62500,16600,39689,278954,29500,22947,4611,27089,253000,5242,1855,6900
2019-08-07,17250,235500,17850,52180,137500,14500,35650,524,62400,16800,39076,289148,29800,23549,4664,27907,249500,5463,1913,7020
2019-08-08,17100,236000,18900,54175,140000,15300,37800,544,63600,16800,39028,297981,30850,24476,4700,29132,249500,5588,1946,7380
2019-08-09,17150,247500,18600,54973,142500,15200,37950,554,64300,15750,40634,288893,30650,23874,4708,28995,269500,5878,1984,7310
2019-08-12,17450,249500,18700,53377,140500,15800,39100,555,64900,16100,41297,289318,30050,24198,4797,28451,289000,6176,2002,7430
2019-08-13,17200,245500,18250,55472,142500,15850,38250,550,65100,17750,39737,302485,29950,24292,4814,28043,285500,6224,2000,7140
2019-08-14,18000,255500,18800,54275,139000,15950,39700,551,60100,17750,38838,304267,29800,24523,4948,28224,290000,6321,2045,7010
2019-08-16,18950,252500,18150,54375,139500,15650,41050,539,59100,18450,38461,286430,28250,23549,4921,27952,287500,6176,1968,7230
2019-08-19,18250,253000,17650,54873,139000,15800,40500,546,54400,18400,38556,295604,28750,23411,5178,27997,283500,6089,1994,7160
2019-08-20,18750,254000,18350,54674,145500,15950,40900,551,55200,18350,38885,303249,29000,26145,5178,28723,283500,6215,2112,7500
2019-08-21,19700,249500,19350,54674,147500,15950,40050,565,52900,19400,40162,321086,30350,25960,5240,29313,283500,6089,2088,8090
2019-08-22,19200,241500,19350,55672,148000,16050,41100,577,54500,18850,39547,311488,29800,26840,5213,28813,281500,6070,2139,7790
2019-08-23,19350,246500,18350,55073,148500,15700,42600,568,55000,18600,39453,314886,29000,28324,5223,28360,283500,6147,2085,7640
2019-08-26,18450,242500,16950,51980,143500,15250,42200,544,52300,17900,38036,300275,27050,25728,5089,26318,271500,5839,2034,6930
2019-08-27,18700,244500,17650,52279,146500,15250,42850,541,57500,18100,37893,302314,27950,25450,5125,27362,276000,5781,2016,6680
2019-08-28,19150,248500,19050,52579,146500,15500,43350,557,57300,18650,38319,316839,29100,26516,5187,29494,286500,6109,2107,6900
2019-08-29,19350,247500,18900,54375,145000,15750,43650,553,57900,19600,38178,311063,29100,27212,5169,29903,272500,6109,2067,6050
2019-08-30,19950,249500,19150,58864,146500,16500,42650,562,57200,20350,38650,299002,29800,27165,5302,30038,269000,6128,2123,6260
2019-09-02,20250,246000,19450,58764,150000,17050,42450,564,57000,20200,39217,311997,29900,26377,5338,30221,267000,6330,2144,6340
2019-09-03,19900,246500,19250,61458,150500,17150,41800,566,58000,20500,38838,305117,30300,26053,5346,30311,272000,6215,2176,6560
2019-09-04,19950,246000,19150,61658,151000,17450,42150,562,58100,20800,39076,308685,30500,25913,5418,30629,278000,6301,2173,6830
2019-09-05,20550,244000,19350,61857,147000,17450,41750,557,57700,21500,38509,306221,30750,25960,5311,30266,279500,6311,2192,7150
2019-09-06,20250,244000,19000,61159,149500,17250,41950,551,56400,22250,38178,301974,30400,25775,5311,30583,277500,6147,2147,7120
2019-09-09,19650,241000,19950,63254,153000,16600,40050,543,55600,21100,37893,302908,31050,24662,5329,30266,280000,6167,2152,7150
2019-09-10,20000,232500,21100,62855,150500,16750,39700,552,56700,21600,37893,297217,31750,24570,5497,30084,283500,6051,2190,7090
2019-09-11,20100,233500,21850,65249,153500,16600,40050,566,56800,20400,38744,310469,31650,24430,5594,30629,293000,6263,2220,7140
2019-09-16,20250,233500,22000,65549,154500,16950,41700,568,59900,19950,39547,310129,31950,25403,5931,31899,293500,6253,2227,7280
2019-09-17,19950,234500,21850,63354,155000,16800,41000,570,59300,20300,42524,314291,31700,24755,6215,33896,315000,6417,2407,7350
2019-09-18,20500,234500,22700,63454,159000,16800,41150,562,60700,21350,42194,309619,32200,24152,6003,34077,316000,6417,2420,7110
2019-09-19,21100,236500,22950,64252,157500,16850,40750,565,60000,21050,40965,304948,31900,24338,6251,33668,329000,6417,2335,7300
2019-09-20,21300,237000,22700,65649,157000,16850,40500,554,62800,22050,40540,302823,32450,24106,6153,34485,338500,6379,2369,7000
2019-09-23,20450,237000,22900,65748,157000,16450,39950,555,62100,21650,39358,303757,32800,23828,6384,33941,317000,6176,2356,7100
2019-09-24,20400,238500,22250,66347,158000,16250,40100,561,60500,21850,39076,303929,32300,23179,6269,33578,318500,6167,2335,7300
2019-09-25,19600,223000,21600,65249,158000,15450,37350,547,60900,22000,37941,298746,31150,20536,6153,33352,318000,5993,2326,7100
2019-09-26,19700,224500,21750,64950,158000,14650,37500,551,57900,21700,37279,324399,32850,20026,6073,32671,317500,6012,2324,7000
2019-09-27,19850,222500,22000,66646,156000,14600,37650,604,56100,21900,37326,322700,33450,20351,5994,32489,311500,6032,2316,6920
2019-09-30,19800,223000,21550,65249,157000,14750,37400,576,57900,22100,37422,305882,33300,19563,6030,31808,307500,5878,2235,6690
2019-10-01,19700,225500,22100,66546,160000,15250,37800,560,58700,22150,39170,318538,35250,19609,6047,36527,323000,5974,2262,7270
2019-10-02,19350,220500,22000,65948,157000,14950,37050,548,58000,21650,37846,308345,34600,18821,5861,35574,318000,6061,2259,7280
2019-10-04,18850,218500,21800,67444,150500,14600,35800,545,55400,22400,37422,306986,34150,19053,5701,34667,320500,5974,2296,7160
2019-10-07,18300,219500,21750,69440,153000,14450,35900,533,56600,22300,39547,322192,35500,19238,5639,37389,326000,6041,2246,8230
2019-10-08,18400,226500,21250,72533,153500,14550,36850,533,58000,22850,38838,310469,35050,20026,5692,36799,329000,6041,2224,7770
2019-10-10,18600,232500,21000,71435,153500,14600,36500,533,57300,21450,37326,311403,34300,20444,5586,35938,326000,5974,2222,7540
2019-10-11,18300,227000,21350,63454,156000,14450,36450,532,58100,21400,36949,305542,34450,20072,5586,35348,325000,6041,2252,7550
2019-10-14,18550,226500,22550,67744,156000,14550,36750,539,58700,22600,37326,309959,37250,20304,5781,35348,329500,6022,2289,7750
2019-10-15,18500,220000,22500,68642,151500,14650,36050,549,55200,23300,37564,306561,37150,20490,5789,35348,326000,5993,2273,7680
2019-10-16,18650,218500,22050,70737,154500,14850,37450,553,56200,23500,38556,315566,35650,20815,5852,36391,339000,6099,2278,7800
2019-10-17,18700,220000,21700,70537,153000,14450,36550,557,58200,23300,38697,284560,36000,20351,5772,36437,345000,6205,2270,7570
2019-10-18,18500,224000,21350,70338,150500,14400,36200,552,58700,22950,37893,266978,35300,20304,5789,35484,344000,6176,2276,7480
2019-10-21,18400,224500,21350,69340,152000,14450,36350,548,57600,24100,37705,266809,34750,20026,5683,35166,339500,5983,2281,7220
2019-10-22,18450,224500,21600,71236,154000,14500,36200,548,58300,24000,38272,273433,35650,19748,5772,36483,344000,6003,2238,7300
2019-10-23,18150,224500,21450,70837,152500,14450,35850,548,58200,23500,40115,278700,35700,20072,5630,37253,372500,6224,2238,9490
2019-10-24,18350,226000,22250,69839,153000,14500,36350,561,57900,23700,41297,273518,36000,20258,5639,37072,378000,6292,2233,9470
2019-10-25,18350,226000,21800,69340,152500,14200,35950,553,57300,23050,42336,272074,35300,20304,5666,36709,383500,6234,2190,8860
2019-10-28,18450,229500,22100,69939,157000,14050,38400,562,57100,22500,41153,275302,35400,21695,5657,36845,398000,6407,2206,10550
2019-10-29,18250,228000,22700,71535,153000,14050,38150,557,57400,23200,41579,279718,35700,21047,5533,37389,400500,6398,2217,10600
2019-10-30,18300,230000,22600,84306,154500,14050,38300,595,57500,22100,41201,275302,37050,20768,5533,36663,397000,6128,2220,10350
2019-10-31,18350,227500,22400,84405,164000,14250,39300,606,57600,22750,41201,280314,37100,21185,5444,36300,398500,6253,2198,10650
2019-11-01,18700,231000,22650,85403,167000,14200,39050,594,60900,22050,41532,281758,37400,21093,5116,36074,396000,6186,2214,11450
2019-11-04,18850,233000,22650,87398,164500,13950,39600,601,61300,22850,42288,279380,37800,21093,5204,37163,401000,6350,2252,11050
2019-11-05,18950,235000,22100,87199,161500,13950,39900,612,60200,22750,42288,290507,38450,21510,5187,37208,399500,6388,2286,11250
2019-11-06,19150,232000,22400,87199,161500,14000,39500,609,62600,22300,41721,289657,38300,21556,5204,36799,399500,6465,2281,10750
2019-11-07,19150,232000,22250,86700,165500,14050,38650,611,61500,21900,40682,281843,38350,20815,5196,36347,404500,6716,2286,10750
2019-11-08,19050,237500,21800,84100,163500,13800,41200,615,62100,21800,39547,283542,38150,20953,5231,35029,390000,6822,2326,10300
2019-11-11,18900,234000,21850,83200,163000,13800,41550,624,59500,21650,38934,253811,39400,20072,5169,34985,399500,6754,1876,10600
2019-11-12,18900,233000,21500,81300,162000,13550,40550,617,56800,22500,38697,250924,38500,20072,5134,35348,398000,6648,1632,10800
2019-11-13,18750,234500,21200,78200,158000,13400,40150,601,59100,21950,37517,243194,36950,19888,5071,34440,389500,6600,1705,10250
2019-11-14,18750,236500,22100,79700,180000,13400,39950,601,59800,22350,37422,255679,39400,19192,5054,35075,395500,6600,1694,10550
2019-11-15,18500,238000,22700,80000,173500,13550,38700,611,59000,23150,37469,250583,39100,19285,5036,35348,398000,6619,1678,10750
2019-11-18,18350,240500,23500,78500,178500,13550,38250,606,58300,22200,37658,252623,39650,19794,5071,35348,402000,6648,1705,10800
2019-11-19,18400,242500,23500,78600,170500,13500,39800,603,57800,22200,37373,251433,39300,20212,5018,35122,399000,6581,1686,10500
2019-11-20,18200,236000,22900,78500,169500,13250,38600,588,54500,21550,37138,248119,39000,19377,4850,34985,399500,6398,1662,10050
2019-11-21,17900,234500,22200,79000,170000,12750,38250,577,52200,20700,35863,244638,38000,18218,4744,33941,391000,6321,1546,10200
2019-11-22,17950,235500,21950,78100,167500,12700,38500,574,52200,20650,35673,245912,38050,18543,4726,33124,385000,6234,1525,9970
2019-11-25,18000,238000,22900,79700,174000,13100,39400,581,50600,21450,36570,252282,38550,19145,4779,33442,391000,6282,1541,10450
2019-11-26,18150,239000,22750,77300,173000,13500,40050,590,50800,21600,37232,258143,38000,19424,4867,33668,389000,6340,1549,10400
2019-11-27,18100,236000,22250,79600,172500,12950,39800,589,51400,22400,37373,257039,37950,19285,4841,33896,397000,6668,1536,10900
2019-11-28,17750,233000,22150,82100,173000,12850,39500,583,52000,21650,37893,262730,36900,19192,4895,32579,399000,6513,1528,10400
2019-11-29,17300,231000,22200,81200,172000,12600,39300,577,51600,21150,36807,256784,38400,18775,4841,32171,393500,6562,1469,10400
2019-12-02,16950,234000,22350,82400,171500,12350,40050,573,51900,20950,37185,257124,38300,18775,4929,32716,390000,6677,1474,10750
2019-12-03,16500,237000,22050,81800,172000,12550,39600,569,51700,21200,37091,257294,36700,18311,4876,32353,394000,6571,1412,10500
2019-12-04,15800,224000,21750,81000,174500,12450,36850,559,52000,20300,36902,254576,36750,17476,4779,32035,391500,6697,1432,10550
2019-12-05,15800,222000,21750,76700,170500,12150,36900,552,52700,20500,36855,247526,36950,17013,4700,32171,396000,6610,1464,10000
2019-12-06,16250,225500,22000,77700,174000,12550,37800,553,53200,21650,37185,252537,37100,17570,4664,32217,395000,6513,1539,10200
2019-12-09,16100,223000,21700,77000,175000,12250,37900,552,51900,21500,37185,248035,37050,17754,4673,31264,388000,6465,1471,10000
2019-12-10,16100,226500,21700,78500,174500,12550,38000,542,52900,20850,35484,247526,36200,17662,4708,31763,390000,6745,1507,10850
2019-12-11,16150,227500,21900,78200,174000,12550,38800,542,52500,20850,34445,247016,36200,17848,4734,31808,389000,6591,1510,7600
2019-12-12,16300,228500,21950,78800,175500,12350,39100,562,52700,21750,34539,249734,36600,18126,4948,33624,390000,6542,1534,7860
2019-12-13,16350,229500,22400,80500,175500,12750,39800,562,54000,22200,35390,253980,37000,18682,4850,34032,396000,6677,1567,7810
2019-12-16,16150,233500,22500,78200,179500,12550,39650,569,52000,22750,35011,253132,36600,18775,4929,33169,395000,7024,1594,7860
2019-12-17,16350,234500,22550,80500,180500,12600,40550,571,51300,23200,35296,256360,37050,18867,4841,34394,395000,6908,1591,7040
2019-12-18,16200,227000,23000,81000,178500,12600,39800,579,51900,23400,35625,253980,36950,18543,4850,34394,394500,6860,1529,7080
2019-12-19,16150,228500,23150,80700,179000,12650,39450,578,52200,23200,35720,254066,37050,18589,5036,34939,395500,6764,1559,6270
2019-12-20,16150,228500,23000,84000,183500,12550,39650,576,52700,23450,35910,253811,37100,18635,5062,36300,396500,6745,1612,6220
2019-12-23,16400,228000,23000,83900,184000,12800,39250,567,53900,23550,36807,260607,36700,18450,5107,38343,422500,6928,1553,6230
2019-12-24,16300,225000,22900,83000,182000,12750,39450,563,54000,23850,36666,256784,36200,18867,5054,38569,417000,6937,1531,6320
2019-12-26,16550,222500,23500,81000,180500,12750,40250,570,52600,25450,36807,267232,37200,18867,5045,40294,413500,6822,1529,6460
2019-12-27,16700,233000,23850,81300,183500,12900,41700,585,53800,25800,35411,261907,37750,19424,5089,38912,429500,6957,1490,6480
2019-12-30,16950,236000,24150,82700,186500,12950,42750,586,53000,26300,36904,262693,38450,20351,5071,37913,433000,7612,1442,6590
2020-01-02,16650,232000,24100,83200,182500,13050,43000,605,52300,26100,36711,262431,37950,20536,5081,37818,428500,7727,1466,6570
2020-01-03,16450,229000,24200,82300,181500,12950,41750,594,52800,26500,36615,271859,37200,20119,5071,37103,422000,7727,1463,6560
2020-01-06,15900,230000,22900,80800,180500,12350,41850,581,51400,26150,35411,263566,35300,20768,4921,35769,412000,7390,1477,6280
2020-01-07,16000,231500,23250,85700,187000,12100,41700,583,52400,26050,35893,281986,36200,20351,4903,37150,419000,7323,1438,6470
2020-01-08,15350,229000,22650,84200,183000,11800,40750,565,51400,25600,34257,275177,35100,19192,4708,35388,408500,7005,1340,6100
2020-01-09,15800,232500,23600,84200,186000,11800,42850,582,49150,26650,34979,287923,36400,20351,4806,36531,420000,7169,1424,6480
2020-01-10,16250,249000,23500,86400,188000,12350,45500,595,48450,26750,35315,300756,35650,21371,4867,36627,436500,7410,1454,6510
2020-01-13,16250,259000,26050,90000,188000,12300,46750,601,48300,25900,35797,325637,38850,21325,4929,37055,440500,7381,1438,6530
2020-01-14,17550,265500,25900,90300,190500,12200,46750,591,48250,26650,35941,319090,38050,20768,4921,36674,435000,7516,1412,6610
2020-01-15,17650,267500,26500,91000,191500,12200,46950,600,49150,26600,36230,300145,37700,20907,5036,36246,434500,7438,1403,6660
2020-01-16,17900,268500,26850,91600,191500,12300,48350,599,48600,28850,35989,301193,37800,21185,5062,43247,436500,7650,1430,6700
2020-01-17,17550,269500,26850,91200,191000,12300,47750,595,48200,29400,35749,302677,37700,21185,5018,41103,437000,7467,1454,6630
2020-01-20,18050,275500,26800,86300,187500,12550,49100,593,46950,29200,35509,306432,37900,21463,4939,39913,438000,7458,1887,6460
2020-01-21,17700,275500,26250,84800,182000,11750,48850,600,46500,29300,34883,298748,36000,21093,4886,39055,438000,7323,2234,6390
2020-01-22,17950,286000,27300,85800,186000,11900,50300,600,45800,31100,35267,302764,36500,21463,5143,40199,452000,7467,2904,6470
2020-01-23,17500,283500,27000,83200,183000,12000,49600,600,46000,31100,34642,289669,36000,22158,5444,39961,483000,7304,2955,6430
2020-01-28,17150,285000,25200,76800,178500,11800,51200,583,43900,30650,33150,275177,32900,21325,5515,38389,494000,7352,3828,6250
2020-01-29,17300,287000,25900,77400,180000,11950,51000,590,44150,30100,32814,279542,33600,21417,5276,39532,491000,7063,3199,6360
2020-01-30,17150,287000,25450,74000,180000,11800,49650,579,43500,29600,31947,279542,33650,21788,4974,39865,495000,6889,3559,6120
2020-01-31,17050,276000,24700,72200,179500,11450,48000,570,44200,28400,30985,283645,32850,21325,4850,39961,484500,6639,2494,5910
2020-02-03,17050,284000,25200,74000,177500,11300,50300,567,43850,29150,30841,287224,33250,22020,4770,39961,479500,6581,1791,6040
2020-02-04,16700,308000,25450,74000,180500,11650,52300,575,43100,29400,31178,294471,33950,22669,4823,39865,492500,6841,2153,6280
2020-02-05,17800,314000,25300,68500,181500,11700,52000,579,43300,29100,31130,287748,33850,23179,4841,39723,490000,6937,2048,6310
2020-02-06,18000,318500,25700,69900,181500,11850,51700,586,44150,29100,32814,296391,34350,23503,4956,41294,519000,6986,1941,6260
2020-02-07,17600,317000,25750,69300,185000,11850,52200,594,45200,30200,33295,297264,33950,23225,4929,41055,519000,6966,1983,8130
2020-02-10,18400,321500,25600,69100,183500,11750,51800,593,44850,30400,33488,302415,33500,23271,4929,42008,530000,6947,1944,10000
2020-02-11,19150,343000,25500,69600,184500,11900,53600,588,45700,30250,33680,299534,34100,23781,4948,41913,528000,6908,1902,9290
2020-02-12,19500,338000,25350,71900,185000,11800,52600,588,45400,30400,34161,297526,34250,23457,4956,41675,530000,6851,1761,9080
2020-02-13,19500,336500,25050,71500,184500,11650,52200,583,44400,30800,33968,303376,34000,22947,4806,41723,530000,6860,1702,8740
2020-02-14,20250,337000,25100,71800,186500,11850,52800,579,43500,31750,33536,296478,33950,23133,5045,41770,529000,6774,1714,8770
2020-02-17,20950,338000,25600,72800,188500,11750,52800,578,43300,31950,33102,296740,34050,23689,5338,42961,519000,6774,1722,8770
2020-02-18,21350,334000,25200,71300,186500,11600,51800,577,42850,30950,32477,293075,33400,22947,5143,42056,513000,6687,1789,8650
2020-02-19,20900,334000,24800,70500,189500,11700,52300,572,42150,32200,32381,288709,33100,24244,4965,41055,505000,6793,2157,8720
2020-02-20,21050,343500,23950,68500,190000,12500,52300,570,42300,35900,31947,277622,32550,24244,4850,41532,498500,6677,2315,8480
2020-02-21,20800,336500,22850,67400,189500,12050,50600,562,41950,37300,31082,273430,31500,23086,4770,39961,486500,6533,2921,8370
2020-02-24,20050,321000,21500,64600,184000,11400,49700,536,39950,34350,29157,261732,30000,21974,4566,37674,461000,6099,3230,7460
2020-02-25,20100,321000,22900,66900,190500,11500,50700,539,40550,35250,29926,261645,31550,23039,4602,38865,479000,6456,2333,7940
2020-02-26,19550,312000,23000,65700,187000,11100,50100,540,40100,35450,29734,264526,31050,23133,4584,39150,480000,6446,2441,7960
2020-02-27,18650,309500,22500,65100,182000,10700,48900,530,40050,33900,29830,260161,30100,21974,4531,38056,480000,6244,2321,7500
2020-02-28,17950,295000,21150,62000,174000,10150,46350,535,38400,33050,28579,256232,28450,20119,4442,38008,463500,5964,2296,7260
2020-03-02,18050,304500,22500,63400,175000,11350,48000,540,37950,34900,29494,216074,29700,21463,4394,38674,467000,5945,2210,7670
2020-03-03,17800,308000,22600,61600,175000,11350,48000,543,38050,35300,29734,212930,29600,21556,4424,38151,479500,6022,2871,7630
2020-03-04,18300,315000,23550,63000,178500,10650,48700,562,38300,35700,29975,243836,29750,23411,4424,38579,489000,6109,3241,7810
2020-03-05,18050,323500,23050,64500,181000,10550,47350,564,38700,34950,32381,227073,29700,23503,4505,40151,496500,6234,3290,7910
2020-03-06,17750,316500,21550,62800,179500,10350,46700,561,36150,35600,31419,218343,28300,23039,4416,39341,491000,6080,3350,7960
2020-03-09,16350,295000,19850,60500,168000,9990,43750,546,34250,33450,30985,215637,26400,21788,4176,38389,494000,5974,3673,7480
2020-03-10,16750,293500,20500,61200,172000,10100,44000,547,34700,34550,30024,219303,26550,22622,4052,38912,496000,5964,3463,7590
2020-03-11,15900,289000,19650,57700,170000,9690,41900,537,34600,33900,28868,212145,26100,21974,3183,37674,484000,5694,3260,7140
2020-03-12,14250,280000,17700,55100,166500,9050,39450,517,32450,32150,26655,203415,23400,20536,2903,37674,483000,5299,3541,7150
2020-03-13,12950,277500,17900,52600,166000,8790,36450,489,30150,32100,24923,181676,22550,19516,2753,35959,456500,5087,3433,6670
2020-03-16,12150,253000,17850,49950,155000,8670,33950,483,29600,29500,24827,180716,21700,17708,2558,34292,430000,5097,3828,6520
2020-03-17,12700,246000,17800,51500,151000,8190,33350,462,28900,30050,24683,179930,21400,18033,2758,35340,417500,5116,3588,6870
2020-03-18,12250,221500,17400,51300,146000,8010,28700,451,23750,26100,23335,171113,20500,16040,2566,32864,400500,4962,4516,7020
2020-03-19,10950,183000,16550,48000,144000,6480,22550,385,21050,20700,19342,131041,19000,12795,2345,28625,366000,4606,4061,6700
2020-03-20,11750,216500,17700,49150,154000,7220,25050,404,21250,25400,20063,150946,19450,15576,2358,32482,430000,5059,4205,7220
2020-03-23,10700,218500,15350,43850,143000,6950,23900,388,19500,24950,18812,131477,16700,14556,2190,42056,436000,5020,4283,6840
2020-03-24,11900,246500,16600,46950,156000,8470,27800,400,20850,27400,20497,139684,18500,15947,2487,54583,476000,5261,4193,7150
2020-03-25,13350,257500,18150,51800,156000,9020,31050,427,27050,27950,22276,120652,20450,16967,2713,57440,475000,6012,4336,7430
2020-03-26,12800,248000,18000,53600,152500,9120,31100,438,29800,27150,22806,125977,20200,16503,2891,61346,456500,6003,4725,8200
2020-03-27,12750,248000,17950,54000,164000,9980,31850,453,29850,26450,23576,140207,20500,16179,3183,59345,443000,5926,4570,7890
2020-03-30,12700,244500,17600,54100,162500,10250,32200,462,29400,26000,24683,153652,20800,16225,3028,63346,450000,6003,5940,8250
2020-03-31,13100,240500,17800,55400,170000,11200,31400,481,29050,26150,25934,172248,21050,16086,3028,76110,482000,6321,7715,8900
2020-04-01,12750,231000,17350,50600,163000,11200,30850,477,28000,25900,24539,162120,20350,16086,3178,62393,452500,6012,7896,8800
2020-04-02,13150,233000,17700,52900,173500,11750,31300,477,28100,27600,24827,162120,21300,16643,3170,65442,464500,6032,6161,8890
2020-04-03,13200,231500,17600,51200,172000,11800,31400,483,28150,27550,24875,163168,21150,16827,3298,65537,467500,6224,6789,8890
2020-04-06,13900,240000,18450,52800,173000,11850,32250,489,30650,29900,25645,164215,22450,17476,3325,65727,477000,6427,6968,9250
2020-04-07,14050,245000,18850,54100,169500,12200,33350,522,31300,29900,26703,168231,22550,17848,3339,63441,482500,7207,9031,9040
2020-04-08,14150,250000,19250,59200,166500,11900,35250,571,32500,29700,26703,166311,22700,18033,3307,60774,477500,6591,8613,9190
2020-04-09,14300,253000,19200,59900,167500,11850,36200,580,32900,29750,26944,180192,23200,18079,3409,63156,478500,6417,8673,8890
2020-04-10,14050,250500,19950,60500,166500,11700,36200,605,34050,28850,26462,169541,24600,17662,3511,63822,559000,7323,8314,8570
2020-04-13,13650,241500,19450,60000,166000,11450,34050,617,32000,27000,26174,164215,24800,16689,3537,73063,539000,6600,7865,8590
2020-04-14,14000,251500,20350,60700,168500,12200,35600,632,32050,28000,26510,166137,25500,17523,3618,70966,542000,6600,8374,8890
2020-04-16,14600,271000,20800,60300,170500,13600,38300,629,32000,28800,26655,162469,26700,18450,3312,70109,540000,6436,8433,9340
2020-04-17,15050,286500,21000,62500,179000,13600,40650,614,33300,29300,26992,166747,26700,19099,3387,67537,566000,6494,8433,10900
2020-04-20,15050,283000,20850,60600,180000,14600,40750,617,33250,29200,27088,116723,26150,18635,3626,68204,566000,6465,8554,12700
2020-04-21,14800,283000,20250,58700,178500,13750,40500,609,33750,28600,26270,112358,25500,18311,3582,68871,579000,6273,8254,12450
2020-04-22,14650,285500,20250,58300,182000,17850,40650,621,33300,29650,26078,96818,25700,18357,3534,69156,580000,6465,8284,12500
2020-04-23,14800,284500,20300,58500,190000,16950,40450,624,34300,29200,27281,101619,26000,18126,3467,69156,601000,6552,8314,12450
2020-04-24,14600,277000,19800,57600,192500,19950,39150,612,33200,28500,26414,96032,25150,17476,3325,68966,591000,6359,8015,11800
2020-04-27,14900,279000,20100,58200,197500,19950,39650,615,33800,29350,26848,91580,25600,17754,3400,69156,588000,6379,7896,12050
2020-04-28,14800,279500,20800,58300,198000,18850,39450,608,35050,29300,27040,93850,27950,17616,3489,68014,588000,6282,7058,11350
2020-04-29,15100,286000,20750,58100,197500,17400,39850,614,34800,31300,27521,100921,27700,17708,3542,67251,581000,6224,5563,11050
2020-05-04,14750,277000,20450,56000,199000,16350,39200,619,33850,30600,26655,97081,27200,17106,3471,68490,556000,6138,6071,10700
2020-05-06,14950,281500,20750,56400,212000,16550,39400,644,33750,30650,27281,102929,28350,17291,3476,68871,575000,6513,5910,11250
2020-05-07,15150,282500,20800,56900,215500,16450,40000,657,33750,32350,27810,109565,28350,17662,3476,68585,567000,6513,5958,10950
2020-05-08,15600,285500,20950,57700,214000,16950,40400,755,33750,32500,28724,133660,28350,17940,3484,69824,588000,6562,5958,11250
2020-05-11,16950,287000,20550,56000,214500,16400,39900,763,33000,32150,28676,142915,27600,17848,3493,71061,586000,6475,5945,11100
2020-05-12,16750,284000,20100,54500,219500,17050,39350,765,31600,32150,29350,139335,26700,17430,3404,73539,592000,6379,6161,10800
2020-05-13,21750,309500,20750,55100,218500,17600,42500,759,31750,32650,29109,134270,26900,18729,3462,80968,616000,6533,5981,11050
2020-05-14,24900,308000,21400,55000,219000,17750,42800,738,30950,31600,26366,123707,26900,18033,3467,80492,612000,6465,6340,11650
2020-05-15,24900,302500,21300,55000,213000,17300,42850,721,32100,32500,26174,129556,26050,17848,3471,83636,605000,6321,6161,11850
2020-05-18,24300,313500,21350,54700,215000,17000,44500,719,31150,33000,26414,121262,26050,18497,3440,80397,597000,6282,6250,9880
2020-05-19,25600,317500,24050,57800,213500,17400,44250,721,33950,32950,26752,119954,28100,18960,3600,79635,600000,6591,5975,10000
2020-05-20,26400,331000,23800,56900,222000,17700,46900,757,36500,34100,26752,127199,27700,21325,3542,80302,600000,6552,6499,10250
2020-05-21,25200,335000,24100,57400,225000,17550,47400,741,36500,33550,27713,128160,27650,22112,3648,81921,609000,6542,6806,10250
2020-05-22,24350,336000,22950,55400,230500,17400,47200,726,36400,32000,26752,159675,27000,22808,3502,81921,618000,6754,6675,9900
2020-05-25,24550,348000,23100,54500,241000,17500,49000,723,36400,32750,26944,149462,27000,23828,3502,83636,632000,6899,6741,10000
2020-05-26,25600,388000,23600,55300,239000,17700,49800,725,36300,32500,27136,150160,27400,23967,3537,84493,645000,6889,6675,9940
2020-05-27,24950,365000,23800,55500,228500,18250,47400,758,39800,31100,27088,149986,27450,23225,4043,81064,624000,6725,6538,10250
2020-05-28,24400,359000,22850,54800,240500,17850,46400,743,37450,30100,26703,142915,26400,22530,3883,82207,611000,6668,6479,9950
2020-05-29,24850,359000,22850,57800,226000,17250,46650,734,38450,31850,26414,147541,26000,21880,3795,87351,622000,6648,6937,9910
2020-06-01,24650,366000,23650,56300,237000,17200,47300,737,39000,32350,27040,152517,26900,22576,3937,107640,629000,6947,6741,10050
2020-06-02,24350,370000,23250,56500,234000,18900,46900,745,39500,32200,27761,144223,27200,22344,4309,108498,629000,7034,6544,10450
2020-06-03,24000,366000,23200,57400,225500,19000,46050,742,40800,32700,28483,138113,27250,21742,4322,117166,626000,6880,6643,10150
2020-06-04,25600,370500,22800,59000,232500,19650,47600,755,42800,32300,28483,138549,26850,22252,4385,124406,650000,6802,6486,10050
2020-06-05,25000,371500,23050,59100,231000,25500,47900,765,42800,32000,31803,130604,27150,22158,4469,124310,665000,6928,6387,10250
2020-06-08,25350,375500,23600,59300,240500,24400,47450,760,43800,31650,32910,131390,27900,22530,4513,121072,664000,7332,6283,10750
2020-06-09,25700,383500,23350,58000,237500,28300,47600,756,43200,31150,32573,125017,27950,23642,4690,129169,676000,7496,6407,10500
2020-06-10,25350,385000,23550,57700,244000,28350,47900,743,42000,30900,32477,136366,27500,23735,4690,127835,704000,7516,6349,10700
2020-06-11,30000,387500,22850,56100,240500,29400,48300,726,40950,31650,33391,130953,26650,23271,4558,127359,747000,7853,7330,10300
2020-06-12,31550,379500,21900,54100,242000,28600,46700,702,38150,31050,31659,133572,25500,21974,4397,128598,805000,8257,7003,10450
2020-06-15,28800,348500,20250,50200,231500,27250,44550,642,35600,30000,32525,128335,23400,19609,4136,118405,808000,8325,6349,9640
2020-06-16,30150,376000,20800,52000,243500,29600,48150,676,36200,31900,34642,129818,24200,21047,4566,134598,826000,8537,6610,10150
2020-06-17,32300,384500,20850,50500,251000,30750,49000,663,37400,31900,36759,130953,24150,21325,4406,131550,824000,7978,6532,10100
2020-06-18,36250,377000,20350,50600,247500,31250,47850,660,37150,34750,37674,104762,23500,20166,4331,129930,810000,7882,6329,9910
2020-06-19,36300,385000,20300,51900,249500,31000,47850,669,37000,34700,35701,107819,23650,23689,4286,130883,801000,7968,6309,9740
2020-06-22,35150,380500,19850,50000,270000,30500,49200,653,35250,34700,34642,117421,23150,24013,4256,133932,793000,7891,6335,9590
2020-06-23,37700,381500,19900,49450,276000,31350,48500,643,35550,35650,34064,116112,23150,24430,4132,132979,802000,7670,5851,9330
2020-06-24,37400,380500,19900,49850,279000,32450,48650,649,35850,35850,33680,124231,23500,26238,4132,130122,819000,7843,5949,9590
2020-06-25,36150,370000,19100,47600,269500,31850,53000,638,35000,34300,33054,126327,22600,29807,4016,129835,815000,7862,6021,9660
2020-06-26,35600,370000,19150,48350,269000,30550,52100,634,34700,35000,34064,123970,22800,30596,4025,127264,810000,7747,6218,9530
2020-06-29,33550,363000,19150,47100,264000,29000,50100,621,34250,33250,32621,120303,21950,29483,4114,122977,784000,7352,6303,9070
2020-06-30,33400,363500,21200,51600,267000,27200,49600,637,35100,33750,32044,127113,24250,28556,4286,120881,775000,7708,6342,9040
2020-07-01,33000,370500,21650,49550,269000,25800,48750,616,34950,33550,31467,134620,24000,30966,4172,115261,752000,7718,6132,8930
2020-07-02,35200,371500,22950,52000,277000,26600,49700,622,35400,35250,31851,137938,26650,32125,4233,117928,786000,7708,6100,9020
2020-07-03,37300,381000,24250,53300,277500,25100,51300,626,35400,35300,32814,146580,28550,33470,4225,118023,771000,7737,6106,9210
2020-07-06,44500,388000,25200,53200,281500,25200,52500,642,35200,35650,32910,144921,28600,34432,4176,117262,754000,7660,6067,9400
2020-07-07,45050,391000,24950,52200,279500,23250,51900,642,37350,35050,32621,188399,29400,37269,4083,117262,751000,7467,5969,9230
2020-07-08,46350,385500,27900,52500,282500,22800,51900,636,38300,34750,32140,220526,31500,37702,4096,117357,736000,7487,5930,9180
2020-07-09,46350,393000,28150,52600,287500,22950,52300,629,38350,35600,33246,191541,31500,38423,4096,126025,741000,7332,5838,9120
2020-07-10,45700,391000,29050,51000,299000,23000,51600,611,36400,36400,33680,178445,32500,38086,3999,127835,731000,7650,5700,9130
2020-07-13,45700,394000,28550,51700,297000,24200,52600,616,35600,36100,32910,172859,32950,37509,4079,130122,730000,7650,5576,9340
2020-07-14,44200,392000,29200,53100,287000,24800,51200,616,35450,35200,33295,174604,33650,36307,4114,128406,735000,7756,5622,9190
2020-07-15,44100,393000,29250,53300,286500,23400,51500,621,36550,36300,33102,163692,32700,36548,4238,126501,749000,7593,6106,9500
2020-07-16,46900,386000,29450,54700,273000,22550,50900,621,36450,35200,34354,163517,32000,37221,4363,125359,732000,7593,5694,9500
2020-07-17,46200,383500,31250,54800,276000,22550,50500,631,36250,35250,34064,162120,33350,35297,4358,127645,743000,7737,5720,9610
2020-07-20,45800,378500,32450,54100,263000,23750,50000,753,35800,34750,33680,159851,33750,35586,4876,123739,739000,7747,5792,9550
2020-07-21,45850,387000,31950,54900,270000,23100,50300,759,35500,34950,33632,159937,32750,34913,6339,122120,750000,8546,5838,9480
2020-07-22,47000,388000,32000,53700,270000,23100,49850,783,35100,33800,33295,157581,31000,34528,7608,121739,790000,11081,5857,9440
2020-07-23,48950,385500,31400,52300,284000,24250,50800,789,33900,34150,33920,153041,31100,34672,7634,120405,775000,13200,6008,9420
2020-07-24,47300,375500,30300,53400,281000,25950,49700,980,33800,34200,33824,150072,30200,32749,7244,120691,755000,15368,6073,9260
2020-07-27,47200,378000,30850,53800,284500,26050,49850,929,33800,34200,34209,149286,31100,33037,7723,118118,754000,16524,6185,9130
2020-07-28,49950,393000,30250,53100,288000,26000,49650,886,33900,35800,44458,143176,30200,36163,8822,117452,761000,16814,6041,9250
2020-07-29,50200,385500,31250,53900,292000,27000,49450,860,34350,35050,40271,143787,30400,36548,9620,112594,741000,18211,5897,9250
2020-07-30,49850,383500,29700,54200,294000,26700,51000,858,34050,35650,40320,150946,30250,36403,9620,112403,736000,19078,5890,9650
2020-07-31,49550,397500,29850,53300,301000,25600,50700,762,33400,34850,40608,150771,31250,38952,9309,112118,733000,20138,5890,9480
2020-08-03,49950,414500,30100,51800,314500,24600,55200,749,31950,36400,47441,147541,32500,41885,8219,112689,736000,26160,5792,9240
2020-08-04,48400,416000,31800,52100,311000,26700,53200,723,32300,36250,52540,153652,33150,41645,8299,112975,735000,28472,6165,9850
2020-08-05,49500,468000,32850,53200,313500,26900,54900,723,33550,38950,68226,158017,33100,41549,8273,118309,787000,28472,6106,10050
2020-08-06,49950,469500,32150,53600,322000,34950,55300,728,33000,38600,60624,158454,33800,41356,8033,116118,778000,29821,6073,10100
2020-08-07,53300,488000,32500,55100,314000,31500,56000,707,32350,38250,62644,162382,34400,43905,8104,116594,768000,29821,5942,9930
2020-08-10,51900,473500,35400,55100,313500,37900,56300,690,32450,37200,59854,158454,34950,43761,8201,114594,771000,28424,5890,10050
2020-08-11,50200,472500,35200,56200,311500,36800,55400,724,34050,36150,60238,154787,34850,44146,8024,113260,804000,22257,5845,9900
2020-08-12,48900,475500,34800,58200,305000,36750,54200,705,33700,37450,60528,150160,34150,45492,8059,108879,843000,21198,5517,9640
2020-08-13,48800,471000,36850,59000,307000,35550,54400,707,33700,36700,63222,156883,35750,45155,7989,111737,820000,20427,5942,10150
2020-08-14,44800,444000,36350,59700,305000,34250,54000,694,34100,35200,60912,163255,35900,41837,8583,107355,800000,16862,6544,10900
2020-08-18,41900,433000,34500,56400,307500,33000,50900,661,32150,33250,55331,212232,35500,39048,8689,103926,802000,21920,6152,10150
2020-08-19,43600,434500,36950,56500,315000,33950,52400,671,31550,33450,56198,208477,39100,40779,8911,104497,809000,24666,6427,10350
2020-08-20,40900,414500,35000,53700,305500,32900,48900,642,30300,33700,55235,197390,37600,38279,8911,105831,794000,24859,8344,10100
2020-08-21,41550,423500,34650,53500,312500,33150,49700,653,33250,33500,53887,183422,35900,39048,8786,103640,799000,22547,9228,10250
2020-08-24,43500,438000,35200,53200,320000,34800,51900,649,35050,34000,55235,185780,35950,40010,8671,106879,820000,24281,11977,10350
2020-08-25,44650,444000,35600,55000,325000,38250,52100,672,36200,34350,59372,205946,36400,39914,8999,107260,815000,24522,15544,11250
2020-08-26,44300,456500,36250,53700,334000,37250,51600,659,36300,33950,57737,208653,36050,39818,8866,110594,812000,22498,20191,11400
2020-08-27,46550,469000,35000,52700,337000,35350,50700,650,35750,33350,54561,209612,34350,41885,9133,107260,801000,23606,15511,11000
2020-08-28,45750,466000,35100,51800,333000,34500,50200,656,37050,33200,54657,214939,35050,41308,11526,107640,799000,22691,17147,10800
2020-08-31,44950,452500,34850,51000,322500,35750,49850,658,34700,33400,56390,217994,34400,40395,14275,105831,778000,21342,18783,10650
2020-09-01,44300,454500,36500,51500,324500,36700,50300,674,37000,33200,57448,219827,35750,40298,14142,107545,781000,21487,18652,10650
2020-09-02,44900,452000,37500,52100,332500,36850,50200,674,37250,33850,57737,238248,37300,40779,14851,107545,770000,22884,19045,10450
2020-09-03,44750,452500,39900,52100,339000,38800,50400,719,39500,34200,57737,235780,38850,40779,14452,106879,779000,24570,18620,10300
2020-09-04,43400,439000,40800,51200,328500,37700,50800,799,38850,33050,56198,224905,38700,39818,14452,104592,773000,25293,17573,10050
2020-09-07,42950,430000,41000,50900,314500,37950,51400,878,39650,33850,56390,220427,38600,39433,14275,113832,776000,25871,17769,9980
2020-09-08,43050,435500,42450,51000,311000,36200,50600,861,38650,33950,57063,221158,39300,39481,13521,115261,774000,23125,16395,9940
2020-09-09,41550,429500,40650,50300,304500,33550,49600,855,38500,33500,55427,214213,38500,38712,12501,111642,759000,23221,15511,10650
2020-09-10,42050,430000,40600,50000,307500,33250,49550,858,38000,35800,56004,219330,37950,39240,13033,117928,764000,23317,17180,10400
2020-09-11,41300,429500,40800,50500,306000,33750,49500,848,37750,35550,55908,213573,37800,38856,13166,115928,761000,22739,17147,10450
2020-09-14,47000,436000,39950,51800,303000,33200,49800,833,37400,35700,55716,213939,37400,41068,13211,113547,763000,22547,17016,10200
2020-09-15,45650,452500,40050,51500,312000,32650,49950,839,37150,35150,56004,215949,37650,40779,13299,113356,773000,23847,16852,10250
2020-09-16,47500,449500,40100,51000,307000,31600,49300,818,37900,34200,56582,212568,37500,39529,13920,113356,776000,22932,18587,10200
2020-09-17,49000,445500,39200,50900,300500,30900,48300,792,36300,33700,56486,206171,36100,39866,13698,111642,757000,22354,18947,10050
2020-09-18,48500,453000,40000,50500,298000,30900,48750,788,37000,33900,56678,219239,35950,43953,13299,114594,758000,22836,19634,10000
2020-09-21,46050,446000,38550,50300,292000,30250,47450,766,36300,33000,56582,209644,35000,40924,12768,110403,740000,25582,25524,9900
2020-09-22,46350,446500,36900,48800,284500,28850,46450,743,35400,31550,54081,196575,34600,41933,12412,105259,731000,23992,27750,9840
2020-09-23,43200,436500,38300,48150,296500,28750,46350,739,36650,31700,52733,193742,35350,39433,11881,104974,705000,22209,25197,9610
2020-09-24,40350,410000,35350,47450,294000,26900,42550,746,35050,30050,49557,186431,33750,38327,11704,96972,673000,19993,22350,9130
2020-09-25,39200,412000,34700,47250,295000,30000,42150,758,35400,30050,51001,186066,33650,37605,11393,98401,675000,19463,21042,9240
2020-09-28,40700,421000,38150,48300,298500,31050,43850,773,36100,31500,53022,187253,35900,38134,11969,104974,685000,19415,20878,9360
2020-09-29,41200,433500,38250,48900,296500,30800,45150,770,36650,31650,56582,192828,35800,39769,11792,108021,690000,19993,19405,9850
2020-10-05,41800,436500,36450,49300,298500,30650,45000,775,37650,32100,55235,195022,33900,38760,12412,106879,685000,21198,20060,10050
2020-10-06,41300,436500,36550,49050,305000,30300,45450,768,37800,32250,55908,199226,33850,38519,12280,108593,712000,21005,19732,9900
2020-10-07,41100,439500,36800,48950,305000,30100,44950,767,37850,33550,56390,195844,33950,38663,12058,108116,721000,20957,21042,9990
2020-10-08,41800,445000,35950,49150,301000,30000,45400,765,37550,32950,56100,194199,33350,38423,12325,108689,715000,21053,21303,9990
2020-10-12,42350,440000,34900,50400,292000,30100,45400,814,39200,32950,56582,195753,33400,38567,11925,111450,719000,20668,20649,9870
2020-10-13,40850,445500,36600,49650,295000,29550,44600,802,41000,32400,56004,191914,34300,38231,11704,110118,723000,18452,21074,10050
2020-10-14,39950,438500,35950,48650,298500,28100,43400,780,39250,31400,55620,185700,34150,37654,11438,106784,707000,18018,20780,9900
2020-10-15,38250,429000,34050,48300,292500,27350,42250,785,39750,30800,53887,189356,31850,37990,11389,103545,704000,17440,19536,9600
2020-10-16,37900,420000,34550,48650,293500,25650,41800,836,38750,30500,57641,197945,30850,37654,11631,103163,687000,17681,20060,9400
2020-10-19,36050,413000,33500,49050,286000,25600,41050,829,38750,30600,57641,210740,30400,36788,12885,102877,686000,17392,18718,9470
2020-10-20,36400,432500,33400,48200,290000,25150,41800,799,39500,31000,56486,164955,30400,37269,12982,100211,682000,16958,18358,9540
2020-10-21,35900,433000,33800,48200,297500,25750,42250,835,39650,30600,56967,160934,31200,37990,12982,100211,688000,17343,17638,9590
2020-10-22,34850,429500,32550,48000,293000,24350,41150,857,40050,30500,56486,149419,29850,38038,13223,97448,658000,16524,16951,9400
2020-10-23,34900,424500,32750,47950,286500,24200,41150,848,41900,29900,59372,163402,29600,37894,13416,97448,636000,17103,17475,9370
2020-10-26,32150,417500,31600,46800,281500,22450,42150,838,40350,28250,56678,174459,28750,36451,12692,98782,630000,15705,15936,9290
2020-10-27,33850,430000,32200,45800,283500,22500,41900,830,39100,28750,55042,170895,29000,37702,12934,100211,635000,16380,16100,9190
2020-10-28,36750,430000,32950,45450,298500,23950,42550,851,41350,29850,54850,170255,30100,38038,13320,103640,637000,17777,16395,9280
2020-10-29,36750,431500,31850,45450,298500,24700,42850,831,39900,30350,53503,171718,29800,37654,13658,108593,697000,17681,18424,9510
2020-10-30,35200,442000,30550,43550,290000,23500,42700,829,38300,29500,51193,168885,28800,37654,13271,103640,682000,16958,18489,9120
2020-11-02,36600,440000,31700,43800,285500,23250,43100,827,40600,29650,51770,167879,29250,37509,13416,105450,698000,16476,18751,9130
2020-11-03,38100,459500,32500,45200,283000,23550,44000,824,41300,30350,53310,169982,29650,38471,13851,108212,699000,17440,18424,9260
2020-11-04,38150,459500,33400,45500,298500,23850,44100,822,42150,30800,54465,173637,30000,38279,13368,109260,733000,17392,17933,9380
2020-11-05,39200,484000,35300,45900,299000,25100,45600,809,43700,31050,54753,174002,31050,40347,14044,109069,781000,18211,18194,9670
2020-11-06,38900,499000,34450,46200,301000,24300,45650,804,44350,30600,54369,170986,30350,39577,14188,108689,777000,17729,17769,9290
2020-11-09,39500,533000,35150,46800,298000,24500,46800,848,43100,30850,54561,172448,30650,41212,15105,109736,761000,17825,18293,9400
2020-11-10,38350,533000,35850,47750,283000,23000,47250,846,46300,30500,54177,174277,31600,40395,15395,106879,752000,16187,17671,9280
2020-11-11,37350,512000,34950,49550,280000,21850,45850,838,47500,31150,52444,182136,31650,39385,15781,123072,761000,15850,18162,9280
2020-11-12,37700,515000,34850,49900,279000,21900,46150,840,45500,31300,51770,194473,32200,40972,15829,118881,753000,16000,17573,9280
2020-11-13,37400,501000,35900,49400,281000,21750,46500,837,44400,31300,51674,192920,32000,40924,15877,116976,757000,16250,17606,9200
2020-11-16,38950,485500,38100,48400,278000,22250,46100,882,44400,32000,51674,195753,32400,39962,15202,116309,758000,16600,17344,9280
2020-11-17,39000,493500,37950,49500,275000,21100,44400,870,46500,30750,51386,214761,30500,40395,15298,118786,774000,15750,16787,9110
2020-11-18,39150,501000,39850,50600,281000,21850,44600,864,44550,30500,54561,220793,30600,41741,14381,119452,812000,15950,16885,9130
2020-11-19,38900,518000,39800,50800,280500,22600,44300,908,44550,31100,55812,229932,29900,42270,14140,122501,808000,16900,17638,9190
2020-11-20,38050,515000,39900,53800,281000,23200,45000,1180,44900,31200,56004,194839,30450,42414,14285,124691,799000,17450,17736,10000
2020-11-23,38100,526000,39950,55200,281500,23750,45350,1204,44100,31100,54850,196484,30300,42414,14768,129264,804000,18300,17082,9630
2020-11-24,39850,552000,39000,55300,282500,23350,45450,1218,43100,31550,53022,195204,30200,44338,14768,130788,802000,17950,16657,9610
2020-11-25,39100,538000,39900,53600,278500,24900,45000,1180,43650,30950,54273,192646,29900,43232,14864,163843,803000,20200,16427,9350
2020-11-26,39950,550000,39000,53700,285500,26100,44900,1251,43000,31150,56871,195936,30100,43520,15491,178131,799000,19450,16558,9510
2020-11-27,44600,551000,39300,52300,284500,26050,46850,1475,42050,32150,63222,200231,30000,48954,16505,179845,799000,19850,16460,9560
2020-11-30,43750,533000,37950,52600,277500,25650,46800,1466,41300,31550,67648,204617,29700,48377,16167,180321,786000,20450,17671,9660
2020-12-01,43400,547000,39350,53300,285500,29950,46800,1385,42200,30900,69381,202789,29950,51744,14961,184608,793000,21250,17245,9660
2020-12-02,44700,552000,39150,54800,283500,30400,46900,1389,43500,30500,69669,199865,29900,52321,14526,195277,790000,21000,17573,9600
2020-12-03,44050,552000,43250,55300,287000,30600,46750,1351,43350,30300,67648,202607,31250,51647,14478,225759,805000,21500,17834,9550
2020-12-04,42800,551000,40650,54400,294000,30500,47150,1256,42450,29800,74288,204708,30250,50012,14381,227283,825000,21600,17573,9750
2020-12-07,41600,546000,39150,53700,289500,31450,45950,1280,41750,30000,83719,203155,29700,50782,13899,225569,880000,22150,18064,9820
2020-12-08,42800,553000,37900,54200,285000,29950,46000,1228,41350,30150,71979,201967,30000,50012,13899,194801,828000,20250,17114,9740
2020-12-09,43750,566000,38050,57200,288000,33650,46400,1256,42000,30250,69861,206536,30350,52705,14044,199754,822000,20750,16427,9840
2020-12-10,43400,560000,38600,57800,286000,42650,46250,1347,42200,30550,70054,198129,30050,52321,14092,214805,819000,20700,16591,10050
2020-12-11,43050,556000,38750,58400,290000,49600,48400,1351,43300,30250,73037,195753,30100,51263,14237,211852,820000,21100,16526,10000
2020-12-14,42650,549000,38200,56300,286000,49650,47600,1313,43700,29750,71112,210192,29750,51455,13899,220997,812000,21050,16591,10200
2020-12-15,42800,552000,38050,55400,283000,47050,48350,1342,44700,30800,70054,199408,29600,54821,13802,228617,800000,19350,16395,9980
2020-12-16,45400,564000,38100,55900,285500,46600,49700,1470,45400,32750,70728,197489,29550,68767,13368,222425,807000,18150,16558,9890
2020-12-17,45700,567000,37100,55600,285000,60400,50400,1437,44400,33300,70632,186431,29200,68959,13851,222902,804000,18050,16231,9840
2020-12-18,46000,568000,37300,55800,282500,67300,49700,1437,43800,33500,71016,178298,29150,65882,13416,230999,802000,18500,16296,9780
2020-12-21,47550,566000,36750,54800,284000,67300,50100,1451,43350,33750,71979,172997,28800,67998,13416,232427,823000,19550,15839,9590
2020-12-22,46150,555000,35350,53600,284000,77700,48600,1380,42500,32800,68514,173362,28100,64535,12934,222902,803000,19000,14791,9540
2020-12-23,45100,554000,37150,53300,284000,54400,49200,1285,43800,33500,66109,159654,28400,65208,12644,224044,796000,20200,13416,9460
2020-12-24,46400,563000,37050,53800,282000,47400,49500,1299,44400,34350,66590,162030,28950,66940,12885,228617,794000,18800,14137,9480
2020-12-28,47800,559000,38500,53500,281000,47100,50400,1237,43700,35500,65435,167514,29400,68575,12403,245097,789000,17850,12959,9570
2020-12-29,48950,601000,38650,54800,283000,50900,50500,1294,43200,34900,72695,168948,29450,68286,12596,242959,822000,19350,14006,10000
2020-12-30,49600,628000,38400,54900,292500,50300,50900,1304,43700,34850,74657,167323,29750,68767,13030,231788,826000,21300,14104,10250
2021-01-04,55300,671000,37550,54000,293000,53200,52500,1318,42850,35000,74559,163211,29550,73576,13416,212067,829000,22350,14235,10200
2021-01-05,55100,686000,37250,55500,292500,66900,53000,1299,44700,34750,75540,162064,29250,72999,14188,212164,832000,23250,14431,10300
2021-01-06,55300,680000,36700,55200,290000,66100,52400,1342,44350,35700,82897,160917,29000,72807,13658,208084,817000,23400,14595,10450
2021-01-07,58200,698000,36650,55300,289500,64100,52600,1328,45100,35250,88784,156996,29200,73287,13658,209542,819000,24000,14170,10100
2021-01-08,60000,739000,37800,57400,312000,58900,56400,1332,44450,35400,83192,153076,29900,72422,13706,214593,837000,22200,13875,9780
2021-01-11,58300,730000,36200,56100,309000,55400,58600,1309,45850,34500,80347,152311,29000,75307,12982,216050,846000,22200,13547,9680
2021-01-12,56500,745000,36900,58200,304000,62900,58800,1285,47500,34000,76815,149156,28950,71364,12789,217605,818000,23300,13155,9550
2021-01-13,56400,754000,37000,60600,314000,58300,59000,1294,47700,34650,79464,150590,30650,71941,12837,223142,830000,23250,13057,9560
2021-01-14,60500,749000,37050,61800,318000,58800,60800,1280,47050,35150,79366,155467,30900,76461,13416,201187,816000,23100,12697,9630
2021-01-15,57200,737000,36250,62500,306000,59000,59000,1266,45950,33900,77011,149347,29900,79635,13078,182050,804000,23650,12239,9530
2021-01-18,54800,706000,35900,59900,300500,57500,56900,1313,45050,34100,72400,132424,29550,76654,12644,174375,788000,24100,12239,9400
2021-01-19,56600,732000,36500,61100,308000,54500,60000,1323,47300,34150,73970,125157,30300,77423,12837,176512,796000,24950,12304,9500
2021-01-20,58000,744000,38500,63100,308000,54400,60900,1332,47500,34950,78188,125157,31300,78385,12789,175638,795000,26200,12435,9560
2021-01-21,58500,745000,37850,63600,322500,53500,61400,1318,46600,35100,78287,124297,31250,77904,12885,175444,796000,22650,13221,9570
2021-01-22,61200,792000,38000,64100,343500,50700,64400,1375,45800,34200,77109,132328,32400,76942,12934,172918,794000,21150,12631,9420
2021-01-25,62400,790000,37700,66400,349000,52300,64200,1251,47100,33900,81230,129269,33750,75788,12789,179038,790000,21400,12664,9560
2021-01-26,63600,790000,36400,63700,342000,52700,66000,1223,45850,36650,78973,127165,32900,75980,12837,182632,802000,22000,12337,9550
2021-01-27,63600,789000,35200,62900,341500,50600,67500,1190,45950,36800,81916,124488,32600,78000,12692,188170,849000,22050,11846,9400
2021-01-28,61800,767000,34150,61600,355000,47600,69400,1128,44800,35100,83584,119707,31800,74249,12210,181272,838000,20000,11290,9140
2021-01-29,59600,734000,32500,58900,343000,46750,71400,1052,42700,33550,79071,116552,30600,70883,11341,170004,793000,19000,10864,8900
2021-02-01,61300,745000,33600,59600,348000,47500,70700,1147,42800,35300,78090,123341,30900,73961,11534,181952,813000,19750,11519,8940
2021-02-02,60000,752000,34100,60700,362500,49300,75500,1161,44000,38350,79268,125922,31400,74634,11438,175832,826000,21350,11682,9020
2021-02-03,62800,758000,34300,59800,370500,48350,79000,1152,43800,38900,77600,136153,31300,82232,11486,173209,825000,20750,11454,8790
2021-02-04,61200,747000,33450,61100,358000,45500,77500,1147,42150,41600,75638,132998,30700,83194,11148,173889,813000,20050,11224,8440
2021-02-05,61400,775000,33350,62700,362500,45850,76200,1171,43250,41600,75343,133380,30250,79924,11389,175347,812000,20300,11355,8260
2021-02-08,58700,770000,33400,63200,357500,43500,76800,1161,43700,40150,74264,141890,30450,77904,11824,172335,804000,19850,10897,8170
2021-02-09,57500,772000,33150,62700,358500,43650,75000,1161,44150,40300,74657,137874,30050,77615,11824,168061,802000,19350,10831,7970
2021-02-10,58500,783000,33800,63100,366500,43400,76900,1209,44150,40650,74166,137874,30800,79058,11775,167672,799000,19550,10864,8250
2021-02-15,57700,805000,34150,63600,385500,43100,77900,1213,43500,41400,74657,147339,30750,78385,11727,167672,800000,19700,11192,8250
2021-02-16,58200,803000,36450,62500,394000,41000,78000,1261,43150,42900,73283,142941,31300,76942,11438,162038,796000,18900,10766,8380
2021-02-17,57100,805000,37600,62300,392000,40300,80000,1247,42950,42500,69163,143993,30900,75788,11100,162621,786000,17950,10406,8490
2021-02-18,55600,789000,37000,63000,388000,39450,80800,1223,42350,40300,67299,138639,30600,75499,11100,158055,783000,17300,10144,8300
2021-02-19,55100,770000,36700,63200,398000,39950,81000,1209,42500,41500,67005,145332,30450,75211,11003,157666,793000,19050,10177,8200
2021-02-22,53700,739000,35650,64100,386500,40450,80000,1199,41850,40450,65043,188931,29950,71845,10810,153975,780000,18150,10242,8210
2021-02-23,52600,710000,35500,65800,390500,37700,76600,952,41500,41950,63081,179465,30300,67998,10617,147855,760000,18000,9621,8010
2021-02-24,49500,687000,35500,63500,374000,36400,72500,943,39900,40750,61707,170191,30000,66459,9893,142609,747000,17700,9228,7840
2021-02-25,51200,704000,37450,65200,383000,37750,73000,961,41500,43900,64846,179752,30600,72037,10714,156889,775000,18000,9359,8100
2021-02-26,48500,674000,36500,64700,375000,36550,69900,934,40000,42300,63277,193138,30050,68286,10231,149312,750000,18500,9228,8010
2021-03-02,49500,684000,37800,63800,377500,37400,69500,944,40000,42200,59941,200978,30200,69536,10328,149700,753000,19850,9392,8720
2021-03-03,49450,696000,37950,64900,399500,36850,69900,936,41900,42050,59745,198301,32200,69248,10907,153489,761000,19550,9359,8420
2021-03-04,48250,678000,36950,65100,391500,35700,67000,899,42250,40100,59254,193234,32200,67805,10762,156792,748000,19600,9424,8250
2021-03-05,47800,671000,37450,65000,377500,34600,67300,917,42100,39700,57881,201743,32800,67036,10424,153392,719000,18850,9031,8460
2021-03-08,45700,650000,35700,63900,368500,33500,63500,903,42850,38450,56900,198684,31700,63285,10328,147952,696000,17850,8149,8540
2021-03-09,44650,636000,34200,64300,361500,33100,63200,894,42000,39600,56900,192182,30900,62612,10424,143677,687000,17550,8279,8840
2021-03-10,44950,636000,33300,63400,372000,32400,62500,871,42950,38900,56115,184533,30200,63862,10279,139986,685000,17600,8149,8900
2021-03-11,49900,687000,34300,62600,373500,32150,65000,885,42500,40650,57685,188549,31800,68382,10231,143483,715000,18300,8213,8800
2021-03-12,50500,689000,34500,63200,380500,33250,67300,928,42600,42250,58470,188549,30600,68959,10955,147077,743000,18700,8606,8900
2021-03-15,50100,686000,34300,63200,383000,32700,66600,928,42250,42300,58175,196102,30250,67998,10955,144066,735000,18950,8410,9800
2021-03-16,50500,680000,35000,62600,385500,34150,66500,926,43150,42600,60236,196771,30350,65305,11245,148340,733000,19750,8475,9960
2021-03-17,49400,639000,35150,63600,383500,36300,65500,909,43300,41750,60530,191035,30100,66074,11438,146397,719000,20100,8606,9820
2021-03-18,50100,662000,35200,62600,403500,34650,65400,914,43000,42600,59843,187975,30150,66170,11245,146300,722000,19450,8443,10100
2021-03-19,50300,661000,35350,62000,402000,35200,65100,937,42750,42850,61020,190748,30200,66266,11196,144357,708000,20250,8541,10150
2021-03-22,49550,642000,35400,63300,396500,34000,64300,985,42550,45500,59058,191513,30050,65401,11486,144552,715000,20200,8312,9990
2021-03-23,48650,624000,35400,63700,386000,32900,62300,961,44800,46100,57881,187401,29650,65016,11389,143483,713000,19950,8181,9950
2021-03-24,49050,635000,36150,62500,387000,32850,62500,961,44300,48450,57881,191226,29750,64728,11631,145037,716000,20000,7919,10000
2021-03-25,50500,635000,36500,64500,380000,32200,64000,1023,44000,48300,57979,190461,29850,71460,11824,146203,718000,19500,7788,10600
2021-03-26,49600,647000,35700,64800,383000,32450,66900,1071,44650,45300,57587,185393,29800,73384,12258,147175,725000,19400,7919,10300
2021-03-29,49200,651000,34850,65100,372000,32800,68000,1156,43850,44450,56606,182907,29450,72614,12789,149506,748000,19500,7559,10100
2021-03-30,50000,670000,35600,66800,376500,33000,68200,1028,43900,44750,57096,183577,29550,75499,12741,146203,747000,19600,7821,9980
2021-03-31,49150,660000,35600,64900,377000,32700,67900,1104,43150,45250,56900,180326,29600,75403,12548,145717,748000,20450,7657,9970
2021-04-01,52500,667000,34700,65600,378500,32500,69200,1085,42150,45700,57096,180135,29950,78481,12210,146397,747000,22050,7461,9940
2021-04-02,51800,668000,34900,66100,379500,32550,71900,1071,42150,46550,56409,176310,29700,80405,12548,144843,744000,22150,7625,9990
2021-04-05,51600,655000,34550,66000,377000,31150,72400,1056,41950,46500,55821,174398,29650,80020,12644,141152,750000,22100,7428,9880
2021-04-06,51500,642000,34400,66100,388500,30600,72000,1104,42650,45700,55232,172486,29850,83098,12548,138917,754000,22500,7298,9870
2021-04-07,51100,654000,35000,66100,384500,30600,71700,1118,42800,45100,57587,172390,30700,85983,12499,138723,765000,22500,8050,9950
2021-04-08,56400,657000,34950,67000,381500,31750,74400,1166,43100,45250,57881,175067,30350,84155,12934,139403,763000,24950,9031,10100
2021-04-09,56100,663000,34300,66600,383500,33000,77600,1166,43050,45100,58175,179274,30200,85502,12837,139597,770000,25350,8901,10200
2021-04-12,59500,655000,34050,66900,385500,33150,77000,1156,42500,44300,59156,179752,30400,92138,12741,141832,782000,26900,9392,10500
2021-04-13,62200,690000,34200,69100,388500,33400,76700,1156,42500,43300,59353,184629,30400,89734,12982,149700,784000,30400,12206,10600
2021-04-14,68300,697000,33950,69700,391500,35150,76800,1147,42850,45150,59254,190365,30450,94062,13851,151643,790000,27700,12272,10250
2021-04-15,71900,700000,34100,69400,391000,35750,75700,1152,42900,44600,63963,187210,30750,94446,13465,150769,806000,29900,11944,10250
2021-04-16,72100,694000,34800,70000,391500,35800,74900,1142,45800,44850,62688,187114,30800,95024,13513,151546,831000,29750,11977,10150
2021-04-19,72600,688000,34350,70000,390000,35250,75000,1133,46500,45000,67691,184437,30400,91946,13465,155820,830000,29550,11780,10200
2021-04-20,71200,690000,34500,71300,391000,35300,75000,1152,47350,45100,67691,185776,30400,92331,13416,150380,837000,28600,11649,10250
2021-04-21,71000,671000,33850,68500,380500,35750,74100,1142,46650,44400,72695,181856,29950,92715,13127,144843,833000,29450,11813,10200
2021-04-22,71700,672000,34150,67600,380500,36850,76000,1142,45450,44600,69653,183959,29950,97717,13513,143483,805000,29550,11486,10000
2021-04-23,75500,670000,33800,67600,378000,35950,74400,1133,45950,45500,70438,178701,29700,93773,13320,143289,812000,30400,12239,10100
2021-04-26,82300,689000,33800,67900,377500,36350,73300,1128,46000,47350,70438,178031,30000,93773,13513,141249,819000,29000,12075,10000
2021-04-27,78700,685000,33950,66000,380000,35800,72100,1104,45300,46450,70438,176310,30650,90696,13465,138140,807000,30050,11748,10000
2021-04-28,76200,667000,33350,72700,373500,37100,70200,1075,44600,44150,68869,177744,30350,89830,13754,134351,791000,33050,12010,9800
2021-04-29,73200,672000,33350,75200,366500,38150,69100,1090,45700,43400,69752,175258,30150,86848,13658,132214,800000,32050,12042,9680
2021-04-30,72300,654000,32900,73500,359500,36300,69100,1090,45600,43200,67888,167609,30200,87329,13465,129203,804000,30350,11388,9750
2021-05-03,70100,639000,31500,72500,363000,33400,66500,1090,44550,42800,64258,163881,29800,81463,12355,122694,773000,30450,10275,10200
2021-05-04,73400,650000,31550,71400,364500,33150,68900,1142,44800,42050,65043,165123,29550,84829,12210,126386,764000,30850,10439,10150
2021-05-06,71500,642000,30950,73900,361500,32950,67700,1156,46000,42200,65533,166940,30000,83867,12065,123763,783000,37650,10111,10150
2021-05-07,71700,642000,33050,74000,361000,34200,68700,1152,49450,42600,68771,168661,32000,83867,12210,128037,804000,38000,10995,10750
2021-05-10,73500,652000,34000,75600,362000,36350,69900,1223,56000,42550,69752,176119,32600,86368,12644,134351,816000,46100,11682,11000
2021-05-11,70400,641000,33050,76900,349000,36450,67500,1232,56700,40950,69065,172868,31650,83194,12548,131146,817000,47500,12206,12500
2021-05-12,69500,633000,33900,75400,343000,36450,65900,1218,54900,41350,69163,169809,31300,83194,12161,126580,856000,55500,12467,11700
2021-05-13,66000,602000,33450,75400,337500,35400,64200,1180,55100,40100,73087,167418,31000,80789,12017,125317,866000,55300,12500,11700
2021-05-14,70200,626000,35900,74700,342500,35250,66300,1190,53700,41800,65337,170956,33450,85502,11872,128426,948000,56200,12664,11750
2021-05-17,69800,623000,37650,75200,344000,34200,66100,1161,55700,41000,65827,174494,35950,86079,12065,128814,874000,55000,15936,15250
2021-05-18,70100,631000,38250,76100,349500,36200,66300,1199,55700,41150,70831,167896,38400,84252,12161,130368,894000,44600,15053,16150
2021-05-20,69900,636000,38200,76400,351000,36900,66500,1190,57000,41750,70242,166271,39000,84444,13320,131728,891000,45500,15184,14200
2021-05-21,70300,643000,37050,73400,360000,37600,66900,1261,54100,41950,68574,167323,40000,84252,13416,129883,861000,43650,15936,14850
2021-05-24,68800,635000,36950,74000,355500,35850,65100,1251,53600,41150,65337,159387,40100,84636,14044,127066,858000,47550,13973,13850
2021-05-25,68800,643000,38650,76300,358000,36450,65800,1323,54000,41800,66514,163402,42700,86079,14188,132409,850000,47050,14497,13800
2021-05-26,70000,637000,38600,76400,363000,38500,65700,1442,54300,41850,66220,161203,42250,85117,15540,130466,835000,47550,15118,14750
2021-05-27,70000,636000,39000,76800,358000,38000,65400,1461,56000,42450,69065,162542,42450,87137,16215,129688,817000,48800,14693,15150
2021-05-28,69600,640000,38250,76300,358000,37800,67900,1604,54900,42100,68476,162638,42700,87810,17229,134157,827000,48500,14726,14050
2021-05-31,66100,615000,39600,77700,362500,36800,65700,1937,54500,42350,68771,162351,43700,85117,19207,135323,845000,47500,14988,14250
2021-06-01,66900,616000,39650,78200,367000,37350,66400,1941,58000,44450,69163,163402,44300,85117,19063,135031,832000,42900,15085,13950
2021-06-02,66300,611000,38800,79600,363000,36700,65500,1994,58200,44550,70144,161777,44400,84252,21283,132117,818000,43650,15021,13900
2021-06-03,66200,620000,39400,78300,362000,36850,66600,2360,56800,44700,69065,167036,47000,84636,21958,132797,824000,44250,14660,14500
2021-06-04,65800,621000,38650,77800,357000,37050,66100,3064,56200,44450,67495,165984,43750,83867,24226,133186,840000,44050,14497,14350
2021-06-07,65300,622000,39450,77000,362500,38700,66700,3983,56600,44900,68672,165123,45950,89253,30886,131534,842000,42150,13711,14100
2021-06-08,64500,615000,39500,77900,362500,37650,67000,3283,54000,45250,68280,162542,43350,89541,24468,136974,855000,46000,14170,14800
2021-06-09,63100,606000,38950,77000,358500,37000,67000,3045,54600,45950,67495,162159,44350,87329,25192,131923,834000,42900,13482,14150
2021-06-10,65600,610000,38900,77700,373500,37500,66400,2955,55500,46000,67201,169904,44800,89061,22586,133769,855000,38200,13416,14350
2021-06-11,67400,638000,39950,75600,372500,37450,68100,2955,54300,47250,66907,169235,47950,90503,22923,134837,845000,38150,13122,15050
2021-06-14,66900,639000,40850,75400,387000,38050,69200,2860,53400,46650,68084,173824,47100,93100,22730,152129,853000,38400,14529,15250
2021-06-15,68800,653000,41300,75400,387000,39450,69800,3069,53900,47100,67495,174207,51000,90400,22779,146009,842000,37800,14660,17500
2021-06-16,68700,656000,40300,75400,391000,39000,68900,3117,54200,47250,68574,172199,51400,89600,23599,143872,833000,39500,14398,17150
2021-06-17,68500,650000,40800,75500,389500,37950,69600,2988,55000,51800,67299,185680,55000,89700,23261,145232,833000,38200,15085,17900
2021-06-18,70000,674000,42950,74600,398000,38400,70600,3060,56600,55900,68378,199353,54800,93500,24371,150283,836000,38050,19601,21500
2021-06-21,67900,681000,43050,74000,397000,38900,69700,3079,55500,57000,71125,200309,53300,92000,24902,161941,854000,38050,21761,22100
2021-06-22,67100,683000,42150,73000,391000,40750,69100,3564,56400,57100,69555,204612,54000,90600,25819,161941,846000,38700,21794,27500
2021-06-23,74000,684000,42900,68500,423500,42500,71000,3050,56100,57400,71321,208627,55700,91600,25095,165632,857000,40200,28306,23900
2021-06-24,72100,690000,42150,66000,419500,44100,71700,2912,54300,56300,70536,220197,56500,95000,23792,165923,855000,40850,26768,25200
2021-06-25,71000,688000,40200,66400,410000,43550,72100,2984,54700,56300,71223,221918,54000,93000,23889,151157,849000,39700,27160,24300
2021-06-28,69600,679000,39950,65400,408000,45100,72500,2893,58700,56500,70634,224690,55100,91100,22923,151060,843000,41100,26866,27350
2021-06-29,70300,686000,39750,65000,411500,46650,72500,2912,59300,57900,74853,223447,59200,91800,23358,150672,846000,40550,25917,27000
2021-06-30,74000,698000,40500,64000,417500,46750,73000,2922,58200,57000,75049,226603,58800,91700,23020,152712,841000,41300,30957,30250
2021-07-01,72500,724000,40750,63800,413000,47800,73300,2884,57000,56600,80641,229089,58700,90400,23985,158055,855000,41650,30531,30700
2021-07-02,71300,723000,40100,63900,414000,46200,72200,2912,56500,56500,81916,229089,60800,90200,23889,158055,855000,41600,32626,29700
2021-07-05,72700,722000,40750,64000,410000,46150,74900,2884,55500,57100,90353,229758,61300,90200,24082,163106,867000,42500,33247,28400
2021-07-06,75500,747000,40100,64100,409500,44300,74800,2893,55100,56300,83290,222778,60300,89200,25143,160095,850000,42600,33313,29050
2021-07-07,76800,749000,39100,63700,417500,40050,74700,2869,55000,57300,81916,223256,59800,93400,24468,161649,845000,46000,33706,28900
2021-07-08,73100,732000,39000,62000,422000,38500,71700,2760,55000,60900,82701,217806,58500,92700,24371,158346,863000,44700,34556,29100
2021-07-09,74100,736000,38650,60800,415500,37800,71000,2836,53000,58600,80739,219432,59800,95000,25192,156015,857000,43750,34098,29350
2021-07-12,76600,730000,39150,61600,418500,38450,71200,2774,53400,58100,83290,216563,62300,93400,24613,159318,870000,42500,33575,30500
2021-07-13,83000,750000,39950,62400,441000,37950,71800,2703,53600,59000,81132,213695,65400,111000,24613,156792,865000,39750,30139,29200
2021-07-14,84500,745000,40700,61800,444000,38200,75700,2708,53400,59400,79758,208723,65400,116500,24999,151157,864000,40000,30826,30800
2021-07-15,82000,750000,40300,62100,449000,38200,75100,2679,53000,60000,78777,219336,64400,116500,25143,152809,874000,39800,32593,30850
2021-07-16,83600,749000,40250,62300,447000,37700,76800,2622,52900,58500,79268,213886,64000,117000,24226,153198,899000,38250,33837,30900
2021-07-19,81600,743000,39850,60800,443000,37450,79100,2622,52600,59400,75932,224499,62300,121600,23937,148049,916000,38400,33771,31500
2021-07-20,76600,731000,39600,60500,439000,36400,81800,2555,51900,57100,76521,222396,60800,114700,24226,148535,913000,37550,37763,31500
2021-07-21,76100,733000,40150,60100,428000,36850,83000,2508,52300,57700,75736,200309,60800,113500,23551,144746,901000,38150,34360,38450
2021-07-22,74400,738000,40550,60800,440000,36250,83400,2532,52300,58100,75442,200787,62600,111600,22682,144066,884000,36650,33247,40950
2021-07-23,75500,751000,41850,60000,452000,36850,83900,2489,52200,58100,75540,203464,63500,111700,22586,143774,893000,36850,32920,33000
2021-07-26,76000,737000,42350,60000,452000,36950,82600,2489,52200,59100,73578,201743,63800,113000,22006,141540,894000,36000,30564,33550
2021-07-27,75900,760000,40600,59600,452000,36000,83000,2532,52300,58700,72891,201743,62400,111500,22151,141054,908000,36900,30957,29200
2021-07-28,74600,759000,40250,60000,442000,36600,81200,2484,52100,58600,72204,199544,61400,109200,21765,139792,906000,37150,30335,28200
2021-07-29,74700,765000,40500,57700,439500,37300,81000,2489,52300,60700,72597,201648,61800,108300,21765,139500,911000,38000,28993,28600
2021-07-30,74500,741000,40000,57600,433500,37050,80400,2470,52200,61200,70340,193234,58800,107300,20993,135031,890000,37150,27160,27450
2021-08-02,72800,747000,40000,58100,433500,37450,80000,2427,52300,61000,71517,193042,60200,104700,21041,141540,913000,37300,27488,28800
2021-08-03,72600,749000,39450,57400,428000,37050,79000,2341,52800,61900,71517,189696,62700,105400,19980,141832,909000,36850,27063,29850
2021-08-04,72500,745000,40750,58700,433000,38600,78600,2470,55600,61600,76913,192756,71900,105900,20897,142997,903000,36200,27455,29600
2021-08-05,77500,771000,41300,59300,442500,38900,81500,2703,56700,63500,76619,190939,69300,114700,20897,142026,912000,37800,27750,29500
2021-08-06,79000,776000,43800,59800,444500,38900,80900,2608,56000,68600,77404,190078,69100,112600,21620,142220,919000,39000,28273,28750
2021-08-09,82200,778000,44600,58800,447500,37350,81500,2489,55400,68300,73087,183672,69700,115700,20703,137266,909000,37600,27750,28150
2021-08-10,80000,800000,43900,58100,446500,37250,81500,2484,55800,67000,74951,183672,68400,118300,20752,136197,947000,40100,27455,27800
2021-08-11,79600,802000,43600,58200,445000,37500,79700,2498,55900,70200,74559,184055,68500,123100,20607,151740,975000,43750,27586,29600
2021-08-12,86200,817000,45450,57600,440500,37450,81900,2546,56000,70500,74362,181665,66900,129300,20945,156889,972000,43400,27128,28300
2021-08-13,81800,817000,44600,56400,436500,36200,80700,2484,55000,68000,75932,185011,65300,129800,20076,158832,983000,43600,25983,28400
2021-08-17,77200,794000,43400,55100,428500,35400,75300,2360,46400,66500,72793,185107,63800,117000,19931,160289,1012000,45750,25459,28150
2021-08-18,78800,794000,42250,57000,429000,35650,77300,2403,46250,69900,72891,183577,68000,122100,20173,162523,993000,41100,24248,29000
2021-08-19,75900,777000,40300,54800,424500,34850,76700,2284,44000,67900,71223,175450,65600,123600,18821,156986,975000,39250,23136,27750
2021-08-20,74000,772000,38800,54300,422500,32600,74600,2222,44500,67000,69261,176693,63000,119300,18821,157375,986000,38200,22776,28650
2021-08-23,74300,798000,40800,54800,429500,33850,75800,2313,44150,67400,70536,179083,67300,119500,19111,170295,1009000,40450,22906,26750
2021-08-24,72400,770000,42950,56900,437500,35100,75900,2327,45750,68200,72400,180039,72100,114600,20028,167381,956000,41000,23627,24000
2021-08-25,73100,776000,43900,56700,430500,35400,76400,2384,45100,67900,71910,186923,72400,116000,20124,166215,963000,41600,23365,23900
2021-08-26,71500,765000,44850,56300,423500,35000,75500,2336,44250,67700,70634,173251,72800,112200,19400,164369,954000,41750,22580,23150
2021-08-27,72400,765000,43800,56800,420000,34500,75300,2336,43600,67900,71812,173729,72100,111000,19738,166506,947000,41900,22547,22850
2021-08-30,71700,763000,42300,56200,428000,34550,73900,2398,43550,68600,72204,174876,69500,108600,19690,162621,947000,40600,21434,23400
2021-08-31,73700,793000,42650,57800,439000,36300,75700,2375,44900,72000,72008,174589,69100,115800,20173,167964,965000,40250,21565,22800
2021-09-01,72800,788000,42350,57800,445000,35650,75500,2417,44650,71800,73381,178796,68600,115700,21138,164952,962000,41350,22121,23350
2021-09-02,70200,750000,41300,57000,442500,35850,72900,2394,45300,70600,72400,174780,66900,110200,20559,161455,948000,41650,20583,23050
2021-09-03,71600,760000,40650,57000,452500,36450,74000,2455,46150,69900,73087,174780,65600,111500,20993,158346,951000,43550,21860,23750
2021-09-06,73500,767000,40700,56800,454000,36450,75200,2484,45600,71500,74068,173633,65000,110200,21090,155918,954000,41750,25066,22950
2021-09-07,77400,775000,41400,57400,444500,36500,78100,2503,45800,70400,73185,172868,68400,118800,21138,156112,950000,40700,24968,23400
2021-09-08,76800,770000,40100,54900,409500,36900,77000,2513,46250,71500,72106,150877,63900,120400,20414,151255,931000,39800,23594,22500
2021-09-09,76300,749000,40100,52900,399000,35900,77200,2465,45350,71000,71223,147339,62900,124700,20173,149117,913000,41800,25328,22850
2021-09-10,76600,750000,39800,53400,410000,36300,76900,2479,45200,70100,70536,149634,63100,128900,19690,147855,925000,42050,25393,21350
2021-09-13,78800,741000,39500,52600,408000,36000,82800,2532,45900,67000,70536,145332,63300,149900,19594,144454,913000,41550,24510,21450
2021-09-14,78600,755000,40250,53800,402500,36350,83900,2532,46700,67900,70340,145618,64300,153800,20269,144454,913000,42500,24772,22150
2021-09-15,80100,750000,40050,53200,400500,36200,83900,2636,46250,67500,69850,152025,66200,154500,20317,149895,936000,44850,24706,22150
2021-09-16,81100,725000,39700,52600,402000,34900,87100,2574,47050,68400,68771,148487,64900,153600,21090,146300,916000,44450,23790,21750
2021-09-17,78400,725000,40150,53100,403000,34950,82400,2536,46300,69900,68378,151451,65000,150800,20897,149215,933000,46000,23005,23050
2021-09-23,77500,731000,39750,51700,400000,34950,83600,2455,46400,69000,67495,151546,64900,159100,20366,159318,920000,51300,23070,21600
2021-09-24,79700,726000,39350,50800,405500,34300,86700,2403,45900,67900,66907,155562,63400,190400,19835,152129,922000,52800,22743,22000
2021-09-27,82500,735000,39700,50400,403000,33800,98900,2384,45100,66200,64748,154319,63600,193000,19931,147272,920000,50800,22350,21400
2021-09-28,79800,715000,40100,49200,392500,33850,100500,2332,43900,62800,60334,152216,63600,180000,20269,144746,871000,50700,21990,20900
2021-09-29,83700,709000,40200,49750,387000,32800,106500,2322,42350,62800,60530,150686,63000,175300,19738,142803,874000,49950,24052,20750
2021-09-30,91500,718000,42650,49050,388000,33250,104000,2279,42650,62500,60922,151929,69200,179000,19835,142123,874000,56100,22449,20850
2021-10-01,88400,707000,41400,47900,382000,32400,103000,2170,41400,59600,58372,146766,71000,182400,19014,136003,875000,56300,22449,20400
2021-10-05,92300,680000,43400,49500,370500,30250,109500,2160,40600,59000,56409,140264,79000,183000,18821,122111,812000,46900,20649,19400
2021-10-06,92400,666000,42800,49250,373000,29250,101500,2022,39350,57100,54840,140933,78200,166600,17518,115894,791000,40400,18914,20000
2021-10-07,89000,667000,43100,50100,393500,32050,101000,2189,40350,58800,56998,141507,76300,173000,18339,118517,815000,46950,19649,22100
2021-10-08,96000,686000,42200,49750,388500,31950,104500,2141,39950,57300,57096,142368,76900,182700,18435,121334,830000,49000,19716,17850
2021-10-12,94500,663000,40750,47700,372000,31450,105500,2146,38600,56800,54938,137396,74800,188000,18290,119003,834000,50700,18881,17200
2021-10-13,97000,671000,41050,47950,382000,31800,109500,2170,39500,54300,56508,140933,74800,213100,20993,118711,829000,48750,18847,17550
2021-10-14,96500,692000,42100,49700,395000,32800,108500,2213,40200,57700,59058,149156,77600,209200,21669,120945,859000,49000,19215,18700
2021-10-15,97300,712000,41950,52100,393500,32850,111000,2275,40500,61600,58862,144854,76800,206400,22634,120363,869000,46900,18981,19100
2021-10-18,98900,705000,42800,52000,396500,32950,110500,2232,39250,60900,57881,144375,72800,212200,22296,118808,858000,46750,18279,18600
2021-10-19,99200,727000,43900,52000,407500,33100,117000,2251,36700,60400,58960,145810,75500,218400,22200,119294,868000,46800,18547,20400
2021-10-20,94200,727000,48950,52500,407500,32950,109500,2222,36650,59400,58470,144949,79400,211100,21041,118711,875000,48800,18680,20500
2021-10-21,90000,723000,49500,51700,410500,33000,107000,2198,38500,58200,58077,145810,76600,197800,22296,117642,868000,50000,17678,19500
2021-10-22,87500,737000,50000,51600,407500,32900,104500,2175,38400,57700,57881,146288,75100,194900,21813,118711,880000,51100,17979,20250
2021-10-25,89100,733000,49000,52700,402500,33150,105500,2217,39000,56700,58175,147626,74900,185600,24854,116865,877000,52000,17878,19700
2021-10-26,89900,746000,53400,52800,412500,33500,105000,2246,38600,57000,58666,151068,81700,186800,25192,121043,879000,52800,18045,20850
2021-10-27,88400,750000,53600,51600,414500,33000,104500,2203,38500,56000,58175,147531,83100,186500,24806,118322,898000,52400,17678,20200
2021-10-28,84100,746000,52300,50600,413000,32950,103000,2165,37550,58700,57391,149252,78000,182900,23358,116865,886000,49050,17711,19900
2021-10-29,84400,734000,52400,49600,407000,31600,100500,2146,37100,54100,55919,143037,78200,184100,23551,110065,871000,47700,16742,19700
2021-11-01,81500,723000,53300,50600,408500,32100,97600,2175,36650,54400,57587,147722,80300,184700,23213,112688,874000,47300,20084,20000
2021-11-02,80400,731000,53700,51000,410000,33050,98400,2246,37000,56400,58764,150303,79400,190700,24226,114825,874000,46150,18881,20350
2021-11-03,81100,732000,52900,50000,402500,33400,99100,2170,36550,55400,57587,148869,77300,191600,23744,116671,874000,46100,18213,19750
2021-11-04,84600,751000,53000,50500,411500,32500,103000,2189,38400,58400,57096,145810,75600,205000,25336,115602,865000,46500,17979,20000
2021-11-05,84100,755000,51100,49400,410500,32550,102500,2151,37000,56300,57783,146957,76100,209200,25578,115117,864000,45500,18580,20250
2021-11-08,85600,744000,52600,49700,408000,31700,106000,2146,38300,55800,56409,144567,79400,210300,25626,108414,823000,40500,18213,18750
2021-11-09,88500,748000,54200,49750,417500,31650,109000,2132,38450,55700,55919,143611,80500,222800,25481,112300,826000,38650,18680,18650
2021-11-10,86900,748000,52100,48400,414500,30800,103500,2075,37300,54100,55527,146192,76100,207800,24806,114340,820000,37250,18714,18400
2021-11-11,99500,753000,53000,47700,407000,30450,107500,1813,36650,51500,53564,143706,78000,216400,24902,113174,819000,35650,18313,18050
2021-11-12,110100,751000,51800,48250,409000,32000,109000,1732,38550,55000,54742,138352,77000,229700,25288,114922,833000,37550,18847,18450
2021-11-15,109500,754000,53300,48650,411000,32750,108500,1899,37950,57000,56900,150208,80400,232100,24661,133477,864000,36600,18914,18800
2021-11-16,113600,760000,54000,48600,405500,32450,114500,1861,37950,58000,56802,145523,79900,231500,24806,131728,872000,37000,19081,19000
2021-11-17,112600,762000,55400,47550,401000,31500,114500,1827,38000,60400,54840,144854,84000,238000,24516,124443,850000,35050,18246,18100
2021-11-18,111000,763000,54700,46500,407000,30900,129500,1813,37250,64200,53859,141985,79300,249300,23599,122305,841000,35000,17778,17650
2021-11-19,108700,757000,51500,46850,404000,30700,130500,1803,37150,65000,53957,138161,77200,248000,23213,125025,892000,35600,17711,18100
2021-11-22,105700,746000,50400,46850,410000,31250,126000,1837,37150,63600,55036,139308,73600,232300,22875,125123,876000,34050,17310,18150
2021-11-23,101500,737000,49800,46100,400000,30600,126500,1808,37300,62400,53663,136822,71400,228300,22827,117740,855000,34800,16542,17650
2021-11-24,105400,730000,50600,46200,395000,30300,131500,1818,37200,61900,53368,136822,74300,240900,23165,118614,849000,33000,16976,17200
2021-11-25,104300,715000,49900,45600,397000,30150,134500,1803,36650,59800,52682,136726,74200,234300,22489,118808,847000,33100,17310,17700
2021-11-26,107000,713000,47400,44150,389500,30300,137000,1770,36000,57800,53270,136631,70000,233300,22248,121820,870000,35500,18446,18250
2021-11-29,109700,709000,47050,43250,386500,31700,139500,1756,34800,56300,51995,134432,69800,229500,19207,118808,884000,41050,20251,18100
2021-11-30,110900,688000,45400,41250,381000,30900,128500,1713,34950,55300,49150,125253,67300,224300,18339,116574,889000,38000,19716,17700
2021-12-01,107000,693000,45650,41800,390000,30900,130500,1742,33850,55800,49542,129842,67300,212800,19207,118614,891000,41250,21153,17800
2021-12-02,94200,685000,44350,43550,398500,31500,121000,1732,35750,56200,52093,136248,64500,205600,19159,118517,892000,41000,19850,18300
2021-12-03,96000,692000,47200,44400,402000,31750,123500,1775,35700,56100,52583,139212,71800,211000,19449,119003,900000,40900,22900,18600
2021-12-06,94200,698000,46500,44750,392000,31600,122500,1775,36100,58100,52289,139499,70700,202600,20028,116574,901000,41200,22750,17850
2021-12-07,92800,691000,48000,45600,391000,31950,123000,1789,37200,61900,53172,141985,72500,202000,20028,116574,877000,41000,21550,18700
2021-12-08,95800,710000,48250,44800,395000,32750,127500,1837,36550,59800,54546,142559,73300,214500,20462,119974,914000,41800,21600,18800
2021-12-09,94800,708000,48650,45700,399500,32650,128000,1827,37300,59900,56704,144854,74700,216100,20897,121723,916000,41400,21300,19500
2021-12-10,93800,709000,47650,45850,395000,31900,121500,1803,37150,57700,55330,144375,76100,205900,21234,121334,901000,39600,20600,19800
2021-12-13,91200,703000,47200,45250,390500,31300,120500,1832,36750,57500,54938,141698,75500,203300,21524,119003,872000,36950,20100,18600
2021-12-14,90500,680000,46850,45450,392000,30800,120500,1775,35750,56400,55134,142846,73500,199700,20848,119974,890000,38100,20300,17350
2021-12-15,89200,674000,46700,46550,387500,31700,118500,1746,36550,56400,54644,144662,71900,204500,20945,121528,904000,38100,20550,17000
2021-12-16,90700,683000,48450,46200,387500,31900,119000,1727,36300,56300,54349,144949,71500,207000,20752,121917,958000,38000,20200,17000
2021-12-17,90200,680000,47650,45800,384500,31900,119500,1727,35950,56000,55723,145140,71400,199600,20945,123860,955000,38050,19400,16700
2021-12-20,87500,654000,47000,45000,373000,31650,122000,1699,34800,55100,54644,142654,70100,198300,21041,123957,935000,38050,19300,16850
2021-12-21,89000,645000,49150,45100,375000,31500,120500,1670,34650,55400,53957,143419,72100,200700,20559,124637,929000,35950,18400,16400
2021-12-22,90300,632000,49650,45150,378500,30950,125500,1689,34750,56900,54349,142176,73200,202100,19931,122111,901000,34400,18200,16250
2021-12-23,90300,643000,48700,45450,378000,30800,126500,1604,34850,58000,53663,141411,70900,209900,19690,123471,896000,34500,17500,15700
2021-12-24,90600,651000,48850,45700,384000,31300,126500,1665,35200,56700,53859,143037,72000,210800,19545,124734,885000,33200,16550,16000
2021-12-27,91100,644000,49200,45600,380500,31600,124500,1661,35200,55600,56802,147053,74100,206900,19449,131146,886000,35050,15300,16550
2021-12-28,96700,651000,51400,45950,384500,31800,130000,1675,35000,57400,56900,148200,78100,224700,20028,136100,891000,33500,14850,16350
2021-12-29,97400,663000,50300,45300,382000,31850,133500,1751,35350,56400,55000,146000,74900,222600,20800,126700,890000,34950,15650,17800
2021-12-30,98800,655000,50700,44350,378500,31050,135000,1694,35850,56300,54200,143900,74200,222400,20400,124400,903000,35050,16200,17800
