date,1790,17940,16610,82640,1750,49800,4960,21320,13580,16250,25000,306200,3650,117580,35890,4090,5010,93050,60380,2200
2019-01-02,1900,55100,4320,4675,6730,2755,16850,7000,21100,26819,52000,56700,78900,5300,1150,6654,11500,25050,1529,19400
2019-01-03,1910,53500,4300,4695,6680,2685,16600,6990,21050,26616,53000,56900,75300,5300,1170,6705,11500,25150,1544,18700
2019-01-04,1895,53700,4360,4640,6680,2635,16450,6990,20850,26651,53900,57100,74400,5300,1150,6783,11400,25250,1585,18400
2019-01-07,1950,54300,4485,4760,6680,2700,16600,7080,21250,26786,53500,57700,75500,5350,1170,6964,11650,25650,1600,18700
2019-01-08,1945,54500,4460,4730,6680,2590,16500,7230,21550,26414,52900,57800,76000,5340,1175,7249,11550,26150,1626,18650
2019-01-09,1985,54100,4455,4780,6700,2605,16600,7580,21350,27226,51600,58300,75700,5340,1200,7275,11950,26400,1643,18950
2019-01-10,1980,53800,4470,4835,6670,2610,16550,7620,21400,27394,50100,58000,75800,5300,1190,7171,11850,26200,1628,19200
2019-01-11,1995,54000,4430,4880,6700,2605,16250,7700,21300,28409,50000,58000,76000,5300,1225,7586,12200,25850,1636,19200
2019-01-14,2100,54500,4350,4880,6680,2790,16450,7920,21600,28477,49900,59000,75300,5270,1230,7637,12300,25550,1641,19100
2019-01-15,2105,55300,4450,4915,6680,2630,16650,7920,21500,28984,49000,61300,75300,5290,1255,7741,12650,24950,1636,19450
2019-01-16,2090,55600,4510,4800,6750,2610,16700,8020,22500,29119,48950,63300,75600,5300,1290,8311,12950,24500,1631,19350
2019-01-17,2115,56200,4520,4970,6760,2510,16650,7840,23050,29389,49150,62400,75700,5320,1275,8129,12700,24600,1638,19300
2019-01-18,2130,58200,4550,4980,6810,2535,16600,7850,23000,30573,50400,65700,76000,5340,1290,8440,12900,24700,1697,19300
2019-01-21,2135,59900,4615,4820,6800,2595,16600,7860,22750,30472,51500,66500,76000,5280,1260,8259,13100,24850,1722,19500
2019-01-22,2135,60300,4615,4855,6760,2515,16450,7800,22450,30506,51800,65900,76000,5300,1265,8259,12700,24550,1720,19500
2019-01-23,2110,60600,4555,4890,6800,2530,16550,7930,22750,31284,51500,65100,76000,5270,1275,8311,12800,24350,1727,19350
2019-01-24,2100,60400,4865,4915,6860,2535,17100,8100,22800,31622,53400,65200,76000,5290,1270,8129,13200,24100,1692,19500
2019-01-25,2100,60600,4995,5060,6960,2590,17350,8350,23750,31521,52300,67700,76400,5290,1285,8103,13200,24250,1697,19450
2019-01-28,2100,60500,4970,5040,6940,2625,17300,8250,24650,31723,51600,66500,76600,5330,1280,7974,12800,24650,1704,19400
2019-01-29,2060,60000,4900,5050,6940,3410,17200,8120,24100,31419,50800,65200,77000,5320,1230,7793,12600,24900,1687,19400
2019-01-30,2010,60300,4890,4980,7030,3385,17550,8560,26000,31182,52900,66700,77100,5300,1310,8078,12950,24400,1722,19500
2019-01-31,2010,60700,4910,4910,7090,3370,17700,8640,25750,31351,53000,66900,77000,5310,1300,8207,12950,24650,1704,19500
2019-02-01,2000,60500,4965,4995,6930,3360,18750,9460,25700,31960,55000,66100,76900,5330,1315,8492,13150,24650,1748,19850
2019-02-07,2000,59300,4995,5130,7030,3295,19250,10150,26000,31960,55400,67300,76700,5400,1340,8725,13400,24200,1781,19850
2019-02-08,2000,59000,4940,5160,7000,3180,19100,9990,25550,31757,54300,67500,76800,5390,1320,8518,13200,24350,1760,19600
2019-02-11,2000,60400,4930,5110,7040,3395,18800,9510,25500,31892,54500,65400,76400,5360,1315,8388,12800,24200,1715,19550
2019-02-12,1950,60200,4960,5070,7090,3360,19000,9620,26150,32062,56000,65700,77700,5370,1305,8362,12800,24400,1735,19650
2019-02-13,1940,59600,4940,5110,6990,3715,19000,9520,26500,33076,56300,65700,77400,5380,1305,8440,12750,24950,1742,20750
2019-02-14,1940,59500,4960,5110,6990,3640,19100,9290,26150,34159,55800,66700,77400,5370,1295,8233,13000,25100,1753,20650
2019-02-15,1955,58400,4875,5030,6980,3435,18950,9040,25550,33854,56200,66600,77800,5380,1295,8155,14050,24700,1737,20550
2019-02-18,1990,58400,4910,5130,7070,3265,19050,9080,25350,33685,56500,67100,77800,5380,1290,8207,13900,25850,1737,20700
2019-02-19,1975,58500,4800,5070,6970,3345,18800,9150,25400,33144,54900,68000,77500,5410,1290,8233,13700,25850,1722,20950
2019-02-20,2000,58400,4830,5030,7000,3175,18600,8910,25400,33178,55500,67700,77300,5420,1280,8129,13800,25550,1727,20850
2019-02-21,2015,58900,4895,4980,6980,3090,18650,8700,25150,32197,56100,67900,76900,5390,1255,7845,13650,25500,1727,21000
2019-02-22,2020,58300,4855,4950,6990,3070,18700,8710,24500,31588,55800,68000,76900,5400,1270,7896,13550,25900,1712,21050
2019-02-25,2045,58300,4835,5000,6950,2965,18700,8470,24600,31791,56700,67600,76900,5400,1275,7793,13550,25500,1727,21850
2019-02-26,2050,58200,4780,4985,6950,3010,18700,8780,24750,31419,57300,67000,76700,5410,1285,7922,13500,25600,1740,21650
2019-02-27,2070,58700,4800,5020,6880,3070,18800,8720,24800,31486,58500,66800,77000,5400,1305,7870,13650,25450,1742,21850
2019-02-28,2040,58400,4670,4825,6870,2875,18400,8000,24800,31622,58100,64500,77300,5350,1205,6990,12800,25400,1664,20700
2019-03-04,2070,58100,4815,4940,6870,2865,18250,7800,24650,31284,57900,63200,81200,5380,1200,6705,12800,26000,1681,21150
2019-03-05,2155,58300,4795,4840,6900,2885,18300,7720,24550,30371,57100,62000,81500,5380,1180,6783,12500,25400,1628,20900
2019-03-06,2165,58300,4800,4790,6940,3090,18550,7710,24250,29965,56500,63300,81000,5370,1165,6731,12300,25350,1626,21100
2019-03-07,2150,58500,4775,4810,6890,2970,18150,7490,24050,30438,56200,63300,81200,5340,1155,6680,11900,24850,1610,20800
2019-03-08,2140,58700,4750,4805,6880,2940,18000,7380,23400,30404,56400,61200,81000,5350,1145,6602,11850,24650,1593,21000
2019-03-11,2140,58800,4900,4765,6820,2770,17650,7430,23200,30167,56800,61500,81400,5370,1140,6395,11850,24450,1603,21050
2019-03-12,2150,61800,4865,4710,6850,2810,17500,7480,23300,30912,57200,62000,82100,5370,1175,6447,11950,24650,1598,21100
2019-03-13,2130,71600,4870,4750,6850,2745,17800,7400,23200,30608,58300,61900,82500,5360,1265,6369,12000,24650,1621,21500
2019-03-14,2170,68700,4880,4785,6810,2925,17800,7740,23950,30337,59100,62200,82300,5400,1265,6421,12250,25200,1628,21700
2019-03-15,2190,67500,4805,4710,6870,3100,17800,7730,23250,29999,58600,61400,82200,5380,1205,6239,12400,25850,1605,21700
2019-03-18,2175,66700,4930,4745,6870,3065,17700,7750,23650,30134,57800,62200,81300,5430,1220,6421,12350,25050,1613,22100
2019-03-19,2150,67600,5000,4790,6820,3065,17750,7800,23750,30912,56500,62200,78900,5440,1215,6421,12150,24700,1582,22150
2019-03-20,2170,65600,5020,4775,6860,2995,17850,7600,23600,31013,55800,62600,78500,5420,1200,6369,12150,24950,1585,22000
2019-03-21,2155,64500,5000,4730,6810,2940,17600,7430,23100,31013,55200,62700,78600,5400,1185,6317,11950,24400,1595,21650
2019-03-22,2120,66600,4980,4760,6810,2875,17450,7480,23200,31081,55200,62300,78000,5360,1190,6265,11950,24250,1595,21400
2019-03-25,2105,65200,4910,4615,6800,2795,17550,7330,23300,30134,53500,61000,77100,5310,1180,6188,11750,23750,1554,20650
2019-03-26,2105,65500,4880,4575,6830,2845,17850,7410,23600,29728,54800,61400,77600,5380,1170,6265,11950,24200,1565,20900
2019-03-27,2115,65600,4795,4545,6770,2920,17900,7400,23250,29999,54800,61000,80500,5420,1175,6162,11800,24300,1542,21050
2019-03-28,2100,64300,4710,4555,6800,2715,18350,7300,23550,29762,54800,60300,78700,5400,1160,6058,11550,24250,1565,21250
2019-03-29,2125,64500,4815,4595,6790,2675,18850,7600,24200,30067,54900,62200,78600,5410,1195,6343,12050,25000,1567,21700
2019-04-01,2090,64000,4885,4590,6830,2750,18950,7630,24750,31081,55500,62900,78600,5420,1210,6395,12050,25350,1588,22650
2019-04-02,2080,64500,4910,4590,6900,3000,19000,7650,25150,31081,59600,63000,79200,5430,1230,6343,12050,25900,1588,22700
2019-04-03,2090,65500,4935,4580,6930,3070,19250,7830,25200,31081,59300,62900,78600,5430,1245,6395,12100,25650,1608,22300
2019-04-04,2080,64700,4945,4550,6950,2810,19050,7880,24450,31791,60900,63200,79800,5420,1245,6317,12250,26800,1590,22450
2019-04-05,2075,63800,5030,4520,6880,2700,19100,7890,24500,31791,59400,64300,79800,5430,1255,6524,12400,27250,1638,22250
2019-04-08,2100,64000,5080,4515,6890,2630,19000,7840,24750,31453,59400,66900,79700,5450,1265,6447,12400,26800,1643,22250
2019-04-09,2080,64100,5080,4505,6900,2685,18950,7860,24600,31351,59500,69600,81200,5420,1290,6447,12450,26500,1646,23000
2019-04-10,2070,64900,5050,4500,6900,2645,18500,7850,24800,31351,59300,68700,80000,5440,1260,6421,12400,26550,1656,23000
2019-04-11,2060,65600,5060,4500,6940,2675,18600,7850,24850,32434,59200,67600,79800,5460,1270,6524,12400,26450,1648,23150
2019-04-12,2055,64900,5090,4575,6950,2705,18500,7710,24700,33685,59700,67700,79400,5470,1265,6343,12500,27150,1643,24100
2019-04-15,2055,64500,5390,4700,7070,2705,18500,7650,24650,32907,58100,66500,79300,5490,1270,6395,12850,26950,1646,24900
2019-04-16,2055,64800,5400,4625,7060,2700,18500,7580,25350,33279,58200,66900,79100,5500,1290,6369,12850,26450,1636,24600
2019-04-17,2050,64500,5310,4575,7150,2735,18550,7600,25300,33144,57900,68000,78900,5520,1275,6343,12700,26200,1631,25100
2019-04-18,2050,63700,5120,4505,7140,2720,18300,7500,24950,32670,57100,66300,80300,5500,1245,6317,12600,26050,1626,23950
2019-04-19,2040,65400,5120,4530,7220,2710,18200,7520,24850,33313,57500,66200,80300,5500,1265,6317,12700,26050,1626,23950
2019-04-22,2040,65000,5100,4525,7200,2715,18200,7520,24300,33550,56700,66800,80400,5460,1255,6291,12650,25500,1651,24000
2019-04-23,2205,64100,5100,4535,7270,2750,18500,7500,24350,36357,56700,66400,81500,5460,1250,6576,12700,25550,1654,23400
2019-04-24,2170,63900,5050,4490,7270,2765,18300,7470,23550,35410,56700,65000,81300,5500,1250,6421,12650,25050,1646,23400
2019-04-25,2075,64100,5040,4475,7270,2685,18250,7410,24100,35376,56000,65400,80300,5500,1235,6317,12500,24700,1618,22950
2019-04-26,2055,63600,5050,4500,7250,2695,18200,7450,24350,34293,55700,64300,80100,5500,1245,6188,12300,24200,1610,22750
2019-04-29,2065,64200,5090,4495,7190,2750,18250,7410,24550,35139,55700,64200,79700,5640,1250,6162,12250,24850,1615,23100
2019-04-30,2065,64300,5110,4535,7150,2715,18250,7360,25200,37439,56600,64600,79600,5610,1255,6136,12150,24900,1613,22850
2019-05-02,2070,63700,5110,4570,7180,2675,18150,7430,25350,39164,57600,64000,79500,5540,1265,6188,12300,25500,1618,22850
2019-05-03,2085,62300,5070,4530,7270,2665,18100,7420,25200,38894,57300,64000,79100,5620,1255,6110,12250,25450,1623,22750
2019-05-07,2090,62600,5010,4405,7290,2615,18000,7320,25200,38961,57500,63600,78700,5570,1235,6032,12100,24600,1595,23200
2019-05-08,2090,62200,5050,4410,7300,2615,18100,7240,24900,38691,57300,64400,78600,5560,1285,6084,12150,24600,1595,23300
2019-05-09,2085,63100,4995,4375,7280,2555,17950,7000,24800,37473,56700,61600,78000,5500,1225,5929,11700,23850,1585,22850
2019-05-10,2025,61500,4995,4295,7280,2580,17800,6960,24900,38859,57300,61900,78800,5430,1235,5955,11650,24300,1585,22750
2019-05-13,2005,60700,4855,4150,7280,2570,17650,6800,24700,38555,57000,61300,79600,5420,1245,5799,11750,24050,1588,22900
2019-05-14,2035,60300,4875,4130,7310,2575,17750,6730,25000,38657,58000,62300,81000,5460,1285,5799,11850,24050,1590,23250
2019-05-15,2025,60800,4990,4240,7400,2630,18150,6960,25150,39435,57900,61900,80900,5490,1280,5825,12000,23950,1595,23400
2019-05-16,2015,59800,4955,4205,7370,2770,17800,7000,25250,39570,55400,68100,80600,5480,1295,5929,11700,23250,1580,22250
2019-05-17,1995,58800,5000,4165,7450,2675,17550,7060,25250,39062,54300,69700,79900,5480,1335,5877,11750,23450,1588,21450
2019-05-20,2015,58500,5010,4240,7420,2735,17400,7050,25200,38420,51900,69600,81000,5440,1285,5903,11650,23300,1585,21850
2019-05-21,1995,58000,4990,4265,7450,2690,17400,7030,25300,38183,53400,69200,78500,5420,1280,5903,11600,22800,1593,21700
2019-05-22,2015,57300,4975,4170,7400,2605,17550,7100,25350,37980,53800,69000,80200,5420,1270,5903,11550,22750,1575,21500
2019-05-23,2030,56600,4940,4235,7410,2560,17100,6880,25100,38521,54300,69200,79400,5400,1275,5799,11450,22400,1554,21000
2019-05-24,2070,55900,4930,4175,7350,2530,16850,6880,25150,39502,55000,69200,79500,5420,1225,5722,11350,22350,1562,21050
2019-05-27,2045,55500,4870,4165,7350,2545,17300,6890,26350,39400,55100,68300,78400,5430,1220,5618,11400,22150,1567,20800
2019-05-28,2030,55300,4895,4160,7440,2525,18000,7060,27600,38927,55600,66700,78500,5400,1230,5825,11500,21900,1567,21050
2019-05-29,2030,56400,4840,4100,7330,2452,17800,6950,27300,37202,54700,66200,79300,5390,1210,5696,11300,21700,1570,20600
2019-05-30,2015,56700,4825,4030,7350,2380,17750,6970,27100,35985,54500,65000,79000,5400,1210,5670,11300,21550,1570,20550
2019-05-31,2000,57900,4830,3980,7350,2380,17500,7060,27000,35511,55300,64400,78400,5390,1220,5592,11450,21700,1575,20450
2019-06-03,2020,57600,4865,4025,7310,2355,17850,7030,27100,35849,55900,64300,77900,5370,1220,5515,11350,21950,1544,20500
2019-06-04,2015,58300,4930,4035,7340,2310,17750,7130,27050,35816,55400,64500,79500,5370,1265,5592,11450,21750,1547,20750
2019-06-05,2000,57800,4945,4000,7370,2380,18100,7100,27600,36188,56400,64600,78600,5370,1270,5644,11450,21700,1539,20800
2019-06-07,2010,57000,5000,3910,7430,2425,18150,7070,27100,36526,57300,64900,78000,5400,1315,5722,11550,21900,1529,20750
2019-06-10,2015,55900,5000,3890,7500,2447,18150,7150,26500,36086,55900,64700,78100,5450,1350,5877,11500,22100,1544,21300
2019-06-11,2050,56700,5040,3950,7580,2475,18700,7280,27700,36695,56100,65500,79700,5460,1400,5929,11800,21950,1575,21700
2019-06-12,2040,57400,5040,4045,7600,2445,19000,7400,28350,36627,56900,65300,78300,5480,1385,6110,11850,22200,1570,21900
2019-06-13,2105,57000,5050,3975,7600,2425,19000,7400,28550,35849,57000,66700,78500,5490,1485,6084,11800,22400,1570,21800
2019-06-14,2105,60300,5000,4010,7560,2492,19050,7290,28050,36053,56700,66300,78600,5500,1465,5955,11900,22250,1608,21650
2019-06-17,2170,60400,4995,4000,7550,2495,18900,7240,27750,36053,56500,66300,80200,5460,1455,6006,11900,22050,1577,21700
2019-06-18,2175,58900,4990,3990,7510,2465,18500,7200,28100,36695,55900,66300,78400,5500,1470,5929,11900,23500,1593,21650
2019-06-19,2180,59000,5020,4015,7610,2585,18700,7430,27600,36627,57000,69200,78500,5560,1430,6058,12450,22800,1577,21650
2019-06-20,2185,58800,5050,4265,7630,2560,18650,7430,28050,36661,56300,68900,78500,5590,1435,6032,12300,22900,1585,21650
2019-06-21,2185,58900,5110,4125,7730,2500,18700,7330,27650,36661,57300,76500,78600,5600,1455,6006,12700,23300,1580,21600
2019-06-24,2190,58800,5230,4150,7820,2450,18400,7500,27650,36965,57300,75800,77100,5530,1455,6162,12750,23000,1590,21450
2019-06-25,2195,57700,5180,4185,7840,2452,18400,7410,27900,37338,57800,73100,78000,5570,1370,6136,12500,23550,1565,21450
2019-06-26,2195,57500,5170,4330,7710,2445,18450,7460,27850,36695,59200,71500,78200,5540,1385,6058,12800,23300,1575,21600
2019-06-27,2200,57900,5240,4390,7750,2395,18550,7360,27800,35748,59300,71700,78100,5540,1380,5955,12400,23400,1572,21350
2019-06-28,2205,58200,5230,4365,7760,2360,18400,7240,27750,35545,58700,71300,77700,5520,1385,5851,12400,23000,1565,21400
2019-07-01,2210,58700,5180,4400,7760,2332,18450,7430,28150,36019,58800,72800,78700,5560,1370,5981,12450,23100,1577,21500
2019-07-02,2200,58700,5190,4445,7790,2330,18500,7360,27800,33820,58200,71300,78300,5550,1375,6084,12400,23050,1577,21350
2019-07-03,2190,57900,5010,4390,7740,2315,18300,7240,27500,32501,57900,70500,78100,5480,1370,5929,12200,22800,1565,21250
2019-07-04,2190,57700,5010,4390,7720,2322,18350,7230,27500,32873,57900,72300,78100,5530,1350,5877,12150,23200,1542,21250
2019-07-05,2195,57800,4965,4420,7670,2330,18250,7310,27300,32637,57600,73300,78200,5520,1380,5929,12400,24000,1570,21250
2019-07-08,2160,56700,4840,4275,7630,2230,17900,7070,27000,30844,56400,74300,78200,5500,1305,5903,11950,23650,1552,20850
2019-07-09,2080,56300,4830,4295,7550,2222,17550,6970,26600,30844,56300,72800,78000,5490,1300,5825,11700,23500,1537,20850
2019-07-10,2100,56200,4840,4290,7490,2215,17350,6960,26600,31081,56900,72000,78700,5480,1330,5799,11700,23850,1539,20800
2019-07-11,2090,56300,4920,4305,7500,2177,17600,7080,27100,31149,57500,73500,78200,5510,1380,5825,12200,23850,1547,21000
2019-07-12,2085,56300,4920,4310,7510,2132,17300,7060,26950,31182,57300,71700,80000,5510,1380,5773,12100,24750,1547,21050
2019-07-15,2085,55700,4890,4320,7510,2095,17150,6950,26750,30743,56800,70300,79600,5510,1330,5773,11700,25100,1532,21000
2019-07-16,2045,56400,4920,4285,7560,2085,17150,6900,26650,30708,58300,69600,78000,5490,1395,5696,11750,25250,1542,20800
2019-07-17,2025,56000,4835,4205,7390,2015,16850,6810,26150,30540,58900,68800,78100,5510,1345,5696,11500,25050,1521,20400
2019-07-18,2030,56800,4825,4295,7320,2025,16800,6690,26150,30743,58800,69800,78900,5480,1340,5696,11500,25250,1534,20250
2019-07-19,2020,57200,4905,4270,7260,2060,16850,6800,26450,31927,58700,69800,78200,5510,1350,5696,11700,25550,1524,20550
2019-07-22,1980,56900,4920,4260,7300,2075,16700,6750,26450,31622,59000,68800,78200,5510,1350,5696,11500,25700,1516,20500
2019-07-23,1965,56500,4935,4255,7350,2075,16550,6690,26450,31250,58900,68600,78000,5490,1340,5722,11550,25250,1519,20250
2019-07-24,1960,56400,4870,4180,7390,2032,16500,6690,26500,31216,58600,68700,78000,5500,1330,5566,11300,25500,1537,20200
2019-07-25,1940,55900,4810,4100,7240,2015,16000,6560,26550,31047,58000,68400,78200,5490,1275,5489,11100,25400,1506,19850
2019-07-26,1980,55400,4805,4030,7210,1967,15950,6460,26500,28070,57200,67500,78300,5470,1245,5230,10900,25250,1501,19350
2019-07-29,1990,53000,4600,3935,7000,1860,15700,6270,25850,26684,57400,66500,76000,5400,1170,5126,10550,24450,1468,18950
2019-07-30,1990,53900,4620,3900,7120,1815,15700,6270,25650,27157,57600,66700,76500,5370,1180,5147,10750,24450,1458,18950
2019-07-31,1975,53700,4580,3875,7040,1815,15700,6280,25500,26549,56500,64700,77500,5380,1190,5204,10700,24500,1453,18750
2019-08-01,2005,53400,4540,3775,7000,1825,15650,6170,25200,25873,56900,64700,77800,5410,1175,5204,10600,24900,1448,18600
2019-08-02,1950,53100,4475,3670,7000,1827,15950,6190,24100,25365,57000,63500,76700,5390,1175,5230,10500,24400,1450,18500
2019-08-05,1875,51100,4140,3390,6720,1700,15350,5790,22200,23336,55500,61800,74000,5300,1065,4929,10000,23450,1331,18100
2019-08-06,1780,49300,4080,3460,6740,1600,15500,5650,22500,23674,56300,62000,73500,5250,1060,4847,9900,23250,1364,18100
2019-08-07,1780,50000,4060,3400,6740,1722,15250,5660,22950,23810,55600,63100,75900,5250,1095,4883,10050,22900,1387,17850
2019-08-08,1780,50800,4200,3545,6810,1785,15800,5870,23200,24722,57000,63400,75100,5230,1130,5033,10250,23350,1412,18150
2019-08-09,1835,50200,4290,3570,6960,1815,15800,6140,23200,24859,56000,64000,74000,5260,1115,5131,10250,23450,1433,18150
2019-08-12,1840,50200,4330,3635,7000,1865,15600,6240,23200,24689,54200,63300,74000,5260,1135,5168,10300,22850,1392,18100
2019-08-13,1780,49200,4260,3600,7050,1862,16200,6220,23100,23911,54700,63700,74300,5230,1130,5080,10150,23200,1394,18900
2019-08-14,1810,49100,4335,3540,7070,1855,16200,6270,23300,24148,55600,62700,74200,5250,1135,5126,10300,22600,1417,18900
2019-08-16,1820,48000,4265,3475,7250,1800,16150,6210,23100,23370,55100,63300,75000,5250,1120,5090,10100,20700,1402,18150
2019-08-19,1830,48200,4320,3500,7260,1795,16450,6550,23200,23268,55400,63900,77000,5240,1145,5111,10300,21050,1410,18200
2019-08-20,1830,48750,4360,3610,7350,1795,16400,6550,23500,24249,55200,65000,76600,5220,1155,5121,10300,20950,1445,18500
2019-08-21,1810,48750,4380,3680,7330,1850,16100,6620,23500,24655,55100,63500,76700,5250,1170,5142,10400,20650,1445,18500
2019-08-22,1835,49100,4375,3690,7280,1820,15600,6610,23300,24385,55200,63800,79500,5240,1155,5111,10350,20350,1443,18700
2019-08-23,1825,49000,4350,3635,7260,1825,15650,6440,22850,23844,54600,62200,79500,5220,1145,5043,10250,20200,1425,18900
2019-08-26,1820,48400,4225,3585,7100,1825,15400,6240,22550,22491,54700,61000,78600,5210,1085,5023,9910,19550,1422,18400
2019-08-27,1815,47900,4205,3540,7150,1810,15300,6380,22400,23167,55300,60200,79200,5240,1095,5033,9980,19400,1422,18600
2019-08-28,1810,48000,4220,3575,7180,1785,15100,6250,22500,23539,55200,59500,79900,5240,1125,5069,10050,19450,1425,19100
2019-08-29,1830,47950,4205,3600,7130,1815,15250,6190,22400,23471,55200,60200,80000,5250,1110,5074,10050,19250,1422,19200
2019-08-30,1855,47950,4295,3670,7210,1870,15400,6320,22850,23607,55500,60800,77500,5300,1180,5204,10250,19300,1427,19350
2019-09-02,1880,47950,4300,3730,7220,1955,15400,6360,22750,23674,55300,61100,76600,5310,1170,5256,10250,19500,1450,19300
2019-09-03,1880,47950,4295,3730,7110,1927,15450,6350,22700,23877,56100,61200,76500,5290,1160,5162,10300,19800,1448,19400
2019-09-04,1920,48000,4305,3710,7150,1947,15400,6380,22700,23877,54200,61000,76200,5320,1175,5126,10350,19950,1453,19400
2019-09-05,1890,48200,4335,3660,7190,1972,15450,6430,22750,23776,54100,61500,76100,5340,1175,5230,10450,20000,1453,19150
2019-09-06,1890,48250,4385,3625,7180,1972,15250,6380,22600,23640,54000,61500,76300,5360,1170,5173,10500,19800,1511,19250
2019-09-09,1860,47650,4450,3700,7160,1970,15250,6420,22300,23742,53200,63400,76300,5360,1160,5173,10400,19800,1521,19300
2019-09-10,1875,48000,4440,3780,7210,1960,15300,6630,22850,23776,53700,63700,80000,5330,1205,5566,10500,20200,1521,19300
2019-09-11,1865,49350,4665,3800,7220,1972,15400,6710,22950,23776,53200,64600,78800,5370,1195,5670,10700,20400,1524,19300
2019-09-16,1935,50700,4675,3870,7360,2032,15650,6910,23800,24926,54000,64800,82500,5420,1245,7353,10850,20250,1534,19400
2019-09-17,1990,50700,4630,3850,7350,2010,15900,6940,23650,25129,54900,64300,81600,5440,1240,6887,10850,20600,1585,19500
2019-09-18,2010,50700,4615,3910,7420,2015,15750,6880,23400,24824,54400,64400,78000,5430,1245,6136,10750,20500,1593,19600
2019-09-19,2235,50700,4600,3930,7470,2027,16000,6830,23350,25602,54500,63800,77400,5400,1220,6032,10800,20450,1588,19800
2019-09-20,2380,50800,4630,3925,7430,2037,15900,6780,23700,26278,54900,63300,79500,5400,1230,6162,10850,20650,1585,19600
2019-09-23,2185,50000,4590,3950,7430,2050,16200,6750,23750,26110,55200,63900,78300,5390,1280,6239,11100,20650,1585,19900
2019-09-24,2330,49900,4605,3995,7420,2067,16150,6800,23400,26684,54900,63600,79800,5400,1260,6110,10950,20650,1547,19500
2019-09-25,2405,49400,4550,3945,7440,2025,15850,6710,23000,26245,53900,62000,78100,5390,1210,5877,10700,20350,1514,19400
2019-09-26,2245,49900,4560,3900,7440,2002,15700,6650,22500,26110,53900,61800,77100,5410,1195,5825,10750,20350,1488,19300
2019-09-27,2145,49500,4500,3825,7450,1977,15600,6650,22500,25974,54000,62200,78700,5380,1165,5877,10500,20200,1476,18800
2019-09-30,2095,49400,4535,3820,7420,1935,15650,6710,22250,25873,54300,61500,77300,5370,1160,5851,10450,20200,1483,18600
2019-10-01,2010,50000,4575,3770,7420,1967,15800,6720,22600,26008,55000,62200,77500,5380,1165,5851,10500,20550,1491,18700
2019-10-02,2010,49500,4440,3745,7430,1930,15750,6730,22300,25534,54000,62800,77400,5370,1155,5955,10400,20200,1488,18550
2019-10-04,1945,49200,4350,3710,7350,1865,15450,6710,22300,24622,53300,62400,77400,5340,1145,5981,10300,19550,1483,18550
2019-10-07,1950,49200,4350,3700,7260,1832,15350,6500,22150,24622,53200,61200,77200,5330,1115,5618,10150,19500,1481,18450
2019-10-08,1915,49250,4380,3755,7270,1810,15300,6450,21700,24486,53500,62800,77400,5300,1115,5540,10250,19550,1478,18600
2019-10-10,1880,49200,4450,3705,7270,1842,15100,6350,21700,24351,52200,62000,77600,5280,1125,5515,10200,19300,1481,18550
2019-10-11,1865,49200,4450,3730,7260,1812,15200,6420,21650,24148,53200,61800,78400,5320,1125,5773,10250,19000,1478,18750
2019-10-14,1890,49750,4470,3780,7360,1852,15550,6500,21900,24622,53900,64200,78500,5370,1150,5566,10400,19400,1476,19150
2019-10-15,1890,49400,4415,3765,7300,1860,15600,6520,21600,24655,53800,64200,78800,5360,1145,5618,10450,19550,1483,18950
2019-10-16,1890,49600,4410,3760,7350,1870,15750,6550,22200,24418,54300,63700,80000,5400,1155,5644,10400,19700,1483,19050
2019-10-17,1865,49700,4370,3730,7350,1870,15800,6570,21700,24317,54000,63200,81000,5380,1150,5644,10450,19650,1478,19050
2019-10-18,1850,48800,4375,3700,7390,1872,15900,6650,22150,24249,54100,63200,80900,5410,1170,5644,10450,19900,1501,19000
2019-10-21,1880,48600,4345,3715,7430,1867,15700,6500,21750,24046,53900,63600,79100,5410,1140,5489,10300,19700,1481,18900
2019-10-22,1865,48950,4350,3695,7440,1862,16050,6540,21850,23844,54000,63300,79100,5380,1145,5618,10300,19650,1463,18900
2019-10-23,1820,48850,4325,3625,7390,1800,15650,6390,21800,23505,53800,63000,78900,5420,1125,5540,10200,19200,1481,18800
2019-10-24,1825,49350,4365,3685,7430,1830,15450,6390,21950,23370,53700,63600,81700,5390,1125,5489,10200,19200,1483,18600
2019-10-25,1865,49300,4355,3635,7350,1850,15350,6390,21900,23235,53200,63900,80400,5400,1125,5515,10150,19550,1481,18550
2019-10-28,1865,49450,4280,3740,7440,1835,15100,6380,21900,24519,53400,63500,82500,5400,1125,5411,10150,19800,1473,18500
2019-10-29,1835,48850,4300,3700,7460,1807,15200,6360,21600,24081,53700,63100,82100,5440,1130,5437,10150,19400,1478,18550
2019-10-30,1840,48600,4225,3665,7450,1847,15300,6310,21750,23032,53700,62500,82400,5400,1125,5463,10150,19500,1488,18500
2019-10-31,1845,48800,4230,3665,7380,1850,15350,6340,21700,23370,53800,62200,79700,5410,1140,5463,10200,19650,1486,18500
2019-11-01,1840,48600,4235,3650,7400,1847,15400,6350,21700,23403,54300,62300,80300,5440,1150,5463,10200,19600,1463,18700
2019-11-04,1830,49650,4355,3760,7410,1770,15700,6440,21800,24283,54600,62300,79000,5470,1165,5489,10300,20000,1478,18600
2019-11-05,1850,49700,4320,3700,7440,1795,15500,6460,22050,24148,54500,62400,79300,5440,1170,5515,10350,19650,1478,18650
2019-11-06,1850,49500,4360,3730,7420,1767,15400,6650,22400,24283,54200,62000,79300,5440,1210,5618,10400,20100,1491,19050
2019-11-07,1855,49450,4380,3830,7400,1790,15450,6660,22900,24519,53300,61600,79700,5460,1175,5618,10300,20150,1491,19250
2019-11-08,1865,49700,4405,3860,7400,1792,15400,6670,22700,24215,53800,62100,80600,5450,1175,5618,10450,20200,1549,19350
2019-11-11,1870,49850,4445,4090,7410,1860,15600,6750,22450,23911,53600,62500,81400,5440,1185,5592,10400,20150,1524,18950
2019-11-12,1855,49850,4480,4045,7440,1842,15500,6750,22800,23978,54000,62500,81700,5500,1190,5592,10450,20150,1524,19000
2019-11-13,1830,49850,4420,4050,7450,1857,15200,6720,22300,23945,53800,62000,81100,5490,1170,5540,10350,20200,1491,19050
2019-11-14,1855,50100,4390,3975,7420,1850,15200,6730,22700,24486,54600,62300,81000,5500,1170,5618,10450,20450,1499,19100
2019-11-15,1875,49800,4400,4035,7800,1830,15450,6730,21850,24519,56700,61400,80500,5500,1165,5592,10300,19700,1514,19100
2019-11-18,1880,49600,4375,4060,7910,1842,15450,6600,21800,24283,57400,61500,81100,5490,1155,5696,10350,18950,1506,19100
2019-11-19,1870,49650,4360,4030,7980,1835,15400,6600,22400,24351,57400,61200,80900,5480,1135,5515,10350,18800,1514,19100
2019-11-20,1865,49300,4360,3990,7950,1782,15350,6520,21650,23810,56700,60700,80500,5440,1120,5489,10150,18550,1499,19100
2019-11-21,1870,49050,4280,3935,7950,1810,15250,6360,21000,23471,56500,60000,79100,5410,1100,5333,9980,18000,1476,19000
2019-11-22,1855,48800,4280,3940,7940,1762,15150,6390,20800,23268,56500,59700,80000,5440,1100,5411,10050,17750,1478,19350
2019-11-25,1860,48900,4280,4010,8040,1835,14950,6460,20800,24114,56900,60500,80200,5450,1120,5385,10200,17950,1491,19050
2019-11-26,1855,48000,4345,4095,8040,1825,15050,6590,20800,24215,57300,61800,80100,5450,1125,5385,10300,18000,1514,19200
2019-11-27,1840,48150,4315,4075,8080,1807,14950,6470,20800,24249,57500,62500,79800,5450,1115,5437,10300,18000,1506,19050
2019-11-28,1855,48000,4305,4010,8120,1830,15000,6470,20700,24046,57300,61000,79700,5440,1115,5359,10300,17850,1511,19100
2019-11-29,1830,48250,4300,3965,8160,1810,14800,6480,20550,23640,57300,60700,79600,5440,1105,5437,10300,17900,1514,19100
2019-12-02,1835,48000,4295,3960,8180,1812,14650,6460,20400,23370,58300,60800,80400,5440,1095,5385,10200,18000,1509,19200
2019-12-03,1825,47850,4290,3875,8190,1800,14650,6440,20300,23200,57900,61700,80000,5410,1100,5333,10100,17900,1504,19150
2019-12-04,1820,48000,4285,3790,8150,1790,14450,6360,19750,22795,57400,60600,79800,5400,1075,5256,10050,17650,1494,18900
2019-12-05,1825,47900,4255,3780,8180,1787,14500,6290,19600,22727,57400,60600,79800,5380,1050,5168,9990,17300,1483,19050
2019-12-06,1850,48100,4260,3775,8130,1802,14700,6250,19000,22795,57700,60700,78100,5380,1050,5230,10000,17300,1478,19150
2019-12-09,1895,48050,4270,3805,8120,1802,14500,6280,18900,22795,57400,60700,79100,5360,1045,5204,10050,17150,1496,19450
2019-12-10,1930,48000,4245,3835,8060,1742,14600,6160,19050,22659,56700,60800,79100,5320,1035,5230,9980,17250,1496,19400
2019-12-11,1925,47850,4250,3835,7970,1752,14800,6300,18700,22964,56400,60900,78700,5330,1035,5204,9970,17900,1494,19350
2019-12-12,1930,48350,4245,3920,8010,1712,15000,6420,19100,23167,56800,60800,79100,5340,1045,5281,9990,18200,1504,19350
2019-12-13,2085,47500,4375,4105,8040,1712,15150,6450,19550,23708,56000,61300,79600,5340,1060,5333,10050,18050,1499,19500
2019-12-16,2060,47550,4400,4095,7950,1722,15050,6480,19750,23607,56200,61100,79500,5360,1075,5359,10150,18500,1504,19250
2019-12-17,2020,48900,4400,4175,8030,1722,14950,6580,19800,23471,56100,61400,79100,5350,1075,5333,10050,18050,1501,19250
2019-12-18,2055,48600,4390,4180,8070,1717,14800,6480,19400,23167,56500,61200,78900,5390,1060,5256,10100,17850,1509,19500
2019-12-19,2030,48600,4375,4215,8060,1735,15000,6410,19550,23303,56600,61700,78700,5400,1070,5281,10050,18200,1506,19500
2019-12-20,2020,48500,4340,4215,8140,1735,14900,6510,19500,24283,57000,61600,78500,5400,1075,5307,10050,18200,1532,19800
2019-12-23,1955,48850,4380,4320,8360,1735,14250,6500,19550,24013,56600,61000,77800,5390,1065,5230,10000,18150,1529,19700
2019-12-24,1995,48800,4400,4435,8440,1735,14150,6490,19400,23978,58200,62000,79400,5380,1070,5281,10050,18400,1524,20150
2019-12-26,2015,49300,4440,4460,8560,1735,14750,6510,19950,24587,57300,61900,79300,5400,1095,5307,10200,18650,1534,20250
2019-12-27,1950,48200,4250,4070,8150,1732,14700,6510,20150,24452,55600,61800,78900,5280,1095,5359,10000,18200,1504,20000
2019-12-30,1995,48300,4235,4000,7850,1730,14800,6500,20250,24722,55600,60900,79400,5240,1120,5359,9980,18500,1499,19800
2020-01-02,1970,47950,4195,3955,7880,1735,14950,6480,20100,24519,55000,59800,79300,5210,1110,5230,10000,17800,1519,20200
2020-01-03,1965,48000,4185,3935,8400,1730,14850,6440,20000,24452,55000,60400,79300,5230,1135,5929,9990,18050,1496,20300
2020-01-06,1915,48300,4085,3830,8400,1690,14350,6360,19750,23539,54100,59100,79000,5830,1115,7689,9820,17500,1483,20300
2020-01-07,1915,48400,4095,3810,8640,1677,14250,6400,19500,23742,54300,59500,79100,5440,1115,7197,9900,17400,1488,20200
2020-01-08,1865,47450,3965,3705,8550,1630,14050,6180,19050,23167,54000,58100,82200,6090,1070,8052,9640,16800,1453,19450
2020-01-09,1890,46950,4010,3710,8580,1665,14200,6240,19400,23607,54000,57200,77400,5300,1130,6136,9630,16850,1473,19700
2020-01-10,1945,46650,4025,3740,8660,1632,14200,6280,19000,23607,54600,56800,75800,5260,1120,6110,9700,16550,1496,19850
2020-01-13,1950,46550,4050,3810,8660,1692,14250,6390,19000,23573,55600,56700,76300,5180,1105,5903,9770,16600,1521,19700
2020-01-14,1955,46900,4100,3880,8640,1705,14100,6400,18900,23911,55000,56900,77300,5240,1100,5799,9800,16850,1514,19700
2020-01-15,2000,46650,4070,3855,8460,1670,14150,6420,19600,23911,54800,56900,77600,5200,1110,5748,9840,16800,1494,19700
2020-01-16,1955,46500,4080,3830,8430,1735,14050,6430,19500,23945,54400,57100,77300,5180,1125,5618,9830,16650,1504,19700
2020-01-17,2000,46750,4080,3780,8470,1730,14200,6400,19350,23877,55300,58300,76400,5190,1135,5644,9820,16600,1509,19750
2020-01-20,1970,46400,4175,3735,8410,1742,14150,6430,19500,23403,55400,57600,75800,5170,1110,5540,9840,16600,1501,19650
2020-01-21,1960,46200,4150,3675,8650,1685,14000,6410,19200,23235,54700,57300,76000,5170,1100,5644,9740,16800,1514,19650
2020-01-22,1950,46250,4180,3705,8950,1635,14000,6420,19100,23133,54800,57200,75500,5150,1115,5540,9760,16650,1519,20300
2020-01-23,1970,46250,4095,3660,9030,1647,13950,6350,19250,22998,55200,57000,76800,5160,1125,5515,9680,16550,1519,20150
2020-01-28,1935,44800,3950,3530,8740,1632,13850,6130,18600,22152,54400,55800,75300,5050,1075,5307,9420,15800,1481,19500
2020-01-29,1930,45450,3970,3585,9120,1647,13650,6230,18700,22017,54400,55800,75300,5040,1110,5359,9460,15750,1481,19700
2020-01-30,1925,44650,3910,3535,9370,1652,13600,6230,18300,21645,52800,54300,75800,5000,1115,5359,9210,15650,1478,19700
2020-01-31,1900,44550,3870,3595,9570,1590,13550,6030,17850,21611,53800,52600,75100,4995,1085,5256,9070,15050,1491,19850
2020-02-03,1900,44300,3845,3635,9140,1567,14050,5930,17450,21476,51900,52700,72100,4960,1070,5230,8940,14650,1486,20100
2020-02-04,1900,44250,3900,3575,9110,1587,14050,6050,18400,21476,51000,52100,73100,4975,1080,5333,9050,14700,1496,20300
2020-02-05,1910,44400,3940,3560,9040,1635,13950,6000,17950,21577,51800,52900,74100,4980,1080,5411,9110,14650,1481,20250
2020-02-06,1900,45100,4035,3625,8920,1665,14200,6170,18200,22118,52700,53300,73800,5080,1100,5463,9190,14900,1478,20150
2020-02-07,1905,45100,3980,3610,8860,1677,14100,6130,18000,21983,54000,54200,74400,5000,1115,5437,9240,14650,1488,20250
2020-02-10,1925,44200,3980,3610,8730,1802,14700,6230,18900,21916,54100,54600,74300,5020,1115,5333,9090,14550,1499,20250
2020-02-11,1895,44100,4000,3610,8690,1822,15250,6170,19350,21814,52900,54500,74500,5070,1105,5489,9130,14950,1506,21000
2020-02-12,1845,44450,3985,3610,8680,1847,15600,6150,19200,21442,53300,54500,75000,5050,1110,5489,9100,14950,1501,21000
2020-02-13,1845,44200,4005,3670,8840,1855,15600,6190,18850,21206,53100,54400,76000,5010,1100,5489,9110,15050,1506,20650
2020-02-14,1875,45000,3970,3700,8690,1835,15100,6110,19000,21206,52600,53800,76400,5010,1090,5463,9100,14650,1506,20300
2020-02-17,1875,44850,3965,3700,8630,1820,14900,6040,18800,20833,52400,53600,75400,5050,1100,5463,8900,14450,1445,20150
2020-02-18,1880,44200,3915,3670,8620,1905,14900,6020,18500,20630,51900,53600,76000,5040,1100,5437,8970,14450,1483,20350
2020-02-19,1885,43700,3895,3575,8530,1932,14600,5910,18050,20360,51600,52900,75300,5000,1085,5411,8840,14000,1483,20500
2020-02-20,1905,43400,3895,3585,8530,1910,14500,5870,17950,20562,52200,52500,75000,4975,1065,5385,8660,13700,1478,20700
2020-02-21,1925,43400,3880,3505,8570,1960,14450,5850,17800,20123,52200,50800,75200,4930,1050,5307,8450,13800,1463,20950
2020-02-24,1935,41650,3720,3365,8090,1895,13750,5600,16700,18973,51400,49350,74200,4815,997,5173,8160,13250,1420,21200
2020-02-25,2020,42350,3740,3385,8230,1927,14050,5550,17200,19176,50400,51000,73200,4825,1025,5281,8170,13550,1435,21050
2020-02-26,2030,41650,3715,3345,8080,1935,13900,5550,17100,18973,50400,49900,74200,4835,1010,5256,8120,13250,1438,20900
2020-02-27,2035,41300,3650,3320,8030,1932,13950,5460,17050,18702,49850,49300,72200,4790,1005,5204,8080,13250,1448,20100
2020-02-28,2025,40700,3540,3210,7800,1930,13600,5190,16650,18195,49700,49000,72000,4660,960,4986,7710,12550,1392,19300
2020-03-02,1960,40650,3505,3250,7810,1932,13450,5250,16450,18297,49350,48650,71800,4670,1015,5017,7740,12300,1367,18900
2020-03-03,1960,40700,3540,3325,7020,1917,13700,5260,16700,18567,49850,48650,71400,4670,999,5126,7840,12600,1387,19000
2020-03-04,1960,41250,3575,3265,6950,1932,14050,5320,17000,18465,49450,48050,71700,4700,1020,5105,8000,12800,1392,19600
2020-03-05,2000,41900,3660,3285,7030,1917,14300,5500,17100,18939,50900,48400,72100,4755,1025,5178,7990,12900,1389,19650
2020-03-06,2010,41000,3590,3195,6950,1850,14300,5400,16900,18533,50500,48400,72000,4740,1020,5147,7800,12500,1382,19650
2020-03-09,1975,40000,3430,3070,6830,1800,13750,5000,16000,17485,50900,46750,70000,4660,977,4852,7510,12450,1356,18700
2020-03-10,1965,39100,3420,2970,6680,1767,13700,4940,15900,17418,51100,44600,67700,4630,989,4878,7350,12450,1339,18050
2020-03-11,1960,37900,3370,2940,6550,1725,13400,4900,15350,16910,50300,44900,68400,4615,972,4883,6980,12150,1326,17750
2020-03-12,1930,36250,3150,2650,6170,1662,12550,4450,13950,15388,49800,43650,65500,4475,910,4588,6350,11500,1318,16750
2020-03-13,1785,33850,2930,2410,5780,1560,11950,4240,13450,13359,49350,39000,58500,4295,839,4349,5460,10600,1118,15500
2020-03-16,1735,33900,2890,2375,5710,1570,11350,4060,12450,13190,49000,37000,54500,4260,788,4246,5300,10500,1156,15500
2020-03-17,1765,32350,2795,2280,5580,1427,11000,4075,12550,13325,46500,35000,48000,4230,764,3987,5150,10500,1113,15650
2020-03-18,1645,31200,2675,2080,5300,1332,9990,4015,11650,12581,46500,32550,47950,4170,744,3775,4925,10100,1069,15400
2020-03-19,1420,26750,2300,1700,4650,995,9800,3600,8900,16352,41050,28900,45000,3850,656,3169,4200,8940,950,13200
2020-03-20,1430,26600,2640,1705,4910,1135,10200,3900,9880,21239,40400,30400,46150,3960,715,3464,4400,10300,980,14250
2020-03-23,1320,22400,2355,1565,4400,1132,10150,3940,9560,20021,36450,29850,45000,3735,649,3480,4300,9250,874,13450
2020-03-24,1360,23650,2600,1615,4620,1225,9750,4175,10100,21070,36700,30650,47000,3855,667,3692,4515,9840,950,14500
2020-03-25,1455,25550,2825,1950,4925,1327,9700,4455,10700,21239,37250,32500,47850,4040,676,4034,4805,11000,1001,14900
2020-03-26,1475,26700,2835,2375,5000,1360,9600,4815,11300,23471,39550,33750,48700,4100,705,4189,5000,10400,1077,14950
2020-03-27,1510,26550,2860,2370,5020,1367,9920,4835,11650,25196,40200,34100,50300,4130,716,4158,5180,10550,1087,14950
2020-03-30,1535,27000,2965,2330,5180,1450,10050,4710,12500,26684,40350,34200,50600,4200,738,4230,5250,10550,1130,15300
2020-03-31,1575,27450,3015,2350,5330,1455,10850,4850,13100,28409,42900,34800,50100,4330,774,4443,5500,10750,1151,16100
2020-04-01,1590,27700,2875,2270,5360,1377,10700,4795,12500,31453,43350,35850,49800,4300,776,4360,5500,10600,1161,15750
2020-04-02,1620,29100,2900,2310,5510,1370,11200,4780,13250,30844,43250,36500,49800,4450,829,5230,5700,11100,1179,15600
2020-04-03,1630,30200,2895,2340,5450,1340,11150,4760,13200,30404,43200,36500,51400,4415,896,4888,5780,11500,1199,16300
2020-04-06,1710,30700,2960,2455,5710,1342,12350,4890,13650,30167,45200,37150,51600,4490,900,5069,5970,11700,1173,16950
2020-04-07,1745,31300,2990,2525,5760,1422,12050,4955,14250,29863,45500,37800,53000,4495,913,4955,6100,12400,1234,17100
2020-04-08,1720,31700,2945,2835,5790,1475,12250,5280,14800,31047,48000,38500,53200,4510,933,4867,6100,12350,1242,17500
2020-04-09,1725,32350,3195,2915,5770,1542,12400,5260,14800,28341,49200,39400,54300,4500,941,4966,6190,12500,1260,17400
2020-04-10,1720,33600,3285,3105,5890,1497,12400,5310,15200,26651,48950,42500,54600,4505,941,4831,6370,12750,1267,17550
2020-04-13,1700,33200,3230,2910,5850,1447,11950,5140,14850,24655,48450,41300,53800,4540,931,4691,6600,12300,1270,17250
2020-04-14,1690,34850,3290,2930,5860,1390,12300,5250,15200,26989,49300,41050,53800,4545,961,4826,6690,12550,1283,17550
2020-04-16,1700,34600,3190,2830,5850,1365,12150,5240,15200,26752,49250,39550,53800,4555,980,4945,6660,12350,1285,17700
2020-04-17,1710,35000,3260,2955,6000,1435,12300,5540,15650,27226,49600,40300,56500,4610,1000,4976,6750,12700,1290,17950
2020-04-20,1700,34900,3210,2965,6170,1437,12500,5740,15450,27902,48700,40400,58200,4625,1035,5147,7020,12650,1364,18150
2020-04-21,1690,33900,3130,2915,6020,1437,12250,6010,15350,27462,48400,39700,58500,4600,1010,5023,6850,12100,1425,17650
2020-04-22,1655,33100,3125,2940,5920,1415,13200,6080,16100,29018,48900,39000,58900,4575,1020,5126,6820,11950,1468,17550
2020-04-23,1690,34000,3170,2955,6010,1435,13050,6060,16100,28916,48500,39200,60200,4625,1015,5126,6650,12400,1384,18000
2020-04-24,1710,33650,3110,2945,5970,1425,12500,6060,15500,29085,49100,38250,60900,4695,1025,5059,6590,12050,1374,18000
2020-04-27,1715,34000,3200,2975,6090,1450,12700,6070,15850,27394,49750,39050,60700,4725,1035,5054,6640,12850,1379,18000
2020-04-28,1725,34000,3190,2970,6140,1457,12950,6050,16150,26312,50100,39000,59600,4740,1035,5033,6700,13050,1361,18000
2020-04-29,1800,34700,3530,2955,6310,1460,13200,6040,16000,27665,48800,39750,60000,4730,1040,5100,6700,13150,1410,18550
2020-05-04,1855,34700,3515,2975,6180,1450,13000,6000,15700,27970,48650,40100,58900,4745,1045,5131,6630,12500,1400,19250
2020-05-06,1905,35700,3585,3025,6270,1440,13150,6010,16050,27970,48950,39850,59000,4795,1115,5204,6710,12600,1392,19250
2020-05-07,1945,35850,3560,3030,6350,1445,13200,6030,16500,27834,48700,39600,58800,4820,1095,5178,6690,12700,1389,19200
2020-05-08,1940,37400,3530,3060,6350,1457,13250,6060,16400,28713,49650,42500,59400,4830,1115,5230,6820,13000,1407,19300
2020-05-11,1940,38000,3445,3130,6290,1465,13050,6030,16150,29424,49800,44700,59700,4820,1120,5142,6830,13150,1412,19250
2020-05-12,1935,37100,3340,3070,6260,1462,12850,5990,15700,29389,49300,42250,59400,4810,1120,5064,6720,12750,1405,19000
2020-05-13,1925,37100,3335,3190,6240,1442,12700,6040,15800,29254,49400,41550,59000,4805,1115,5033,6700,12800,1405,18950
2020-05-14,1890,36400,3260,3125,6160,1437,12300,6040,15500,28544,48600,41100,58400,4780,1110,5069,6590,12300,1382,19000
2020-05-15,1915,36900,3390,3200,6930,1495,12700,6020,15750,28544,48500,41750,57700,4740,1125,5080,6490,12500,1326,19700
2020-05-18,1920,37750,3250,3160,6770,1517,12550,6040,15600,29491,49000,44000,58100,4765,1160,5080,6500,12350,1328,19300
2020-05-19,1890,37750,3325,3165,6830,1517,12900,6250,16000,30573,49700,46700,58500,4790,1170,5147,6630,12850,1341,18950
2020-05-20,1890,38100,3370,3215,6880,1610,13150,6380,16600,32975,49600,46450,58200,4780,1195,5157,6770,13200,1346,18750
2020-05-21,1900,37600,3415,3220,6850,1757,13600,6390,16550,34124,49200,45850,59200,4790,1195,5178,6830,13200,1346,18800
2020-05-22,1890,36950,3290,3100,6690,1667,13100,6250,16100,33144,49750,46000,59300,4765,1185,5131,6770,12900,1356,18650
2020-05-25,1870,36800,3290,3105,6750,1657,13100,6280,16050,33211,49400,46950,59500,4780,1185,5147,6790,13050,1354,18700
2020-05-26,1900,36900,3365,3100,6840,1660,13550,6400,16750,31960,50400,50800,59000,4780,1205,5204,6860,13350,1387,18850
2020-05-27,1875,37850,3415,3155,6880,1670,14200,6460,17350,31047,49400,50600,57900,4785,1245,5111,6820,13900,1364,18900
2020-05-28,1855,37450,3430,3105,6850,1587,13800,6530,16750,29389,49350,50000,57700,4760,1200,5064,6620,13450,1374,18700
2020-05-29,1830,35650,3395,2935,6850,1585,14000,6730,17250,28815,50000,51100,57500,4785,1185,5064,6640,13550,1382,18650
2020-06-01,1820,36700,3435,3065,7020,1670,13950,6710,17250,27462,49900,56000,57900,4855,1180,5100,6720,13700,1379,19650
2020-06-02,1810,37500,3525,3140,7230,1705,14050,6800,17350,28341,49550,56900,57900,4880,1180,5085,6820,13800,1387,20050
2020-06-03,1810,37950,3660,3175,7510,1750,14300,6900,17550,28544,49550,57700,58200,4875,1170,5105,7160,14050,1448,19900
2020-06-04,1815,37600,3605,3115,7410,1712,14050,6920,17300,28003,49550,55900,58500,4850,1155,5074,7200,13850,1382,19950
2020-06-05,1825,37900,3730,3210,7470,1712,14000,6880,17350,28138,49200,54700,58800,4850,1160,5090,7200,14050,1392,20050
2020-06-08,1840,37850,3730,3180,7500,1670,13700,6850,17050,28409,49300,54300,59500,4850,1120,5100,7310,14000,1377,20100
2020-06-09,1850,37300,3655,3190,7420,1707,13600,6660,17050,27902,49250,52900,59600,4900,1125,5105,7200,13900,1392,20100
2020-06-10,1850,38950,3620,3200,7430,1740,13500,6600,16800,27429,49200,52200,59300,4900,1125,5017,7090,14000,1372,20050
2020-06-11,1840,38300,3650,3165,7300,1710,13050,6590,16350,27056,48600,51400,59300,4885,1100,4992,6990,13800,1397,20000
2020-06-12,1785,36600,3720,3030,7130,1642,12650,6410,15800,26515,48500,49800,57700,4805,1105,4986,6790,13250,1326,19550
2020-06-15,1720,34200,3455,2850,6720,1512,12000,6050,15150,25602,47550,47100,57000,4760,1035,4867,6480,12650,1313,19400
2020-06-16,1725,35750,3575,3020,7020,1640,12400,6310,16000,23844,47700,50000,57200,4810,1090,4940,6640,13600,1323,19900
2020-06-17,1865,36050,3515,2980,7010,1660,12550,6300,16200,23945,48100,48800,57200,4775,1080,4919,6590,13600,1321,19900
2020-06-18,1915,36450,3565,3025,7150,1635,12500,6260,16200,23674,48200,48500,57500,4775,1090,4992,6680,13550,1336,19900
2020-06-19,2020,37400,3515,2985,7160,1632,12350,6280,16050,23336,47600,48750,59100,4780,1095,5489,6750,13350,1331,19850
2020-06-22,1965,36600,3430,2955,7100,1612,12300,6230,15900,22626,47150,49450,59200,4785,1075,5281,6810,13150,1300,19800
2020-06-23,1965,35800,3395,2970,7100,1627,12100,6210,15650,22457,47000,48850,58300,4785,1075,5048,6700,12850,1306,19700
2020-06-24,1985,35950,3400,2990,7160,1617,12300,6300,15900,23336,46900,49500,58200,4780,1080,5230,6670,12900,1311,19750
2020-06-25,1970,35200,3300,2965,7050,1582,12050,6130,15700,23200,46950,48150,57300,4740,1065,5033,6600,12400,1311,19600
2020-06-26,1960,35500,3290,2985,7050,1577,11900,6230,15800,24554,47000,48500,57100,4775,1055,5033,6560,12400,1321,19550
2020-06-29,1960,34500,3160,2915,6910,1502,11600,6230,15350,24283,46950,47550,56700,4755,1045,4919,6470,12000,1285,19300
2020-06-30,1970,34600,3175,2905,6960,1510,11500,6260,15300,23978,48200,48700,57100,4760,1050,4909,6440,12350,1293,19400
2020-07-01,1945,34000,3175,2910,7050,1542,11600,6300,15300,23640,48000,47850,56900,4755,1035,4898,6510,12150,1290,19250
2020-07-02,1945,34100,3215,2905,7110,1577,11800,6350,15550,23674,47150,48250,57000,4760,1040,4914,6500,12250,1308,19150
2020-07-03,1935,34050,3230,2960,7280,1577,12400,6370,15700,23810,47600,48750,56900,4985,1060,4935,6500,12400,1306,19150
2020-07-06,1905,34700,3240,2955,7230,1562,12350,6420,15700,23810,47150,48900,56600,4945,1085,4940,6540,12500,1321,19050
2020-07-07,1870,34950,3240,2930,7260,1575,12200,6370,15600,23640,47200,48800,56800,4920,1070,4862,6580,12350,1308,19000
2020-07-08,1875,36200,3205,2920,7300,1597,12300,6410,15700,23539,47100,51300,56500,4950,1090,4898,6670,12150,1303,19000
2020-07-09,1915,35850,3225,2920,7420,1592,12250,6370,15750,23471,47000,50600,57500,4915,1085,4898,6700,12100,1331,19050
2020-07-10,1930,34450,3165,2920,7370,1612,12000,6350,15600,23370,46350,51900,57600,4835,1090,4888,6710,11850,1341,18650
2020-07-13,1930,35000,3275,2915,7560,1650,12200,6400,15700,22998,45950,51600,56400,4895,1095,4940,6750,12000,1351,18700
2020-07-14,1910,34650,3275,2875,7530,1740,12150,6420,15750,22930,45950,52100,56800,4880,1095,4929,6790,12050,1377,18750
2020-07-15,1915,35100,3325,2885,7610,1720,12300,6500,16200,23032,45650,52100,56700,4875,1105,4919,6980,12200,1392,18900
2020-07-16,1900,35050,3455,2880,7810,1735,12300,6580,16150,23032,45750,52000,56800,4880,1120,4919,6930,12150,1392,18500
2020-07-17,1925,35200,3620,2885,8000,1737,12250,6760,16100,23066,46000,52000,57100,4890,1105,4960,6970,12200,1374,18700
2020-07-20,1900,35250,3580,2915,8010,1752,12250,6720,16200,23437,46000,51600,57100,4890,1085,4986,7120,12150,1369,18700
2020-07-21,1905,35450,3600,2980,8260,1785,12300,6760,16400,23437,45950,54500,57500,4925,1070,4950,7150,12200,1387,18650
2020-07-22,1905,36000,3650,3060,8200,1805,12700,6920,17050,23505,46450,56500,57700,4955,1070,5043,7190,12200,1422,18650
2020-07-23,1910,35900,3515,3015,8030,1802,12400,6870,18300,23403,45850,57700,58000,4920,1075,4986,7180,12150,1405,18500
2020-07-24,1990,35200,3465,2985,7900,1815,14800,6740,23750,23336,45800,58000,58000,4925,1080,4950,7110,12050,1369,18350
2020-07-27,1980,36250,3565,2995,8100,1825,15400,6840,27050,23133,45900,58500,58100,4905,1085,4981,7060,12200,1384,18600
2020-07-28,1970,37400,3570,3005,8050,1805,14300,6820,23850,23607,45600,56800,57700,4905,1090,4997,7160,12100,1372,18650
2020-07-29,1985,37500,3555,3005,8060,1822,14300,6800,24300,23640,45350,56800,57700,4915,1160,5007,7120,12150,1387,18500
2020-07-30,2020,38150,3570,3030,8140,1747,14600,6830,23500,23640,45500,56000,58000,4920,1120,5023,7080,12050,1394,18750
2020-07-31,2000,37950,3560,2990,8260,1722,14200,6880,25500,23776,44900,62900,57900,4920,1110,5017,7070,11950,1377,18800
2020-08-03,1990,37550,3560,2990,8510,1652,15100,7140,28200,26042,45250,63900,57800,4910,1170,5017,7060,11900,1372,18700
2020-08-04,2005,37950,3765,3010,8920,1652,15650,7630,28250,25602,45450,70700,58000,4945,1205,5007,7060,12100,1402,18850
2020-08-05,1980,38250,3805,3005,9190,1672,15400,7470,27600,27192,45100,68600,58400,4970,1160,4966,7040,12400,1382,18850
2020-08-06,2050,38300,3850,3035,9200,1637,15200,7510,26700,27022,45300,67600,58600,5040,1165,5002,7070,12650,1389,18850
2020-08-07,2010,37950,3810,3010,9230,1695,15500,7750,27650,26921,45600,66100,58700,5070,1150,5080,7080,12350,1379,18750
2020-08-10,1995,38800,4010,3045,9530,1720,15800,8050,27900,29254,45600,69300,59000,5100,1195,5085,7090,12550,1382,18650
2020-08-11,1995,38650,4025,3070,9470,1710,15600,8120,27300,29424,45950,69900,59100,5150,1195,5281,7170,13350,1392,18700
2020-08-12,1990,38500,3990,3220,9430,1740,15300,8100,28000,30472,45600,69300,59700,5090,1175,5204,7150,13000,1392,18850
2020-08-13,2000,38050,3980,3205,9730,1735,15250,8020,30500,31927,45600,75500,59300,5060,1190,5256,7200,12750,1397,19300
2020-08-14,2010,38550,3890,3095,9500,1730,15350,7800,28050,32129,46100,78900,59400,5090,1165,5204,7180,13800,1405,18000
2020-08-18,1880,39400,3725,2985,8960,1712,14500,7250,24200,28815,46600,77900,59400,4970,1100,4997,6650,12650,1369,17650
2020-08-19,1920,40150,3720,3060,9160,1770,14400,7350,24500,31284,46500,78000,58700,5020,1125,5007,6800,13300,1382,17800
2020-08-20,1865,39150,3570,2940,8820,1692,13750,6900,22700,30945,45050,72600,58700,4910,1105,4867,6740,12750,1356,17150
2020-08-21,1880,40200,3615,2965,8790,1680,13700,7010,22250,33211,45200,75100,58500,4950,1110,4966,6750,12900,1349,17250
2020-08-24,1850,40400,3600,2960,8710,1650,13500,7010,22650,33787,45400,74700,59200,4930,1100,4981,6670,12750,1354,17300
2020-08-25,1900,41300,3760,3010,9000,1677,13950,7290,23550,33820,46600,78100,59200,5010,1115,5131,6710,13200,1364,17450
2020-08-26,1895,43600,3740,3000,8890,1690,13950,7430,23550,33144,46950,75500,59100,4990,1105,5126,6700,13150,1369,17700
2020-08-27,1890,46950,3665,2960,8630,1715,13500,7150,22300,32873,46700,79100,59000,4950,1075,5023,6610,12700,1367,17800
2020-08-28,1860,47950,3685,2985,8690,1750,14350,7370,23600,32975,46550,89900,59500,4970,1085,5142,6640,12650,1387,18700
2020-08-31,1870,48050,3650,2980,8630,1725,14400,7540,24800,32129,46800,89600,59900,5020,1115,5152,6640,12800,1389,18450
2020-09-01,1855,48200,3670,3015,8800,1732,14600,7530,25100,34056,46600,85400,59800,5030,1135,5111,6620,12800,1384,18300
2020-09-02,1855,49700,3730,3025,8960,1720,14700,7600,24700,34159,46650,83900,60000,5030,1140,5162,6730,13400,1387,18450
2020-09-03,1860,48700,3750,3025,8840,2025,14500,7850,24500,33888,46450,83300,60000,5060,1140,5147,6890,13850,1387,18200
2020-09-04,1815,48100,3685,3000,8680,1992,14300,7730,24000,33076,45700,88700,59300,4995,1135,5023,6880,13950,1369,18050
2020-09-07,1805,48100,3785,3020,8740,1995,14600,7850,24400,33820,46750,90500,59800,5030,1160,5074,6980,13900,1387,18000
2020-09-08,1790,48250,3790,3025,8720,1980,14500,7730,23850,35579,45950,92000,59700,5030,1155,5028,6960,13600,1382,17950
2020-09-09,1815,47500,3765,3020,8600,2005,14250,7680,23800,35478,45750,92800,59200,5050,1140,4992,6920,13300,1382,17900
2020-09-10,1880,48600,3775,3100,8580,2002,14350,7740,23700,39130,46600,93300,59300,5140,1135,5012,6890,13400,1384,18000
2020-09-11,1865,48850,3770,3100,8640,2037,14250,7750,23550,41091,47150,92800,59700,5320,1140,5012,6940,13600,1382,17950
2020-09-14,1885,49000,3935,3135,8640,2012,14400,7730,23200,45319,48250,92800,59900,5300,1160,5007,7000,13700,1361,18200
2020-09-15,1885,51300,3950,3140,8640,1967,14450,7760,23050,46808,49400,95900,59900,5360,1150,5074,6990,13600,1372,18200
2020-09-16,1880,49700,3900,3140,8600,1995,14500,7690,22700,47145,48700,94900,60000,5410,1145,5017,7000,13450,1387,18300
2020-09-17,1870,47350,3855,3145,8530,1977,14300,7680,22050,47180,47900,92500,59600,5340,1125,5002,6950,13450,1389,18200
2020-09-18,1870,46700,3830,3115,8550,1920,14300,7640,22150,46875,47300,88000,60100,5410,1140,5017,6970,13500,1420,18250
2020-09-21,1820,47000,3785,3115,8440,1925,13950,7300,20900,46808,47800,79400,60000,5320,1135,4960,6850,13300,1410,17950
2020-09-22,1860,45200,3690,3075,8280,1925,13400,7070,20000,43121,46300,80400,59800,5180,1110,5038,6720,12950,1351,17950
2020-09-23,1865,45200,3710,3060,8300,1937,13450,7050,20000,44203,46950,80800,59500,5340,1115,5012,6670,12900,1351,17900
2020-09-24,1815,42900,3650,3020,8140,1875,12900,6790,19450,43966,46350,77600,59100,5340,1090,4919,6550,12900,1323,17650
2020-09-25,1805,43200,3715,3030,8150,1905,12850,6960,19800,44474,46850,77100,59300,5330,1120,4909,6580,13200,1326,17600
2020-09-28,1820,44750,3725,3045,8260,1907,13050,7120,20400,45319,47050,80700,59800,5350,1125,4935,6620,13500,1339,17800
2020-09-29,1810,45300,3885,3065,8400,1900,13150,7180,20900,43899,47400,79800,60200,5360,1145,5007,6680,13400,1361,17950
2020-10-05,1825,47050,3945,3040,8500,1950,13300,7280,21150,37304,48000,84000,60400,5330,1155,5007,6790,13850,1397,18050
2020-10-06,1850,46750,3895,3065,8600,1930,13600,7400,21050,37405,48000,85000,60200,5330,1155,4986,6750,13700,1402,18200
2020-10-07,1830,46400,3885,3070,8580,1950,13400,7410,20750,36830,48400,85300,60500,5350,1155,4981,6920,13850,1417,18200
2020-10-08,1875,47150,3895,3075,8670,1950,13600,7410,21550,37743,48350,87000,60500,5440,1155,4986,6940,13750,1417,18200
2020-10-12,1875,47400,3915,3070,8650,1950,13500,7390,21250,36830,48800,84700,60900,5550,1155,4992,6870,13750,1412,18550
2020-10-13,1850,47050,3885,3070,8650,1945,13600,7420,21550,36627,48750,83500,61000,5490,1155,4992,6930,15000,1407,18650
2020-10-14,1830,46450,3850,3060,8580,1945,13750,7330,21950,36053,48750,81700,61100,5520,1150,4945,6950,14450,1422,18550
2020-10-15,1840,47700,3895,3085,8500,1915,13550,7280,21950,35579,50000,80900,61300,5510,1130,4847,6930,14600,1374,18800
2020-10-16,1890,49000,3865,3110,8480,2070,13700,7340,23000,34598,49750,79000,61000,5530,1165,4857,6900,14250,1361,18850
2020-10-19,1885,48200,3925,3190,8590,2170,13550,7320,22500,33787,49600,77900,61200,5640,1170,4898,6940,14300,1364,19100
2020-10-20,1875,47900,3935,3225,8500,2132,13550,7210,22150,33550,49050,82800,61400,5580,1170,4872,6970,14400,1361,18900
2020-10-21,1885,49100,4005,3235,8950,2125,13800,7230,21900,36120,49600,90000,61300,5530,1180,4852,7000,14600,1359,18950
2020-10-22,1900,48950,4095,3445,9250,2135,13900,7200,21000,36424,49500,87900,61700,5420,1190,4815,6990,14600,1361,18900
2020-10-23,1885,48200,4115,3430,9140,2132,13850,7230,20850,38386,49450,85600,61500,5400,1175,4753,7140,15650,1367,18650
2020-10-26,1870,47350,4020,3485,8880,2060,13600,7190,19900,36898,49000,81500,61900,5310,1205,4670,6910,15250,1346,18750
2020-10-27,1830,46550,3970,3260,8900,2025,13400,7180,20450,36188,48950,82200,62200,5310,1180,4670,6780,15300,1351,18800
2020-10-28,1840,47100,4015,3345,9020,2075,13750,7220,21700,35883,48800,86800,62600,5360,1185,4691,6880,15250,1359,18850
2020-10-29,1830,46300,3925,3250,8900,2025,13350,7190,21250,35883,48500,84600,62900,5350,1160,4645,6760,14850,1372,18700
2020-10-30,1855,45250,3845,3150,8850,2022,13250,7050,20550,35883,48000,81900,62600,5300,1130,4593,6730,14650,1369,18450
2020-11-02,1865,45750,3915,3215,8920,2045,13400,7060,20700,35883,48900,82100,62600,5320,1155,4660,6840,15150,1361,18750
2020-11-03,1865,46300,4000,3280,9130,2030,13650,7120,21750,35883,49300,83200,62600,5330,1145,4696,6890,15350,1361,18900
2020-11-04,1880,47150,3995,3260,9100,2017,13650,7160,21400,35883,49400,79600,63000,5330,1140,4707,6940,15200,1392,19050
2020-11-05,1895,48300,4015,3275,9060,1997,13950,7220,21600,35883,49850,86600,63100,5350,1155,4784,6900,15300,1394,19050
2020-11-06,1900,47800,3985,3325,9040,1980,13800,7200,21200,35883,50000,85000,63000,5360,1145,4800,6940,15100,1402,19100
2020-11-09,1900,47900,4030,3345,9140,2005,13950,7230,22350,35883,50600,89700,63200,5350,1150,4836,7040,15150,1405,19500
2020-11-10,1900,48300,4075,3450,9240,2080,14200,7330,22700,35883,53000,91200,63100,5390,1195,4831,7050,15950,1400,20250
2020-11-11,1910,47900,4225,3500,9450,2110,14550,7400,23900,35883,52800,91400,63400,5450,1190,4862,7130,16100,1400,20300
2020-11-12,1950,48500,4180,3450,9440,2100,14350,7390,23500,35883,53900,91400,63500,5470,1185,4753,7130,15750,1422,20700
2020-11-13,1950,48450,4145,3425,9640,2097,14100,7360,23350,35883,50900,89900,64200,5570,1205,4805,7080,15800,1448,20800
2020-11-16,1940,50000,4380,3545,9920,2100,14700,7400,23600,35883,52300,88800,64200,5550,1290,4805,7240,15750,1433,20900
2020-11-17,2100,46750,4475,3525,9860,2202,14750,7360,24300,35883,51400,94500,64400,5460,1310,4810,7200,16200,1440,20750
2020-11-18,2090,46800,4505,3530,9680,2342,15050,7420,24350,35883,52200,95000,64700,5480,1365,4810,7230,15650,1425,20600
2020-11-19,2125,45700,4530,3485,9600,2395,14800,7390,23650,35883,52000,92300,64700,5470,1340,4810,7230,15200,1438,20450
2020-11-20,2120,46500,4625,3475,9620,2350,14950,7490,23700,35883,51700,92700,64700,5480,1345,4800,7240,15550,1438,20200
2020-11-23,2085,46450,4770,3535,9740,2437,15000,7580,23550,35883,51400,92600,64500,5470,1340,4826,7310,15800,1455,20100
2020-11-24,2065,46300,4755,3620,9830,2475,15050,7680,24050,35883,53300,94500,64800,5470,1390,4831,7290,15750,1453,20400
2020-11-25,2055,46100,4770,3620,9930,2420,14850,7600,23600,35883,52800,92700,64000,5450,1385,4784,7440,15550,1455,20800
2020-11-26,2075,46050,4770,3555,9940,2350,14750,7630,24000,35883,51800,92000,63700,5470,1375,4841,7460,14900,1440,21300
2020-11-27,2105,46200,4735,3540,10000,2347,14800,7650,24400,35883,52000,90000,64400,5470,1370,4841,7320,14700,1448,21600
2020-11-30,2130,45850,4640,3660,9750,2347,14850,7550,23800,35883,53000,89500,65000,5430,1360,4831,7260,14700,1438,24600
2020-12-01,2145,45900,4730,3615,9890,2265,14850,7640,24150,35883,53500,90300,64800,5430,1355,4862,7360,14850,1504,23000
2020-12-02,2160,46350,4750,3625,9890,2300,14850,7680,25000,35883,54800,89300,65100,5440,1375,4940,7300,15100,1488,22150
2020-12-03,2175,46000,4725,3620,9850,2297,15150,7700,24650,35883,54600,88500,65100,5530,1340,4976,7350,15150,1473,21900
2020-12-04,2185,45900,4755,3610,9910,2315,15800,8080,26150,35883,53900,89800,66000,5480,1385,5012,7310,15050,1499,22400
2020-12-07,2145,45500,4730,3580,9810,2550,15600,8090,25350,35883,54300,88200,66000,5450,1390,5033,7370,14700,1491,22500
2020-12-08,2115,44850,4690,3580,9620,2525,15350,7870,24550,35274,53300,86000,66500,5460,1350,4971,7270,14700,1488,22000
2020-12-09,2160,45000,4730,3555,9710,2525,15850,8120,24800,32959,54500,87200,66500,5480,1360,5033,7420,14850,1501,22100
2020-12-10,2155,44800,4740,3560,9690,2525,16600,8370,26700,34726,55100,86100,67100,5400,1405,5048,7380,14550,1478,22250
2020-12-11,2155,45650,4735,3615,9750,2525,16800,8900,28150,42341,59500,86500,67100,5500,1425,5064,7460,15450,1476,22200
2020-12-14,2150,45550,4765,3645,9610,2520,16600,8630,27200,43072,58200,87700,66100,5470,1415,5033,7480,15250,1511,22400
2020-12-15,2150,45400,4730,3690,9540,2500,16200,8380,26500,48129,59500,87700,66100,5470,1390,5017,7460,15000,1524,22100
2020-12-16,2170,45900,4750,3920,9580,2500,16250,8660,26650,46606,58400,89600,66700,5480,1385,5043,7460,14950,1542,22650
2020-12-17,2170,45800,4735,3845,9530,2500,16100,8590,26150,47398,56800,89500,66700,5520,1370,5043,7420,14850,1549,22750
2020-12-18,2170,45900,4750,3780,9540,2520,16500,8540,26600,46119,58500,90300,66700,5600,1415,5043,7490,14700,1554,23050
2020-12-21,2195,45900,4800,3705,9560,2590,16500,8540,27150,44535,57800,91400,66500,5550,1430,5028,7520,14900,1567,24000
2020-12-22,2215,45350,4810,3710,9380,2530,16000,8240,26200,44474,56500,87700,65900,5510,1375,4997,7390,14650,1565,23000
2020-12-23,2375,45800,4810,3680,9450,2645,16400,8250,26700,45570,56300,88500,65500,5490,1390,4992,7260,14500,1529,22850
2020-12-24,2370,45850,4860,3725,9530,2640,16250,8350,27050,45631,56800,89300,65600,5500,1410,5033,7270,14700,1547,22800
2020-12-28,2355,45750,4850,3710,9530,2730,16050,8580,27000,45448,56300,88300,65700,5520,1445,5116,7180,14700,1565,22700
2020-12-29,2280,44400,4615,3520,9190,3010,16100,8510,27400,49736,54900,88300,64400,5360,1450,5152,7170,14450,1544,22050
2020-12-30,2295,44650,4655,3520,9220,3030,16750,8660,28000,47631,54900,90500,64300,5330,1530,5256,7290,14700,1560,22100
2021-01-04,2250,43600,4675,3495,9140,3015,17450,8800,29150,45916,53700,91300,66000,5340,1610,5281,7300,14950,1575,21700
2021-01-05,2185,42900,4720,3500,9100,2895,18100,9400,30400,46150,53400,94500,65500,5300,1700,5204,7510,15050,1585,22350
2021-01-06,2120,43200,5260,3580,9400,2945,17700,9210,29500,45448,55300,101000,66000,5320,1705,5281,7570,15000,1562,22650
2021-01-07,2110,43300,5360,4200,9500,2910,18000,9280,30350,45682,55600,101000,65600,5310,1725,5281,7790,15050,1577,23200
2021-01-08,2145,42800,5420,4150,9510,3040,18150,9360,30300,44279,54800,100500,65700,5300,1705,5204,7680,15250,1610,23100
2021-01-11,2070,41800,5730,4070,9690,2995,19200,9230,32050,41628,53100,99600,65500,5220,1655,5023,7320,14750,1567,22900
2021-01-12,2040,42350,5490,4060,9670,2990,18950,9120,32100,43265,53100,96800,65500,5210,1680,5085,7270,14850,1537,23200
2021-01-13,2070,42200,5450,4310,9740,2940,19250,9150,32100,42798,53700,99100,65200,5220,1700,5359,7300,15250,1557,23200
2021-01-14,2075,42300,5480,4265,9780,2900,19200,9250,32550,42798,54400,99900,64300,5200,1670,5359,7470,15150,1603,23250
2021-01-15,2090,42050,5230,4160,9570,2890,18450,9220,31600,41706,55600,99000,64700,5160,1640,5281,7590,14850,1595,23100
2021-01-18,2060,41500,5000,4070,9330,2790,18600,9140,31050,40615,54400,97100,63700,5160,1610,5411,7640,14600,1580,23100
2021-01-19,2060,41550,5180,4065,9330,2735,20000,9700,32550,41472,54300,98300,63700,5180,1680,5540,7740,14750,1590,23450
2021-01-20,2055,41350,5190,4040,9290,2775,20400,9540,32750,41083,54100,100500,62500,5160,1650,5566,7820,14550,1603,23850
2021-01-21,2075,41450,5310,4040,9480,2795,20500,9530,33800,41472,54400,106000,64200,5160,1650,5773,7910,14800,1704,24000
2021-01-22,2065,41300,5210,4000,9650,2795,20950,9380,33500,41862,55300,101500,63600,5180,1635,5748,8010,15150,1740,23900
2021-01-25,2085,41600,5290,3995,10100,2820,20850,9420,33100,41862,56000,103000,63400,5230,1640,5981,7940,15350,1859,23700
2021-01-26,2090,41350,5130,3965,10350,2870,20400,9300,32500,41706,55700,102500,64000,5220,1610,6032,7870,15250,1875,23500
2021-01-27,2060,40900,5120,3990,10100,2805,19900,9230,31800,42096,55400,99200,63500,5220,1560,5955,7920,15200,1819,23450
2021-01-28,2045,40000,4950,3985,9530,2700,19400,9090,31250,41005,53900,96000,63900,5160,1550,5773,7730,14650,1773,23550
2021-01-29,1990,39100,4760,3665,9260,2550,18250,8750,30700,39368,52000,91800,63400,5100,1505,5618,7460,14400,1725,23350
2021-02-01,1990,40000,4860,3885,9380,2600,19000,9060,31700,38978,52700,92900,63200,5130,1550,5722,7580,14400,1735,23650
2021-02-02,1990,40100,5100,3920,9700,2750,19250,9170,31850,39290,53900,92900,64100,5190,1525,5773,7680,14700,1768,23800
2021-02-03,1995,40350,5190,4005,9990,2790,19700,9490,32350,39446,55800,92800,64000,5210,1580,5929,7650,14750,1814,23800
2021-02-04,2000,39800,5640,3890,10150,2755,18650,9220,30900,41628,55000,93600,63900,5140,1565,5981,7560,14650,1791,23750
2021-02-05,2020,39800,5970,3960,10650,2725,18650,9340,29950,41005,62800,96500,63900,5170,1535,5903,7810,14600,1808,23600
2021-02-08,2050,40850,5830,3965,10650,2750,20050,9230,29750,40225,68600,96800,64000,5200,1540,5851,7930,15050,1847,23650
2021-02-09,2045,40250,5840,4055,10650,2885,19400,9110,29200,40069,68700,95900,64200,5190,1555,5825,7880,15000,2400,23500
2021-02-10,2060,41100,6080,4055,10850,2980,19650,9100,29400,39601,67500,96000,64500,5180,1600,5877,7860,15050,2667,23450
2021-02-15,2085,41750,6110,4025,10650,2945,19500,9180,29800,39835,64800,94800,63900,5190,1580,5929,7900,15100,2507,25200
2021-02-16,2070,41650,6140,4010,10650,2940,19350,9190,30000,39913,64800,95400,63900,5170,1575,5955,7850,15500,2504,25650
2021-02-17,2085,41750,6050,4230,10400,2925,19600,9160,30950,41161,64300,95100,64200,5190,1595,6032,7860,15750,2510,26050
2021-02-18,2080,41850,5940,4150,10450,2900,19300,9020,29900,41706,63600,93900,65000,5170,1575,6110,8520,16250,2441,24200
2021-02-19,2150,41400,5890,4145,10250,2895,19200,8930,29700,40849,62900,92900,64000,5200,1560,6136,9860,15800,2489,23700
2021-02-22,2220,41200,5860,4430,10400,2865,18900,8900,29150,40537,63200,90000,64700,5210,1550,6291,9510,15700,2479,23300
2021-02-23,2240,40850,5790,4370,10350,2815,19050,8730,29400,40381,64800,90200,64800,5170,1575,6265,9040,16300,2540,23250
2021-02-24,2175,39950,5650,4185,9900,2765,18000,8400,27800,38978,61300,88300,64700,5150,1515,6006,8930,15850,2450,22200
2021-02-25,2220,40300,5880,4190,10200,2765,18650,8570,28850,39524,62700,90100,63600,5160,1545,7793,8860,15900,2375,22300
2021-02-26,2235,39800,5730,4120,9940,2775,18400,8140,28500,39446,61900,87300,80000,5150,1535,10123,8870,15450,2315,21700
2021-03-02,2255,40150,5730,4100,10100,3095,18100,8160,28400,39524,62800,88600,72000,5160,1510,9683,9310,15300,2335,21950
2021-03-03,2280,40500,5900,4085,10350,3060,18350,8370,28350,39679,62500,88900,69100,5200,1550,9424,9410,16000,2340,22050
2021-03-04,2280,40300,5850,4170,10300,3000,18200,8340,27850,39524,61800,88800,68800,5230,1575,8906,9500,16100,2480,21800
2021-03-05,2235,40750,5800,4220,10250,3045,17800,8460,27650,39446,61000,86200,69400,5200,1575,8751,9390,15950,2445,21550
2021-03-08,2235,41150,5810,4220,10300,2955,17700,8200,28050,39134,60300,85700,71000,5280,1550,8725,9490,15950,2370,21200
2021-03-09,2200,41000,5800,4225,10200,3030,17700,8190,29000,38471,59100,82700,69700,5320,1505,8802,9600,16050,2340,21050
2021-03-10,2210,40600,5700,4180,10400,3110,17500,8180,28000,38510,59700,80300,68000,5280,1520,9010,9350,16200,2295,20800
2021-03-11,2230,40600,5740,4180,10400,3300,17850,8320,28500,38861,60200,81300,67700,5280,1510,8932,9630,16050,2410,21400
2021-03-12,2240,40400,5740,4225,10350,3350,18000,8430,29050,39446,61500,85200,67600,5310,1510,9269,9520,16000,2465,21550
2021-03-15,2255,40450,5770,4230,10450,3335,18400,8520,30000,41083,62100,86600,70000,5320,1555,9812,9660,15950,2605,21850
2021-03-16,2245,40850,5750,4185,10500,3340,18650,8590,30250,41083,62100,87200,69800,5280,1550,9812,9620,16450,2510,22400
2021-03-17,2235,41700,5740,4165,10450,3290,18700,8490,30700,41239,62100,85800,70800,5300,1540,9890,9500,16800,2470,22250
2021-03-18,2235,42150,5810,4160,10650,3260,18900,8510,31050,41628,61400,85900,71100,5340,1540,9864,9540,16850,2440,22150
2021-03-19,2250,42750,5810,4150,10500,3310,18900,8540,31100,41005,60900,84600,71200,5340,1550,10667,9690,16750,2370,22600
2021-03-22,2350,42900,5750,4170,10550,3415,19250,8550,30900,39991,61600,84800,74900,5340,1540,13851,9970,16500,2225,22800
2021-03-23,2585,42750,5680,4060,10450,3370,19200,8600,30950,39991,61100,87000,71500,5350,1600,12090,10000,16200,2195,22850
2021-03-24,2500,42500,5660,4045,10500,3320,19050,8480,30900,39757,61200,86800,74300,5410,1570,13048,9830,16200,2185,23450
2021-03-25,2720,41750,5670,4055,10500,3320,19000,8580,31000,39757,61100,86200,74200,5390,1570,12738,9880,16250,2240,23600
2021-03-26,2825,42300,5710,4085,10500,3325,19200,8900,31600,39524,61800,87900,73900,5390,1585,12867,9750,16600,2185,23600
2021-03-29,2810,42850,5730,4085,10450,3335,19600,9090,31650,40459,64000,93400,73900,5390,1650,13074,10700,16300,2285,23600
2021-03-30,2780,42900,5980,4150,10550,3365,19600,9030,30700,41161,63600,92800,74400,5370,1635,13851,10650,16450,2440,23900
2021-03-31,3065,42900,6050,4230,11300,3615,20150,9140,31700,42252,63600,94900,74400,5390,1630,13903,10950,16350,2500,24450
2021-04-01,3150,43100,6070,4195,11600,3935,20000,9180,31100,44357,63600,93800,75000,5410,1620,13980,10700,16700,2485,24450
2021-04-02,3510,43150,6110,4180,11600,3940,19900,9100,31000,44045,65000,93500,77800,5440,1610,15741,10350,18100,2490,24400
2021-04-05,4015,43900,6290,4270,12050,3950,20050,8990,31450,42252,65600,94600,78600,5400,1625,17087,11400,18400,2620,24450
2021-04-06,3910,44200,6580,4285,13100,3930,20000,9120,31800,42798,66000,93100,77800,5460,1680,16828,11900,18400,2640,24600
2021-04-07,3770,44850,6800,4460,13450,4300,20750,9220,33200,42798,65600,92500,75700,5540,1650,15223,12550,18450,2670,24600
2021-04-08,3645,44700,6680,4560,13150,4625,24000,9960,35800,43109,65700,93100,75800,5540,1720,14861,13050,18650,2550,24700
2021-04-09,3645,44900,6680,4455,13200,4570,23900,10050,34500,42174,65100,93700,80500,5550,1890,14550,13050,18900,2590,24650
2021-04-12,3645,45600,6880,4425,13050,4660,24800,10850,33850,41472,66100,92400,78500,5530,1965,14550,12250,18750,2985,25000
2021-04-13,3645,46400,6630,4415,12950,4680,24000,10450,33250,42564,66400,92400,80100,5510,1905,14550,12000,18900,2835,25250
2021-04-14,3645,46450,6640,4415,13050,4620,23900,10650,34150,43265,66700,92100,82300,5570,1885,14550,11950,18450,2820,25300
2021-04-15,3520,46700,6560,4440,13000,4705,23500,10500,33600,42798,66600,93700,81100,5550,1835,18900,12500,18200,2820,25300
2021-04-16,3675,46400,6620,4405,12850,5250,23950,10550,34000,43655,67000,92800,82400,5580,1810,24550,12400,18150,2780,25400
2021-04-19,4370,45950,6650,4430,12800,6000,24550,10550,33950,43811,69700,92400,82300,5650,1800,27400,12100,17950,2780,25600
2021-04-20,4060,46250,6870,4690,13550,5500,26100,10900,34900,43499,71500,92900,82500,5670,1845,25750,12150,18500,2745,25650
2021-04-21,4045,45700,6840,4670,13300,5600,26450,10950,33700,43499,71300,91200,82200,5700,1835,23300,12050,18250,2740,25950
2021-04-22,3900,45050,6940,4605,13300,6470,26150,11100,33650,43577,71600,95200,81500,5700,1850,22800,13000,18050,2705,25950
2021-04-23,3950,44800,6980,4700,13450,6050,25850,11550,34150,43577,72200,110500,80500,5710,1850,23300,14500,18300,2810,25850
2021-04-26,3905,45650,7090,4685,13850,5650,26200,11700,34900,44669,75800,113500,81400,5730,1895,22250,14900,18250,2900,25750
2021-04-27,3870,45750,7060,4750,14000,5610,27150,11600,36050,47319,73700,114500,81600,5740,1895,20900,15450,18700,3105,25350
2021-04-28,3745,45700,7050,4750,13950,5600,25900,11050,34500,48255,71200,116000,81400,5710,1840,20500,14800,18300,2825,24950
2021-04-29,3950,46250,7000,4710,14150,5650,27800,11250,35650,48333,70700,125000,81400,5690,1875,20050,17250,18350,3190,25050
2021-04-30,3570,46000,7100,4760,14250,5530,26800,10800,34300,48566,70800,117500,81300,5640,1935,20000,16250,18150,3340,24800
2021-05-03,3895,46200,6990,4855,14300,5600,25850,10500,33000,48800,70900,115000,81200,5640,1950,19050,15200,17900,3225,24950
2021-05-04,3840,46300,7140,4860,14150,5490,26050,10500,33650,49502,72700,115000,81300,5640,2030,17900,15650,17950,3180,25050
2021-05-06,3770,48150,7360,5030,14450,5580,27150,10950,34300,49346,72500,119500,85300,5690,2035,20050,16650,18350,3340,25700
2021-05-07,3685,48250,7410,5320,14600,5590,28000,11300,35650,49502,72500,119000,83800,5700,2140,17900,19000,18650,3305,26050
2021-05-10,3670,49500,7660,5320,15200,5810,28450,11300,35800,48099,74400,120500,85300,5790,2160,17250,19800,19500,4295,26300
2021-05-11,3600,49350,7760,5550,15500,6070,28800,11400,36000,48722,75000,134500,84900,5760,2200,16800,20700,19800,5580,26300
2021-05-12,4020,49150,7600,5700,15200,5580,27500,10950,34950,47085,73900,129500,84000,5870,2130,17000,19750,19250,5590,26250
2021-05-13,3850,48700,7460,6100,14900,5400,26900,10850,33850,45214,71900,121000,83800,5860,2105,17400,18350,19250,5010,26250
2021-05-14,3725,48600,7300,5720,14550,4980,26600,10800,34350,45760,73400,115000,83800,5920,2060,16800,17400,19300,4700,26200
2021-05-17,3645,49200,7270,5420,14850,4425,25000,10600,33700,46228,72000,111500,83600,5950,2070,16150,14900,18850,4895,27200
2021-05-18,3665,50200,7560,5520,15000,4295,25600,10700,35850,46695,69800,119500,85700,6400,2060,16350,15250,19500,4735,26900
2021-05-20,3665,51200,7540,5500,14550,4170,25100,10650,35400,46150,67800,113000,85800,6160,2035,16050,14400,20000,4555,27100
2021-05-21,3485,51000,7380,5370,14300,4220,24400,10700,34750,45370,65200,111500,86000,6160,1925,15500,14500,19300,4450,27000
2021-05-24,3370,51800,7190,5430,14000,4075,24100,10350,33900,43811,64900,110000,86300,5940,1900,15600,13700,18800,4630,26400
2021-05-25,3345,52600,7160,5430,14200,4220,24350,10300,34200,45058,64800,111000,86900,6060,1915,15450,13950,19350,4695,26400
2021-05-26,3325,53400,7200,5550,14300,4320,24150,10250,34250,46462,65000,108500,87800,6090,1965,15900,14100,19350,4655,25600
2021-05-27,3335,53800,7100,5720,14400,4185,24750,10550,34950,49580,64200,112000,87800,6220,2030,15600,14450,19750,4730,25450
2021-05-28,3350,53800,7170,5660,14650,4190,24550,10450,34700,49814,65000,114500,88200,6340,2040,15650,14500,20150,4840,25600
2021-05-31,3350,55200,7170,5650,15650,4205,24700,10500,34700,49736,65500,115000,88800,6270,2090,15500,14450,21000,4955,25600
2021-06-01,3430,55800,7220,5600,15400,4260,24400,10550,34350,50048,65700,113500,89800,6430,2105,15500,14850,20950,4840,25650
2021-06-02,3450,57400,7260,5680,15600,4130,25000,10750,36750,53711,66300,113000,89800,6880,2205,16100,14800,21400,4710,26350
2021-06-03,3430,57200,7280,5640,15200,4130,25000,10700,36650,55349,66200,113000,90000,6740,2165,18300,14800,20850,4810,26400
2021-06-04,3450,55800,7290,5650,15250,4115,25050,10600,36900,55426,66200,114000,89400,6550,2165,18000,15000,20300,4630,26400
2021-06-07,3445,59100,7280,5610,15850,4070,25100,10600,38500,57219,66700,111500,87300,6720,2175,17250,14850,20850,4395,26100
2021-06-08,3365,60200,7450,5770,16600,4010,25350,10900,38650,55972,67000,111000,85100,6570,2200,17000,14450,20550,4315,25850
2021-06-09,3370,58800,7360,5620,16150,4015,24850,10600,36850,53945,67300,109000,86700,6680,2175,17200,14000,20350,4355,25800
2021-06-10,3480,58900,7260,5480,16200,4025,24900,10400,36600,55115,67300,112000,86500,6710,2145,16650,13950,20200,4335,25300
2021-06-11,3435,59700,7410,5620,16350,4160,25000,10450,36150,56362,65500,112000,86400,6950,2140,16700,14450,20300,4400,25500
2021-06-14,3385,58300,7420,5620,16450,4170,24850,10600,36450,55972,65300,111500,86200,6980,2100,16600,14550,20400,4490,25950
2021-06-15,3395,56800,7530,5580,16950,4170,24750,10550,36900,55349,65300,109000,85800,6880,2175,16650,14300,20650,4415,26000
2021-06-16,3485,56900,7600,5740,17350,4215,24750,10500,37000,55115,65900,109000,85500,6850,2150,16800,14350,20350,4400,26250
2021-06-17,3400,57200,7490,5760,17350,4265,24600,10400,36900,54569,67100,109500,86200,6820,2130,16650,14450,20100,4345,26100
2021-06-18,3370,57000,7500,5720,16950,4120,24400,10300,36200,54413,67000,107500,85500,6700,2120,16650,14200,19050,4185,25950
2021-06-21,3300,55100,7310,5550,16650,4165,24450,10150,35250,53166,66000,103000,83600,7080,2100,16200,13650,20450,4145,25200
2021-06-22,3335,55500,7350,5560,16600,4150,24900,10200,35750,52542,66300,108000,83100,7300,2135,16150,14350,21600,4225,25600
2021-06-23,3295,54000,7230,5570,16650,4155,25000,9990,35100,52308,66500,107000,81700,6950,2075,15800,14050,20800,4155,25550
2021-06-24,3345,53100,7230,5610,16400,4120,25000,10100,35500,51451,66700,109000,83400,7050,2075,16000,14650,20850,4235,25700
2021-06-25,3360,54000,7240,5610,16800,4115,25450,10400,35600,52230,67200,109000,83000,6980,2075,16150,14650,20450,4495,25750
2021-06-28,3475,56500,7350,5720,16900,4065,26450,10600,36300,53010,69700,113500,84500,7100,2090,16550,14900,20800,4665,26550
2021-06-29,3445,56500,7260,5600,16850,4070,25850,10550,36000,55037,69200,112000,85400,6990,2080,16100,14350,20450,4535,27100
2021-06-30,3540,56100,7240,5610,16850,4115,26000,10500,36050,54335,68800,112500,86400,7260,2080,16050,14200,20350,4450,28600
2021-07-01,3440,56600,7160,5580,16400,4250,25750,10450,36300,54101,68500,111500,86900,7250,2135,16000,14400,20000,4400,28250
2021-07-02,3395,57200,7180,5560,16200,4240,26050,10750,36900,54101,68000,110500,86000,7180,2205,15950,14400,19650,4385,27800
2021-07-05,3360,56800,7180,5500,16000,4165,25900,10800,36650,54101,68100,111000,86200,7050,2245,15950,14350,19550,4310,27600
2021-07-06,3360,57600,7140,5620,15950,4110,26100,10700,36550,54179,68000,110000,86800,7000,2235,16400,14400,19500,4320,27500
2021-07-07,3330,57300,7040,5550,15700,4120,25600,10600,36000,53166,67400,109500,84800,6930,2215,16100,14300,19300,4270,28600
2021-07-08,3270,56000,6900,5500,15800,4300,25600,10250,35750,51217,66000,107500,84800,6760,2185,15850,14250,19250,4300,27300
2021-07-09,3195,55400,6720,5410,15500,4150,25000,10100,35200,50437,64000,105000,83400,6670,2160,15350,13800,18800,4155,29900
2021-07-12,3230,56000,6980,5440,15900,4175,25350,10350,35650,51451,64400,107500,83900,6690,2210,15500,14050,19000,4345,30650
2021-07-13,3235,56400,6980,5490,16100,4260,25600,10750,36100,53556,65000,109000,83800,6730,2240,15650,14250,19450,4290,30000
2021-07-14,3230,56700,6960,5420,16050,4260,25250,10700,35400,52620,65300,106500,85400,6700,2210,15650,14000,19350,4140,31350
2021-07-15,3225,56700,6990,5420,16250,4260,25400,10700,35350,52464,65700,108500,85600,6760,2180,15550,13950,19450,4220,31350
2021-07-16,3250,56400,6980,5430,16250,4180,25350,10700,35200,54413,65900,107500,84900,6820,2170,15500,14100,19300,4125,31450
2021-07-19,3215,55400,6870,5370,15850,4160,24800,10450,34850,53322,65400,103500,84200,6720,2140,15300,13750,19000,4035,30300
2021-07-20,3185,55300,6790,5360,15600,4400,24400,10400,33950,52386,64900,101500,83300,6530,2160,14950,13450,18700,3945,29650
2021-07-21,3160,55000,6880,5610,15850,4350,24450,10300,34100,52620,64400,100500,83000,6400,2130,14750,13150,18700,3870,29700
2021-07-22,3185,55500,6950,5790,16050,4225,24200,10300,33400,55193,64000,104000,83400,6380,2140,15000,13450,18750,3925,29200
2021-07-23,3185,55200,7000,5740,16850,4265,24500,10300,33200,55894,64700,105000,83300,6540,2155,15050,13900,18750,4080,29250
2021-07-26,3180,55000,6980,5630,16350,4380,24250,10050,32950,55582,65400,101500,82000,6470,2120,15200,13600,18500,4045,29000
2021-07-27,3225,55300,6990,5540,16300,4425,24400,10200,33600,60805,65300,104000,83200,6340,2140,15250,14000,18600,4170,28550
2021-07-28,3200,55100,6920,5420,16100,4270,23900,10100,33600,58934,64600,103000,83600,6440,2155,15000,13950,18500,4115,28350
2021-07-29,3200,55800,6930,5300,16150,4410,23700,10350,33500,58934,65100,103500,83100,6450,2150,15100,14250,18500,4050,28750
2021-07-30,3120,55900,6800,5370,15800,4545,23000,10200,32700,57687,64000,106000,83200,6390,2195,14800,14150,18450,4260,27950
2021-08-02,3180,55500,6800,5310,16450,4700,23050,10450,32500,56284,63400,103500,81600,6330,2165,14550,14000,18250,4660,27900
2021-08-03,3105,55600,6790,5410,16400,4515,23150,10300,32400,55271,63500,101000,80400,6390,2140,14400,13500,17900,4390,28100
2021-08-04,3135,55300,6890,5480,16900,4665,24250,10400,32650,58233,63500,102000,80400,6330,2160,14700,13750,18150,4300,28350
2021-08-05,3190,55400,6930,5450,16950,4670,24350,11550,33250,57687,65200,101000,81900,6510,2185,14750,13800,18450,4245,29700
2021-08-06,3160,55500,6930,5500,16700,4670,23900,12000,32750,57375,64200,101000,80800,6450,2260,14600,14000,18250,4150,29000
2021-08-09,3130,55800,6940,5430,16850,4590,23700,12300,32050,56050,64000,99900,80800,6320,2170,14350,13750,17750,4015,28500
2021-08-10,3095,55800,6850,5440,16800,4515,23100,11900,31900,55426,64600,99000,80500,6440,2115,14250,13400,17500,4000,28000
2021-08-11,3070,55900,6920,5430,16900,4440,23000,11700,32250,54803,64500,100500,80200,6340,2115,14000,13500,17400,4005,27950
2021-08-12,3040,56000,6980,5410,17250,4290,23050,11400,32400,55894,64400,101500,79800,6490,2105,13900,13700,17500,3930,28500
2021-08-13,2970,55500,6850,5430,16750,4365,22200,11150,31700,55816,64500,99200,79800,6350,2065,13800,13650,17300,3900,27450
2021-08-17,2975,55700,6790,5430,16750,4635,21150,10550,31500,53789,63800,100000,81000,6190,2000,13100,13650,16750,3750,26150
2021-08-18,2980,56200,6810,5430,17450,4745,21550,10850,33400,54569,62400,106000,80600,6240,2045,13450,14500,18600,4000,26800
2021-08-19,2890,54900,6500,5310,17850,4615,20450,10100,32450,52308,60300,103500,79600,6230,1945,12700,14200,17350,4020,25450
2021-08-20,2785,53300,6260,5060,17250,4420,19800,9740,31450,50515,58000,99300,76400,6110,1915,12300,13250,17450,3825,25300
2021-08-23,2865,53500,6410,5140,18450,4420,20400,9800,33150,52230,58500,102500,78000,6200,1980,12800,13700,17950,3860,25550
2021-08-24,3000,54200,6620,5310,19150,4535,21450,10550,34500,53789,58900,105500,79400,6290,2030,13200,14600,18400,3970,26350
2021-08-25,3015,54100,6720,5370,19400,4440,21250,10500,34400,53633,58600,105500,79600,6470,2010,13200,14550,18350,3940,26700
2021-08-26,3000,54200,6680,5410,18950,4675,21050,10550,35500,54491,59200,104500,79800,6410,1985,13200,14600,18250,3885,27150
2021-08-27,3000,54300,6740,5410,18950,4675,21100,10650,36050,53478,59200,105500,79100,6410,1990,13300,14800,18250,3870,27300
2021-08-30,3000,54300,6740,5380,18800,4740,22050,11500,39300,54257,60400,107500,78000,6390,2050,13550,15000,18500,3975,26800
2021-08-31,2995,55500,6750,5400,19000,4670,22200,11600,41250,56284,60500,110500,78200,6390,2050,13300,16850,18400,4015,26450
2021-09-01,3065,55700,6800,5460,19150,4800,22650,11650,43300,58779,60900,116000,78100,6400,2070,13400,17300,18700,4070,27000
2021-09-02,3055,55300,6840,5670,19850,4810,22450,11400,43200,58779,60600,114500,78200,6270,2065,13300,17400,18600,4130,27300
2021-09-03,3075,55000,6860,5770,19250,4800,22250,11300,42600,57999,60400,116500,79500,6340,2050,13350,17500,18750,4150,27800
2021-09-06,3075,56300,6880,5920,19000,4810,22500,11750,42400,57142,61000,118000,79600,6980,2055,13550,17200,18500,4100,27550
2021-09-07,3075,57800,6830,5870,18850,4870,22400,11800,41900,56596,60500,117500,79700,7250,2035,13600,17850,18350,4170,27600
2021-09-08,3050,57900,6880,5930,18600,4725,22850,12050,41850,56206,60600,122000,79500,7000,2015,13400,18900,18400,4220,27350
2021-09-09,3200,58100,6820,6280,18800,4815,22700,11800,40650,55816,61100,120500,78700,8110,2045,13100,18450,18500,4220,26900
2021-09-10,3400,62700,6840,6630,19150,4930,22550,11700,41600,56050,60900,118000,78600,8750,2090,13000,18850,18750,4120,26850
2021-09-13,3410,63500,6800,6660,18600,5470,22200,12000,41000,55271,61300,116500,78000,8810,2030,12700,18300,18600,4160,27450
2021-09-14,3325,64200,6830,6920,18600,5370,22650,12000,41250,54959,62100,117000,78400,8770,2040,12800,17550,18700,4085,27450
2021-09-15,3240,63900,6830,6830,18650,5170,22650,12000,41850,55582,61700,116500,78700,8710,2045,12750,16900,18700,4150,27550
2021-09-16,3310,65200,6820,6810,18550,5050,22400,11800,40700,55504,62200,126000,81000,9540,2040,14250,18950,18500,4100,27550
2021-09-17,3395,64000,6720,6760,18650,4955,22600,12000,40950,55504,61400,124000,79500,9140,2020,13200,17800,18300,4100,27550
2021-09-23,3285,61500,6670,6710,18700,4700,21700,11300,39500,54959,61600,120500,80100,8680,1975,12650,17400,18200,4045,26750
2021-09-24,3290,60300,6680,6780,18950,4820,21300,11200,39000,54647,61900,121000,79600,8600,1980,12550,17700,18300,4055,26650
2021-09-27,3340,60000,6680,6930,19050,4850,20850,11050,39350,54725,62100,119000,80800,8230,1945,13550,17600,18300,3940,27600
2021-09-28,3265,60600,6600,7050,18550,4755,20300,10900,38850,54257,62400,113500,80900,10650,1900,13800,17050,18200,3770,26850
2021-09-29,3375,60600,6580,7050,18450,4630,20200,10750,38550,54179,62000,109500,79800,11350,1870,14150,16450,18000,3690,26650
2021-09-30,3260,59300,6680,6990,18550,4540,20500,10900,39100,54413,61300,115000,79200,11400,1870,13600,17200,17900,3750,26800
2021-10-01,3090,57000,6530,6960,18200,4350,20000,10400,37450,52542,60800,112000,77500,10600,1825,13300,16950,17650,3625,26500
2021-10-05,3115,55000,6390,7190,17800,4160,19900,10300,37150,51451,59300,108000,79900,11050,1760,13300,16150,17700,3465,25700
2021-10-06,3005,53400,6310,7760,17200,3985,19050,10050,35300,51217,59600,104000,79100,11300,1730,12750,15300,17450,3280,25050
2021-10-07,3055,53700,6430,7690,17350,4165,20100,10400,37600,52542,60500,105500,79100,10650,1815,12800,15750,17750,3475,25950
2021-10-08,3050,53200,6480,7740,17500,4215,19900,10200,38100,52542,60500,102000,78600,11350,1850,12700,15450,17650,3460,26350
2021-10-12,3095,54500,6550,7780,17400,4160,19450,10000,38100,51996,59600,103000,78600,12050,1800,13200,15700,17450,3405,25550
2021-10-13,3155,55000,6690,7330,17350,4220,19700,10200,38700,52932,59200,107500,78600,11600,1855,13400,16300,17600,3530,25850
2021-10-14,3210,55100,6790,7220,17400,4320,20000,10350,38250,54725,59900,112500,78400,12000,1870,13400,16600,18300,3630,26250
2021-10-15,3315,56500,6950,7330,17900,4800,20050,10550,38450,54569,60000,112000,78400,12850,1935,13550,16450,18250,3665,25950
2021-10-18,3450,56900,7070,7490,17900,4680,19950,10500,38450,54569,59400,110500,78600,11900,1920,13800,16200,18450,3630,26000
2021-10-19,3455,55900,7170,7510,18250,4625,19900,10300,37750,54335,60200,108000,78600,11600,1900,13350,16400,18650,3660,25800
2021-10-20,3575,55900,7230,7520,18150,4635,19900,10200,37200,54725,59100,105000,78600,11250,1880,13200,15850,18500,3620,25800
2021-10-21,3515,55000,7290,7500,18000,4615,19650,10250,36800,54257,59200,104000,78500,11100,1860,12950,15450,19050,3535,25400
2021-10-22,3455,54500,7270,7170,18200,4570,19500,10200,36300,54257,58900,107000,78600,10350,1860,12750,15150,19050,3450,26450
2021-10-25,3510,55600,7250,7050,18450,4575,19600,10150,36200,54413,58400,107000,77900,10250,1865,12950,15550,19250,3540,26450
2021-10-26,3440,54800,7240,7120,18500,4575,19700,10250,36650,55349,59000,106500,78500,10600,1930,13000,15450,19100,3525,26300
2021-10-27,3390,54200,7280,6950,18350,4480,19700,10150,36250,53789,58600,105500,78600,10300,1900,12900,15500,19100,3670,26200
2021-10-28,3275,53200,7130,6960,17700,4480,19350,10000,35700,53945,58300,104000,80300,9780,1860,12900,15050,18600,3610,25800
2021-10-29,3300,52400,7060,6850,17800,4435,19050,9980,35700,54023,57700,103000,79300,9600,1840,12850,15000,18300,3525,25800
2021-11-01,3260,53100,7030,6850,17700,4300,18900,10050,35500,54101,58200,103000,78800,9430,1845,12800,14100,18650,3520,25750
2021-11-02,3295,53700,7020,6830,17750,4440,19200,10100,35350,54023,58700,102000,80300,9440,1875,12800,14150,18950,3570,25900
2021-11-03,3295,53100,7090,6700,17700,4410,19000,9950,35050,54179,58700,100000,79500,8940,1830,12750,14000,18900,3500,25850
2021-11-04,3325,52800,7000,6760,17500,4415,18500,9900,34550,54257,58700,98500,80500,8930,1815,12650,13800,18850,3490,25600
2021-11-05,3310,51500,6960,6830,16950,4340,18350,9720,36800,54023,58500,97300,79700,8720,1800,12450,13950,19100,3385,25250
2021-11-08,3440,52000,7000,7000,16000,4250,19400,9920,40200,54023,58500,95600,79600,8810,1845,12400,14000,19100,3385,25250
2021-11-09,3385,51700,6960,6980,16350,4250,19250,9910,38300,54101,58500,95500,79800,8670,1825,12400,14000,18900,3370,25300
2021-11-10,3300,50000,6870,6920,15950,4170,18700,9650,36750,54101,57700,92700,79400,8340,1780,11950,13600,18900,3255,24950
2021-11-11,3325,50700,6760,6850,15950,4110,18950,9350,38450,53711,57100,93300,79400,8220,1770,11950,13500,19200,3210,24700
2021-11-12,3365,51100,6930,7200,16350,4440,19100,9530,38450,53711,56900,100000,81100,8450,1805,12050,14400,19650,3280,25150
2021-11-15,3290,51400,6980,7110,15950,4400,18850,9560,37650,54413,57300,99100,82100,8370,1805,12100,15200,19300,3505,25650
2021-11-16,3325,50500,7090,7120,15600,4465,17550,9450,36700,54413,56000,98500,82100,8420,1795,12100,14850,19450,3405,25500
2021-11-17,3280,49850,7000,6900,15700,4515,17100,9250,36050,54491,56100,97800,82000,8120,1780,11750,14500,19000,3535,25100
2021-11-18,3310,49350,6980,6720,15900,4525,17050,9040,36850,55037,55300,97400,81800,8220,1765,11700,14300,18700,3550,24750
2021-11-19,3310,48850,6960,6890,16100,4495,17200,8960,36100,54413,55000,96200,82000,8050,1750,11500,14150,18600,3670,25000
2021-11-22,3290,48500,6980,6970,15750,4450,17450,8830,36100,54491,54500,98500,81400,8110,1730,11300,14800,18650,3570,25250
2021-11-23,3260,48900,7070,7390,15600,4325,17250,8950,35450,54179,54600,99300,82000,8060,1715,11350,15150,18750,3575,25950
2021-11-24,3345,49350,7130,7490,15700,4320,17300,8930,35800,54569,54700,98600,81600,8050,1710,11200,14800,18550,3420,25900
2021-11-25,3305,49250,7080,7300,15650,4350,16800,8900,35450,54101,54700,98400,82000,7930,1675,11350,14900,18500,3480,25850
2021-11-26,3300,48150,6890,6930,15150,4380,16500,8590,34700,53711,54500,97500,80700,7800,1615,10950,14150,17800,3320,25200
2021-11-29,3220,46950,6750,6900,14850,4300,16000,8300,33800,53945,54100,93800,80500,7600,1575,10600,13750,17300,3170,25050
2021-11-30,3155,44650,6520,6640,14500,4265,14950,7970,31850,52854,52000,92000,77300,7360,1510,10250,13300,16750,3030,24150
2021-12-01,3160,45900,6630,6700,14650,4240,15400,8110,32900,54257,53100,95000,78300,7490,1535,10550,13700,16900,3070,24900
2021-12-02,3125,46700,6740,6830,14900,4365,16000,8400,33950,54569,54000,95400,78700,7550,1595,10750,14750,17150,3180,25200
2021-12-03,3120,47400,6880,6930,15300,4405,16350,8520,34350,55504,54700,97600,79300,7600,1620,11000,14950,17500,3250,25500
2021-12-06,3100,48450,6980,6860,15650,4430,16500,8680,34400,57921,54900,97500,79700,7620,1635,11250,15100,17600,3290,25550
2021-12-07,3070,48200,7020,6810,15750,4400,16700,8660,34550,57687,55000,98200,79000,7630,1655,11200,14850,17700,3325,25550
2021-12-08,3035,47550,6960,6810,15900,4380,16300,8570,34150,57687,55100,98100,79500,7660,1655,11150,14500,17550,3355,25350
2021-12-09,3085,47800,7010,6920,15900,4410,16200,8630,34700,57609,55200,98900,79900,7790,1670,11200,14650,17750,3395,25450
2021-12-10,3130,48500,6920,7100,15750,4515,16150,8500,35350,58077,54300,97600,80000,7470,1665,11250,14400,17700,3340,25500
2021-12-13,3135,48300,6940,7050,16000,4500,15600,8630,35000,59792,54200,98300,79500,7550,1670,11200,14300,17450,3330,25500
2021-12-14,3100,48300,6910,7450,16100,4505,15800,8570,34800,60416,54500,98500,79900,7740,1665,11100,14250,17400,3520,25450
2021-12-15,3100,47950,6900,7300,16050,4400,15450,8530,34150,61429,55200,97600,79800,7460,1660,11050,14100,17400,3445,25450
2021-12-16,3105,47900,6860,7080,16000,4410,15550,8480,33750,61273,55200,97200,79800,7380,1640,11100,14000,17300,3475,25450
2021-12-17,3100,48800,6970,7270,16200,4380,15750,8530,34050,61585,55500,98500,79700,7800,1675,11100,14350,17300,3530,25400
2021-12-20,3055,48100,6810,6970,16250,4285,15350,8180,33400,61741,54900,99200,79600,7570,1645,10900,13900,16950,3440,24900
2021-12-21,3015,48200,6790,6950,16300,4285,15450,8350,33350,62988,54700,96800,79200,7930,1640,10850,13900,16800,3280,24800
2021-12-22,3010,48500,6790,6880,16300,4285,15650,8320,33200,63144,55000,97500,79500,10200,1630,11100,13900,16950,3330,24800
2021-12-23,3020,49000,6780,6850,16400,4250,15800,8270,33000,61819,54900,96900,79100,9600,1625,11150,13950,17150,3435,24800
2021-12-24,3030,49450,6790,6870,16550,4265,16200,8300,33450,62209,54900,97100,79900,9250,1640,11500,14100,17150,3455,25150
2021-12-27,3005,49500,6760,6930,16550,4295,16200,8310,33550,61975,54700,96600,80100,8510,1655,11300,14100,17250,3510,25050
2021-12-28,3060,50000,6770,6980,16600,4525,16100,8330,33550,63300,55100,96700,79900,9560,1660,11400,14050,17500,3485,25500
2021-12-29,3015,47800,6530,6710,15550,4510,15950,8250,33050,62200,53700,96200,79500,9400,1650,11400,14250,17150,3455,25600
2021-12-30,3020,48200,6580,6600,15700,4570,15700,8190,32600,62000,53600,95600,79000,9150,1660,11300,14550,17250,3490,25500
